,Bank,In_Strength,Out_Strength,Betweenness,Katz,PageRank
BANCO SANTANDER,BANCO SANTANDER,0,14387153784,0,0,0.000194254134953484
BAYERNLB,BAYERNLB,0,362827415,0,0,0.000194254134953484
CIBC,CIBC,0,1549668065,0,0,0.000194254134953484
DEUTSCHE BANK,DEUTSCHE BANK,0,31423812826,0,0,0.000194254134953484
LLOYDS BANK,LLOYDS BANK,0,5566184558,0,0,0.000194254134953484
MIZUHO,MIZUHO,270288156,43205555082,9642,0,0.000256462291345304
SHIMIZU BANK,SHIMIZU BANK,0,2852716,0,0,0.000194254134953484
HOKKAIDO BANK,HOKKAIDO BANK,0,21420491,0,0,0.000194254134953484
NORTH PACIFIC BANK,NORTH PACIFIC BANK,0,13521187,0,0,0.000194254134953484
BANK OF AMERICA,BANK OF AMERICA,0,61103942660,0,0,0.000194254134953484
TD BANKNORTH,TD BANKNORTH,0,1.25e+08,0,0,0.000194254134953484
WACHOVIA BANK,WACHOVIA BANK,0,1.25e+08,0,0,0.000194254134953484
WELLS FARGO,WELLS FARGO,0,32711577274,0,0,0.000194254134953484
ABN AMRO BANK,ABN AMRO BANK,0,3036806837,0,0,0.000194254134953484
BANK OF IRELAND,BANK OF IRELAND,0,1491806843,0,0,0.000194254134953484
BANK OF NOVA SCOTIA,BANK OF NOVA SCOTIA,0,13217057762,0,0,0.000194254134953484
BAYERISCHE LANDESBANK GZ,BAYERISCHE LANDESBANK GZ,0,857744888,0,0,0.000194254134953484
COMMONWEALTH BANK OF AUSTRALIA,COMMONWEALTH BANK OF AUSTRALIA,2.5e+08,12647245464,49,0,0.000198258760446141
ING BANK,ING BANK,0,20271714461,0,0,0.000194254134953484
NATIONAL AUSTRALIA BANK,NATIONAL AUSTRALIA BANK,0,10307831220,0,0,0.000194254134953484
SOCIETE GENERALE,SOCIETE GENERALE,0,20886419519,0,0,0.000194254134953484
HANA BANK,HANA BANK,0,102929786,0,0,0.000194254134953484
KWANGJU BANK,KWANGJU BANK,0,1901502,0,0,0.000194254134953484
PUBLIC OFFICAL PUBLIC ASSOCIATION,PUBLIC OFFICAL PUBLIC ASSOCIATION,0,1901502,0,0,0.000194254134953484
JAPAN BANK FOR INTERNATIONAL COOPERATION,JAPAN BANK FOR INTERNATIONAL COOPERATION,0,3882293093,0,0,0.000194254134953484
-OPERATIVE GROUP,-OPERATIVE GROUP,0,29192764,0,0,0.000194254134953484
BANCA MONTE DEI PASCHI DI SIENA,BANCA MONTE DEI PASCHI DI SIENA,0,36473510,0,0,0.000194254134953484
IIB BANK,IIB BANK,0,29192764,0,0,0.000194254134953484
IKB DEUTSCHE INDUSTRIEBANK,IKB DEUTSCHE INDUSTRIEBANK,0,51916896,0,0,0.000194254134953484
KBC BANK,KBC BANK,0,614295038,0,0,0.000194254134953484
BANK NEDERLANDSE GEMEENTEN,BANK NEDERLANDSE GEMEENTEN,0,129361682,0,0,0.000194254134953484
BNP PARIBAS,BNP PARIBAS,0,35545616579,0,0,0.000194254134953484
SG CORPORATE & INVESTMENT,SG CORPORATE & INVESTMENT,0,129361682,0,0,0.000194254134953484
BPCE,BPCE,0,13931036090,0,0,0.000194254134953484
DEPFA BANK,DEPFA BANK,0,51043262,0,0,0.000194254134953484
DEXIA CREDIT LOCAL,DEXIA CREDIT LOCAL,0,51043262,0,0,0.000194254134953484
SMBC,SMBC,1118622958,51298226036,60445,0,0.00221345368587265
NORDLB GROUP,NORDLB GROUP,0,479228663,0,0,0.000194254134953484
CREDITO VALTELLINESE SCARL,CREDITO VALTELLINESE SCARL,0,27778646,0,0,0.000194254134953484
UNICREDIT GROUP (HVB),UNICREDIT GROUP (HVB),0,27778646,0,0,0.000194254134953484
KOREA FOUNDATION FOR PRIVATE SCHOOL,KOREA FOUNDATION FOR PRIVATE SCHOOL,0,2001019,0,0,0.000194254134953484
WOORI BANK,WOORI BANK,0,718301957,0,0,0.000194254134953484
CITI,CITI,3615047783,41308133214,18363,0.0842740869790249,0.000575809922832682
MUFG,MUFG,291951117,44777202678,6694,0,0.000726322851805104
BBVA,BBVA,0,7232381654,0,0,0.000194254134953484
HSBC,HSBC,2064444451,36938433047,25236,0,0.000575380636691274
CREDIT AGRICOLE,CREDIT AGRICOLE,229999998,25811336786,2751,0,0.000244412475361706
DEVELOPMENT BANK OF JAPAN,DEVELOPMENT BANK OF JAPAN,0,927130254,0,0,0.000194254134953484
BANK OF THE PHILIPPINE,BANK OF THE PHILIPPINE,658000002,156932725,245,0,0.000380788855444382
BPI CAPITAL,BPI CAPITAL,0,16639841,0,0,0.000194254134953484
CHINA,CHINA,0,76639841,0,0,0.000194254134953484
EAST WEST BANK,EAST WEST BANK,0,1266552024,0,0,0.000194254134953484
FIRST METRO INVESTMENT,FIRST METRO INVESTMENT,0,16639841,0,0,0.000194254134953484
LAND BANK OF THE PHILIPPINES,LAND BANK OF THE PHILIPPINES,0,16639841,0,0,0.000194254134953484
PHILIPPINE AMERICAN LIFE & GENERAL INSURANCE,PHILIPPINE AMERICAN LIFE & GENERAL INSURANCE,0,7662778,0,0,0.000194254134953484
RCBC CAPITAL,RCBC CAPITAL,0,16639841,0,0,0.000194254134953484
RIZAL COMMERCIAL,RIZAL COMMERCIAL,0,7662778,0,0,0.000194254134953484
UNION BANK OF THE PHILIPPINES,UNION BANK OF THE PHILIPPINES,0,16639841,0,0,0.000194254134953484
UNITED COCONUT PLANTERS BANK,UNITED COCONUT PLANTERS BANK,0,16639841,0,0,0.000194254134953484
OBIHIRO SHINKIN BANK,OBIHIRO SHINKIN BANK,0,17777707,0,0,0.000194254134953484
SHOKO CHUKIN BANK,SHOKO CHUKIN BANK,0,33192190,0,0,0.000194254134953484
FIRST NIAGARA BANK,FIRST NIAGARA BANK,0,6675000,0,0,0.000194254134953484
LIBERTY BANK,LIBERTY BANK,0,25718798,0,0,0.000194254134953484
PEOPLE'S UNITED BANK,PEOPLE'S UNITED BANK,0,321293611,0,0,0.000194254134953484
WEBSTER BANK,WEBSTER BANK,0,2091538634,0,0,0.000194254134953484
LANDESBANK HESSEN-THURINGEN GZ,LANDESBANK HESSEN-THURINGEN GZ,0,1308796800,0,0,0.000194254134953484
BANCO SABADELL,BANCO SABADELL,0,231765451,0,0,0.000194254134953484
INSTITUTO CATALAN DE FINANZAS,INSTITUTO CATALAN DE FINANZAS,0,11654439,0,0,0.000194254134953484
BANK OF CHINA,BANK OF CHINA,0,47915391118,0,0,0.000194254134953484
BANK OF URUMQI,BANK OF URUMQI,0,447270048,0,0,0.000194254134953484
CHINA DEVELOPMENT BANK,CHINA DEVELOPMENT BANK,386033400,3281070912,843,0,0.000419996005006048
HUA XIA BANK WULUMUQI,HUA XIA BANK WULUMUQI,0,447270048,0,0,0.000194254134953484
SHANGHAI PUDONG DEVELOPMENT,SHANGHAI PUDONG DEVELOPMENT,0,3665420792,0,0,0.000194254134953484
CAIXABANK,CAIXABANK,0,6542004035,0,0,0.000194254134953484
HIROSHIMA BANK,HIROSHIMA BANK,0,117251707,0,0,0.000194254134953484
HYAKUJUSHI BANK,HYAKUJUSHI BANK,0,126255726,0,0,0.000194254134953484
IYO BANK,IYO BANK,0,257401191,0,0,0.000194254134953484
UNION BANK,UNION BANK,0,43171347,0,0,0.000194254134953484
ASAHI MUTUAL LIFE INSURANCE,ASAHI MUTUAL LIFE INSURANCE,0,20376546,0,0,0.000194254134953484
COMMERZBANK,COMMERZBANK,0,5359685016,0,0,0.000194254134953484
KFW IPEX-BANK,KFW IPEX-BANK,0,2451876793,0,0,0.000194254134953484
MACQUARIE GROUP,MACQUARIE GROUP,3e+08,180871019,79,0,0.000346491620224066
AGRICULTURAL BANK OF TAIWAN,AGRICULTURAL BANK OF TAIWAN,0,344734394,0,0,0.000194254134953484
CHANG HWA COMMERCIAL BANK,CHANG HWA COMMERCIAL BANK,0,2276600329,0,0,0.000194254134953484
CTBC BANK,CTBC BANK,0,3246197214,0,0,0.000194254134953484
FARGLORY LIFE INSURANCE,FARGLORY LIFE INSURANCE,0,15445353,0,0,0.000194254134953484
HUA NAN COMMERCIAL BANK,HUA NAN COMMERCIAL BANK,0,3925136712,0,0,0.000194254134953484
JIH SUN INTERNATIONAL BANK,JIH SUN INTERNATIONAL BANK,0,31598151,0,0,0.000194254134953484
KAOHSIUNG BUSINESS BANK,KAOHSIUNG BUSINESS BANK,0,15445353,0,0,0.000194254134953484
LAND BANK OF TAIWAN,LAND BANK OF TAIWAN,0,1707832557,0,0,0.000194254134953484
MEGA INTERNATIONAL COMMERCIAL BANK,MEGA INTERNATIONAL COMMERCIAL BANK,0,3577521382,0,0,0.000194254134953484
SINOPAC BANK,SINOPAC BANK,0,38752165,0,0,0.000194254134953484
TAICHUNG COMMERCIAL BANK,TAICHUNG COMMERCIAL BANK,0,445340321,0,0,0.000194254134953484
TAIWAN BUSINESS BANK,TAIWAN BUSINESS BANK,0,2306907583,0,0,0.000194254134953484
TAIWAN COOPERATIVE BANK,TAIWAN COOPERATIVE BANK,0,2553606338,0,0,0.000194254134953484
TAIWAN LIFE INSURANCE,TAIWAN LIFE INSURANCE,0,82170058,0,0,0.000194254134953484
ICB CHINA,ICB CHINA,0,17407660350,0,0,0.000194254134953484
FIRST COMMONWEALTH BANK,FIRST COMMONWEALTH BANK,0,116096468,0,0,0.000194254134953484
FIRST NATIONAL BANK,FIRST NATIONAL BANK,0,155843182,0,0,0.000194254134953484
DNB ASA,DNB ASA,0,442516551,0,0,0.000194254134953484
LAURENTIAN BANK OF CANADA,LAURENTIAN BANK OF CANADA,0,283937409,0,0,0.000194254134953484
SIEMENS BANK,SIEMENS BANK,0,1607628910,0,0,0.000194254134953484
KEIYO BANK,KEIYO BANK,0,74883149,0,0,0.000194254134953484
DAIDO LIFE INSURANCE,DAIDO LIFE INSURANCE,0,461666184,0,0,0.000194254134953484
YAMANASHI CHUO BANK,YAMANASHI CHUO BANK,0,89691823,0,0,0.000194254134953484
LA BANQUE POSTALE,LA BANQUE POSTALE,0,1351584516,0,0,0.000194254134953484
BANCO PORTUGUES DE INVESTIMENTO,BANCO PORTUGUES DE INVESTIMENTO,0,22334921,0,0,0.000194254134953484
AMAGASAKI SHINKIN BANK,AMAGASAKI SHINKIN BANK,0,39640909,0,0,0.000194254134953484
KAWASAKI SHINKIN BANK,KAWASAKI SHINKIN BANK,0,23237789,0,0,0.000194254134953484
AB CHINA,AB CHINA,0,13251583043,0,0,0.000194254134953484
BANK OF COMMUNICATIONS,BANK OF COMMUNICATIONS,0,10541323804,0,0,0.000194254134953484
CHINA CONSTRUCTION BANK,CHINA CONSTRUCTION BANK,0,10857329656,0,0,0.000194254134953484
CHINA MERCHANTS BANK,CHINA MERCHANTS BANK,0,2844474694,0,0,0.000194254134953484
BANK OF NANJING,BANK OF NANJING,0,546951373,0,0,0.000194254134953484
KINKI OSAKA BANK,KINKI OSAKA BANK,0,28527165,0,0,0.000194254134953484
MACQUARIE INFRASTRUCTURE DEBT INVESTMENT SOLUTIONS,MACQUARIE INFRASTRUCTURE DEBT INVESTMENT SOLUTIONS,0,171257195,0,0,0.000194254134953484
ASAHI SHINKIN BANK,ASAHI SHINKIN BANK,0,18787960,0,0,0.000194254134953484
ASHIKAGA BANK,ASHIKAGA BANK,0,208922979,0,0,0.000194254134953484
HIGASHI-NIPPON BANK,HIGASHI-NIPPON BANK,0,33570513,0,0,0.000194254134953484
JOYO BANK,JOYO BANK,0,465619277,0,0,0.000194254134953484
JYOHOKU SHINKIN BANK,JYOHOKU SHINKIN BANK,0,6257253,0,0,0.000194254134953484
KIRABOSHI BANK,KIRABOSHI BANK,0,58989791,0,0,0.000194254134953484
RESONA BANK,RESONA BANK,0,320001764,0,0,0.000194254134953484
TOCHIGI BANK,TOCHIGI BANK,0,74856703,0,0,0.000194254134953484
TSUKUBA BANK,TSUKUBA BANK,0,91804846,0,0,0.000194254134953484
JIANGSU ZIJIN RURAL COMMERCIAL BANK,JIANGSU ZIJIN RURAL COMMERCIAL BANK,0,100389437,0,0,0.000194254134953484
BANCO DE SABADELL,BANCO DE SABADELL,0,1755142713,0,0,0.000194254134953484
CREDIT INDUSTRIEL ET COMMERCIAL NEW YORK,CREDIT INDUSTRIEL ET COMMERCIAL NEW YORK,0,103478261,0,0,0.000194254134953484
NEW YORK LIFE CAPITAL,NEW YORK LIFE CAPITAL,0,6e+07,0,0,0.000194254134953484
BANCO NACIONAL DE COMERCIO EXTERIOR SNC,BANCO NACIONAL DE COMERCIO EXTERIOR SNC,373000001,84394422,186,0.0639759966149034,0.000230847984392531
BANCO NACIONAL DE MEXICO,BANCO NACIONAL DE MEXICO,0,68327788,0,0,0.000194254134953484
BANCO NACIONAL DE OBRAS Y SERVICIOS PUBLICOS SNC,BANCO NACIONAL DE OBRAS Y SERVICIOS PUBLICOS SNC,0,68327788,0,0,0.000194254134953484
INTESA SANPAOLO SPA,INTESA SANPAOLO SPA,0,6319619450,0,0,0.000194254134953484
US BANK,US BANK,0,14977968591,0,0,0.000194254134953484
IMI - INTESA SANPAOLO,IMI - INTESA SANPAOLO,0,463402570,0,0,0.000194254134953484
UNICREDIT,UNICREDIT,0,3877847814,0,0,0.000194254134953484
ASSOCIATED BANK,ASSOCIATED BANK,0,1411396513,0,0,0.000194254134953484
DNB MARKETS,DNB MARKETS,0,26899311,0,0,0.000194254134953484
DZ BANK,DZ BANK,0,2824604899,0,0,0.000194254134953484
STANDARD CHARTERED,STANDARD CHARTERED,0,17131981105,0,0,0.000194254134953484
BANK OF JIUJIANG,BANK OF JIUJIANG,0,21758794,0,0,0.000194254134953484
NATIONAL MUTUAL INSURANCE FEDERATION OF AGRICULTURAL COOPERATIVES,NATIONAL MUTUAL INSURANCE FEDERATION OF AGRICULTURAL COOPERATIVES,0,63167294,0,0,0.000194254134953484
AOKI SHINKIN BANK,AOKI SHINKIN BANK,0,10442980,0,0,0.000194254134953484
77 BANK,77 BANK,0,521285462,0,0,0.000194254134953484
HOKKAI SHINKIN,HOKKAI SHINKIN,0,18864334,0,0,0.000194254134953484
UNITED OVERSEAS BANK,UNITED OVERSEAS BANK,0,6310587981,0,0,0.000194254134953484
WESTPAC,WESTPAC,0,9962258830,0,0,0.000194254134953484
BARCLAYS,BARCLAYS,0,27387116985,0,0,0.000194254134953484
CREDIT SUISSE,CREDIT SUISSE,0,12507225629,0,0,0.000194254134953484
UBS,UBS,499999997,12432581289,4590,0.0264145318873028,0.00020356418059737
KITAKYUSHU BANK,KITAKYUSHU BANK,0,16862128,0,0,0.000194254134953484
MIE BANK,MIE BANK,0,26519953,0,0,0.000194254134953484
OITA BANK,OITA BANK,0,29227696,0,0,0.000194254134953484
SAGA BANK,SAGA BANK,0,37310361,0,0,0.000194254134953484
INDUSTRIAL BANK (CHINA),INDUSTRIAL BANK (CHINA),0,676215410,0,0,0.000194254134953484
AICHI BANK,AICHI BANK,0,29369891,0,0,0.000194254134953484
CITIC BANK,CITIC BANK,0,4742454596,0,0,0.000194254134953484
GOLDMAN SACHS,GOLDMAN SACHS,1.685e+09,26780513990,11544,0.0498933586769872,0.000227797148394003
JP MORGAN CHASE,JP MORGAN CHASE,0,53346994876,0,0,0.000194254134953484
NOMURA HOLDINGS,NOMURA HOLDINGS,0,1959009699,0,0,0.000194254134953484
JIANGSU DONGHAI RURAL COMMERCIAL BANK,JIANGSU DONGHAI RURAL COMMERCIAL BANK,0,34814070,0,0,0.000194254134953484
NORDDEUTSCHE LANDESBANK GZ,NORDDEUTSCHE LANDESBANK GZ,0,661568276,0,0,0.000194254134953484
CHINA MINSHENG BANKING,CHINA MINSHENG BANKING,0,3262234313,0,0,0.000194254134953484
BANK OF IWATE,BANK OF IWATE,0,40406743,0,0,0.000194254134953484
DAISHI HOKUETSU BANK,DAISHI HOKUETSU BANK,0,71825801,0,0,0.000194254134953484
MICHINOKU BANK,MICHINOKU BANK,0,17628186,0,0,0.000194254134953484
NIPPON LIFE INSURANCE,NIPPON LIFE INSURANCE,0,659937131,0,0,0.000194254134953484
NTT FINANCE,NTT FINANCE,3696720953,57692539,41,0,0.00129228911210805
SHIZUOKA BANK,SHIZUOKA BANK,0,625901274,0,0,0.000194254134953484
TOHO BANK,TOHO BANK,0,97953387,0,0,0.000194254134953484
ROYAL BANK OF CANADA,ROYAL BANK OF CANADA,0,20157610794,0,0,0.000194254134953484
TORONTO DOMINION BANK,TORONTO DOMINION BANK,0,13352345363,0,0,0.000194254134953484
SHICHIJU SHICHI BANK,SHICHIJU SHICHI BANK,0,57996039,0,0,0.000194254134953484
AOZORA BANK,AOZORA BANK,0,939732991,0,0,0.000194254134953484
BANK OF GUANGZHOU,BANK OF GUANGZHOU,0,69628140,0,0,0.000194254134953484
KOSAN SHINKIN BANK,KOSAN SHINKIN BANK,0,4686606,0,0,0.000194254134953484
CLEAN ENERGY FINANCE,CLEAN ENERGY FINANCE,0,259865299,0,0,0.000194254134953484
BPIFRANCE ASSURANCE EXPORT,BPIFRANCE ASSURANCE EXPORT,0,100581261,0,0,0.000194254134953484
SFIL,SFIL,0,64278043,0,0,0.000194254134953484
BANQUE INTERNATIONALE DE COMMERCE BRED,BANQUE INTERNATIONALE DE COMMERCE BRED,0,47807950,0,0,0.000194254134953484
AKITA BANK,AKITA BANK,0,101965839,0,0,0.000194254134953484
HYAKUGO BANK,HYAKUGO BANK,0,374898391,0,0,0.000194254134953484
JUROKU FINANCIAL GROUP,JUROKU FINANCIAL GROUP,0,3748874,0,0,0.000194254134953484
TAIYO LIFE INSURANCE,TAIYO LIFE INSURANCE,0,50614931,0,0,0.000194254134953484
BANK OF FUKUOKA,BANK OF FUKUOKA,0,10800304,0,0,0.000194254134953484
SUNTRUST BANK,SUNTRUST BANK,0,962141613,0,0,0.000194254134953484
BANK OF UTAH,BANK OF UTAH,0,96569363,0,0,0.000194254134953484
CREDIT INDUSTRIEL ET COMMERCIAL,CREDIT INDUSTRIEL ET COMMERCIAL,0,3089389061,0,0,0.000194254134953484
FIRST MIDWEST BANK,FIRST MIDWEST BANK,0,97504960,0,0,0.000194254134953484
HUNTINGTON NATIONAL BANK,HUNTINGTON NATIONAL BANK,0,2625702771,0,0,0.000194254134953484
MB FINANCIAL BANK,MB FINANCIAL BANK,0,16250000,0,0,0.000194254134953484
ICICI BANK,ICICI BANK,0,111719187,0,0,0.000194254134953484
INDIAN BANK,INDIAN BANK,0,101800539,0,0,0.000194254134953484
KARNATAKA BANK,KARNATAKA BANK,0,17036532,0,0,0.000194254134953484
SAWAYAKA SHINKIN,SAWAYAKA SHINKIN,0,46356643,0,0,0.000194254134953484
TOKYO STAR BANK,TOKYO STAR BANK,0,191590307,0,0,0.000194254134953484
DAI-ICHI LIFE HOLDINGS,DAI-ICHI LIFE HOLDINGS,0,170191194,0,0,0.000194254134953484
SCOTIA BANK,SCOTIA BANK,0,187015206,0,0,0.000194254134953484
NANTO BANK,NANTO BANK,0,167634613,0,0,0.000194254134953484
ORIX BANK,ORIX BANK,0,6539702,0,0,0.000194254134953484
SBI SHINSEI BANK,SBI SHINSEI BANK,0,1717748525,0,0,0.000194254134953484
SHONAI BANK,SHONAI BANK,0,12736446,0,0,0.000194254134953484
AFFIN HWANG CAPITAL,AFFIN HWANG CAPITAL,0,134998507,0,0,0.000194254134953484
CIMB ISLAMIC BANK BHD,CIMB ISLAMIC BANK BHD,0,454639222,0,0,0.000194254134953484
MALAYAN BHD,MALAYAN BHD,0,776737552,0,0,0.000194254134953484
CHUGOKU BANK,CHUGOKU BANK,0,482580621,0,0,0.000194254134953484
CAISSE D'EPARGNE ET DE PREVOYANCE DE RHONE ALPES,CAISSE D'EPARGNE ET DE PREVOYANCE DE RHONE ALPES,0,82992786,0,0,0.000194254134953484
RABOBANK,RABOBANK,0,4445334808,0,0,0.000194254134953484
HONGKONG & SHANGHAI,HONGKONG & SHANGHAI,0,1136084234,0,0,0.000194254134953484
DANSKE BANK A/S,DANSKE BANK A/S,0,1702236191,0,0,0.000194254134953484
MORGAN STANLEY,MORGAN STANLEY,1899999999,27309586389,3214,0,0.000242546487342676
NORDEA BANK OJSC,NORDEA BANK OJSC,0,219003334,0,0,0.000194254134953484
NYKREDIT BANK AS,NYKREDIT BANK AS,0,310152016,0,0,0.000194254134953484
SKANDINAVISKA ENSKILDA BANKEN AB,SKANDINAVISKA ENSKILDA BANKEN AB,0,3411602858,0,0,0.000194254134953484
BANK OF MONTREAL,BANK OF MONTREAL,0,17543247676,0,0,0.000194254134953484
JEFFERIES,JEFFERIES,0,3802861606,0,0,0.000194254134953484
CITIZENS BANK,CITIZENS BANK,0,9168203170,0,0,0.000194254134953484
BANQUE POPULAIRE AUVERGNE RHONE ALPES,BANQUE POPULAIRE AUVERGNE RHONE ALPES,0,40840134,0,0,0.000194254134953484
CIC LYONNAISE DE BANQUE,CIC LYONNAISE DE BANQUE,0,53709488,0,0,0.000194254134953484
DEUTSCHE PFANDBRIEFBANK,DEUTSCHE PFANDBRIEFBANK,0,314686366,0,0,0.000194254134953484
NATWEST MARKETS,NATWEST MARKETS,0,1369876270,0,0,0.000194254134953484
UNICREDIT BANK,UNICREDIT BANK,0,564718099,0,0,0.000194254134953484
ANZ,ANZ,0,12482714834,0,0,0.000194254134953484
IFM INVESTORS PTY,IFM INVESTORS PTY,0,220187073,0,0,0.000194254134953484
SCOTIABANK,SCOTIABANK,0,1037433790,0,0,0.000194254134953484
MISHIMA SHINKIN BANK,MISHIMA SHINKIN BANK,0,18848305,0,0,0.000194254134953484
AXIS BANK,AXIS BANK,975000004,383096525,392,0,0.000268839306970082
NATIONAL BANK OF FUJAIRAH PSC,NATIONAL BANK OF FUJAIRAH PSC,0,351877157,0,0,0.000194254134953484
BANK OF DONGGUAN,BANK OF DONGGUAN,0,304810180,0,0,0.000194254134953484
CHINA EVERBRIGHT BANK,CHINA EVERBRIGHT BANK,0,1903273772,0,0,0.000194254134953484
BELGIAN INVESTMENT COMPANY FOR DEVELOPING COUNTRIES,BELGIAN INVESTMENT COMPANY FOR DEVELOPING COUNTRIES,0,2.5e+07,0,0,0.000194254134953484
BLUE ORCHARD MICROFINANCE FUND,BLUE ORCHARD MICROFINANCE FUND,0,3.9e+07,0,0,0.000194254134953484
DEG,DEG,0,72619119,0,0,0.000194254134953484
NEDERLANDSE FINANCIERINGS-MAATSCHAPPIJ VOOR ONTWIKKELINGSLANDEN,NEDERLANDSE FINANCIERINGS-MAATSCHAPPIJ VOOR ONTWIKKELINGSLANDEN,0,200252316,0,0,0.000194254134953484
OESTERREICHISCHE ENTWICKLUNGSBANK (OEEB),OESTERREICHISCHE ENTWICKLUNGSBANK (OEEB),0,32882667,0,0,0.000194254134953484
OIKOCREDIT,OIKOCREDIT,0,2.5e+07,0,0,0.000194254134953484
PROPARCO,PROPARCO,0,469100938,0,0,0.000194254134953484
SYMBIOTICS,SYMBIOTICS,0,71552381,0,0,0.000194254134953484
AUSTRALIANSUPER PTY,AUSTRALIANSUPER PTY,0,200503141,0,0,0.000194254134953484
EIGHTEENTH BANK,EIGHTEENTH BANK,0,2127597,0,0,0.000194254134953484
MAYBANK INVESTMENT BANK BHD,MAYBANK INVESTMENT BANK BHD,0,58104703,0,0,0.000194254134953484
HSH NORDBANK,HSH NORDBANK,0,3645947,0,0,0.000194254134953484
LANDESBANK BADEN-WURTTEMBERG,LANDESBANK BADEN-WURTTEMBERG,0,1645110270,0,0,0.000194254134953484
RAIFFEISENLANDESBANK NIEDEROSTERREICH-WIEN,RAIFFEISENLANDESBANK NIEDEROSTERREICH-WIEN,0,3645947,0,0,0.000194254134953484
ASKARI BANK,ASKARI BANK,0,392771,0,0,0.000194254134953484
BANK AL HABIB,BANK AL HABIB,0,392771,0,0,0.000194254134953484
FAYSAL INCOME & GROWTH FUND,FAYSAL INCOME & GROWTH FUND,0,392771,0,0,0.000194254134953484
JS BANK,JS BANK,0,392771,0,0,0.000194254134953484
MCB BANK,MCB BANK,0,22744166,0,0,0.000194254134953484
PAIR INVESTMENT,PAIR INVESTMENT,0,392771,0,0,0.000194254134953484
PAK OMAN INVESTMENT,PAK OMAN INVESTMENT,0,392771,0,0,0.000194254134953484
UNITED BANK (PAKISTAN),UNITED BANK (PAKISTAN),0,852908,0,0,0.000194254134953484
BANK OF BEIJING,BANK OF BEIJING,0,241297893,0,0,0.000194254134953484
KKR CAPITAL MARKETS,KKR CAPITAL MARKETS,0,1738124789,0,0,0.000194254134953484
KOREA DEVELOPMENT BANK,KOREA DEVELOPMENT BANK,499999995,4301601348,1738,0,0.000219880987441395
KEYBANK,KEYBANK,0,6580124131,0,0,0.000194254134953484
DEKABANK DEUTSCHE GIROZENTRALE,DEKABANK DEUTSCHE GIROZENTRALE,0,195427044,0,0,0.000194254134953484
CANADIAN IMPERIAL BANK OF COMMERCE,CANADIAN IMPERIAL BANK OF COMMERCE,0,13345675932,0,0,0.000194254134953484
FIFTH THIRD BANK,FIFTH THIRD BANK,0,6315419161,0,0,0.000194254134953484
TD,TD,0,71428571,0,0,0.000194254134953484
ABN AMRO CAPITAL USA,ABN AMRO CAPITAL USA,0,272727273,0,0,0.000194254134953484
DBS BANK,DBS BANK,0,10281348000,0,0,0.000194254134953484
SAUDI NATIONAL BANK SJSC,SAUDI NATIONAL BANK SJSC,1350000008,1000546718,1541,0,0.000397547178279394
GUNMA BANK,GUNMA BANK,0,1021489133,0,0,0.000194254134953484
GREAT AMERICAN INSURANCE,GREAT AMERICAN INSURANCE,0,57794984,0,0,0.000194254134953484
GREAT AMERICAN LIFE INSURANCE,GREAT AMERICAN LIFE INSURANCE,0,57794984,0,0,0.000194254134953484
BLACKSTONE,BLACKSTONE,26387203255,600702705,675,0.542213934488349,0.00059450143910022
CREDIT MUTUEL,CREDIT MUTUEL,0,968862295,0,0,0.000194254134953484
EXPORT DEVELOPMENT CANADA,EXPORT DEVELOPMENT CANADA,0,1617417508,0,0,0.000194254134953484
NORINCHUKIN BANK,NORINCHUKIN BANK,0,2953291394,0,0,0.000194254134953484
BLUE OWL CAPITAL,BLUE OWL CAPITAL,0,1562128594,0,0,0.000194254134953484
BELFIUS BANK & INSURANCE /,BELFIUS BANK & INSURANCE /,0,200788122,0,0,0.000194254134953484
UNIONE DI BANCHE ITALIANE SCPA,UNIONE DI BANCHE ITALIANE SCPA,0,186375555,0,0,0.000194254134953484
NORDEA BANK AB,NORDEA BANK AB,0,1905090642,0,0,0.000194254134953484
COFIDES,COFIDES,0,24479932,0,0,0.000194254134953484
CREDIT LYONNAIS,CREDIT LYONNAIS,0,627663727,0,0,0.000194254134953484
DAI-ICHI MUTUAL LIFE INSURANCE,DAI-ICHI MUTUAL LIFE INSURANCE,0,118639581,0,0,0.000194254134953484
HOKURIKU BANK,HOKURIKU BANK,0,57836952,0,0,0.000194254134953484
KYOTO CHUO SHINKIN BANK,KYOTO CHUO SHINKIN BANK,0,32078592,0,0,0.000194254134953484
TAMA SHINKIN BANK,TAMA SHINKIN BANK,0,26031038,0,0,0.000194254134953484
BANK OF TAIWAN,BANK OF TAIWAN,0,1409638956,0,0,0.000194254134953484
E SUN COMMERCIAL BANK,E SUN COMMERCIAL BANK,0,2786184288,0,0,0.000194254134953484
FIRST COMMERCIAL BANK,FIRST COMMERCIAL BANK,0,3670815198,0,0,0.000194254134953484
HACHIJUNI BANK,HACHIJUNI BANK,0,773438353,0,0,0.000194254134953484
LAND BANK OF TAIWAN SINGAPORE,LAND BANK OF TAIWAN SINGAPORE,0,143592554,0,0,0.000194254134953484
AOZORA ASIA PACIFIC FINANCE,AOZORA ASIA PACIFIC FINANCE,0,150606212,0,0,0.000194254134953484
SAN-IN GODO BANK,SAN-IN GODO BANK,0,219455318,0,0,0.000194254134953484
ANTARES CAPITAL,ANTARES CAPITAL,0,3140753375,0,0,0.000194254134953484
BANK SINOPAC,BANK SINOPAC,0,1372104921,0,0,0.000194254134953484
CATHAY UNITED BANK,CATHAY UNITED BANK,0,1315763825,0,0,0.000194254134953484
LUCID AGENCY SERVICES,LUCID AGENCY SERVICES,0,72684454,0,0,0.000194254134953484
LUCID TRUSTEE SERVICES,LUCID TRUSTEE SERVICES,0,72684454,0,0,0.000194254134953484
MACQUARIE CORPORATE HOLDINGS PTY,MACQUARIE CORPORATE HOLDINGS PTY,0,72684454,0,0,0.000194254134953484
ARKEA BANQUE ENTREPRISES ET INSTITUTIONNELS,ARKEA BANQUE ENTREPRISES ET INSTITUTIONNELS,0,299007654,0,0,0.000194254134953484
MACQUARIE CAPITAL (USA),MACQUARIE CAPITAL (USA),0,237296002,0,0,0.000194254134953484
METRICS CREDIT PARTNERS,METRICS CREDIT PARTNERS,0,279402041,0,0,0.000194254134953484
UK EXPORT FINANCE,UK EXPORT FINANCE,0,352695969,0,0,0.000194254134953484
UBI BANCA INTERNATIONAL,UBI BANCA INTERNATIONAL,0,37501172,0,0,0.000194254134953484
BANQUE POPULAIRE RIVES DE PARIS,BANQUE POPULAIRE RIVES DE PARIS,0,132444404,0,0,0.000194254134953484
CAISSE D'EPARGNE ET DE PREVOYANCE ILE-DE-FRANCE,CAISSE D'EPARGNE ET DE PREVOYANCE ILE-DE-FRANCE,0,81112909,0,0,0.000194254134953484
ARES CAPITAL,ARES CAPITAL,0,898328685,0,0,0.000194254134953484
BRED BANQUE POPULAIRE,BRED BANQUE POPULAIRE,0,515470071,0,0,0.000194254134953484
HANG SENG BANK,HANG SENG BANK,0,2812337585,0,0,0.000194254134953484
BANQUE TARNEAUD,BANQUE TARNEAUD,0,15938247,0,0,0.000194254134953484
MEIJI YASUDA LIFE INSURANCE,MEIJI YASUDA LIFE INSURANCE,0,284783942,0,0,0.000194254134953484
CITY NATIONAL BANK,CITY NATIONAL BANK,0,1935429601,0,0,0.000194254134953484
ADACHISEIWA SHINKIN,ADACHISEIWA SHINKIN,0,13754169,0,0,0.000194254134953484
NAGANO SHINKIN BANK,NAGANO SHINKIN BANK,0,25368800,0,0,0.000194254134953484
NOTOKYOUEI SHINYOUKINKO,NOTOKYOUEI SHINYOUKINKO,0,11614632,0,0,0.000194254134953484
SHINKIN CENTRAL BANK,SHINKIN CENTRAL BANK,0,237708850,0,0,0.000194254134953484
MINATO BANK,MINATO BANK,0,38930016,0,0,0.000194254134953484
TOKUSHIMA TAISHO BANK,TOKUSHIMA TAISHO BANK,0,7186504,0,0,0.000194254134953484
BANGKOK BANK PUBLIC,BANGKOK BANK PUBLIC,0,28006101,0,0,0.000194254134953484
DBS BANK (TAIWAN),DBS BANK (TAIWAN),0,6737463,0,0,0.000194254134953484
TAISHIN INTERNATIONAL BANK,TAISHIN INTERNATIONAL BANK,0,2831046350,0,0,0.000194254134953484
INVESTEC BANK,INVESTEC BANK,2449999998,794720289,3373,0.054743208168685,0.000648228940269725
NOMURA INTERNATIONAL,NOMURA INTERNATIONAL,0,662913828,0,0,0.000194254134953484
IDB INVEST,IDB INVEST,0,276083333,0,0,0.000194254134953484
ORANGE SUSTAINABLE CAPITAL FUND,ORANGE SUSTAINABLE CAPITAL FUND,0,1e+07,0,0,0.000194254134953484
BANCA MARCH,BANCA MARCH,0,309869411,0,0,0.000194254134953484
GROUPE BANQUE POPULAIRE,GROUPE BANQUE POPULAIRE,0,10871615,0,0,0.000194254134953484
ZIONS BANK,ZIONS BANK,0,50953654,0,0,0.000194254134953484
VOLKSBANK ESSLINGEN EG,VOLKSBANK ESSLINGEN EG,0,3496041,0,0,0.000194254134953484
BANQUE INTERNATIONALE A LUXEMBOURG,BANQUE INTERNATIONALE A LUXEMBOURG,0,406028594,0,0,0.000194254134953484
BANQUE PALATINE,BANQUE PALATINE,0,429879113,0,0,0.000194254134953484
CARLYLE GROUP LP,CARLYLE GROUP LP,0,274096809,0,0,0.000194254134953484
MADISON CAPITAL,MADISON CAPITAL,0,901272694,0,0,0.000194254134953484
BANK OF QUEENSLAND,BANK OF QUEENSLAND,0,594227452,0,0,0.000194254134953484
NEWSTAR FINANCIAL,NEWSTAR FINANCIAL,0,3.5e+07,0,0,0.000194254134953484
BANQUE CIC OUEST,BANQUE CIC OUEST,0,170636766,0,0,0.000194254134953484
BANQUE POPULAIRE DE L'OUEST,BANQUE POPULAIRE DE L'OUEST,0,9538483,0,0,0.000194254134953484
BANK OF NAGOYA,BANK OF NAGOYA,0,18654705,0,0,0.000194254134953484
NORINCHUKIN BANK SINGAPORE,NORINCHUKIN BANK SINGAPORE,0,409675180,0,0,0.000194254134953484
BANK OF INDIA,BANK OF INDIA,0,8937515025,0,0,0.000194254134953484
INDUSIND BANK,INDUSIND BANK,7.5e+07,210859526,1,0,0.000220652933378578
ZHEJIANG CHOUZHOU COMMERCIAL BANK,ZHEJIANG CHOUZHOU COMMERCIAL BANK,0,24152922,0,0,0.000194254134953484
BANK OF EAST ASIA,BANK OF EAST ASIA,0,1853625241,0,0,0.000194254134953484
DEVELOPMENT BANK OF SINGAPORE,DEVELOPMENT BANK OF SINGAPORE,0,151062398,0,0,0.000194254134953484
HONG LEONG FINANCE,HONG LEONG FINANCE,0,125043332,0,0,0.000194254134953484
LANDESBANK SAAR GZ,LANDESBANK SAAR GZ,0,8657798,0,0,0.000194254134953484
CREDIT DU NORD,CREDIT DU NORD,0,86012806,0,0,0.000194254134953484
IDINVEST,IDINVEST,0,8197013,0,0,0.000194254134953484
EVERGROWING BANK,EVERGROWING BANK,0,167553881,0,0,0.000194254134953484
JIANGSU CHANGSHU RURAL COMMERCIAL BANK,JIANGSU CHANGSHU RURAL COMMERCIAL BANK,0,10063576,0,0,0.000194254134953484
JIANGSU RUGAO RURAL COMMERCIAL BANK,JIANGSU RUGAO RURAL COMMERCIAL BANK,0,10063576,0,0,0.000194254134953484
JIANGSU ZHANGJIAGANG RURAL COMMERCIAL BANK,JIANGSU ZHANGJIAGANG RURAL COMMERCIAL BANK,0,10063576,0,0,0.000194254134953484
WUXI RURAL COMMERCIAL BANK,WUXI RURAL COMMERCIAL BANK,0,61819838,0,0,0.000194254134953484
APOLLO GLOBAL MANAGEMENT,APOLLO GLOBAL MANAGEMENT,0,541695632,0,0,0.000194254134953484
BANCO DE CREDITO DEL PERU,BANCO DE CREDITO DEL PERU,3.7e+07,39462425,2,0,0.000195187991385184
OCBC BANK,OCBC BANK,0,1875340622,0,0,0.000194254134953484
ZIONS BANCORPORATION,ZIONS BANCORPORATION,0,524670122,0,0,0.000194254134953484
BANQUE CIC SUD OUEST,BANQUE CIC SUD OUEST,0,12080367,0,0,0.000194254134953484
RIVER CITY BANK,RIVER CITY BANK,0,42206920,0,0,0.000194254134953484
BMO CAPITAL MARKETS FINANCING,BMO CAPITAL MARKETS FINANCING,0,285642858,0,0,0.000194254134953484
COSCO SHIPPING FINANCE,COSCO SHIPPING FINANCE,0,33943718,0,0,0.000194254134953484
BANK OF TAIWAN OFFSHORE,BANK OF TAIWAN OFFSHORE,0,233456449,0,0,0.000194254134953484
BANK OF TAIWAN SYDNEY,BANK OF TAIWAN SYDNEY,0,100215347,0,0,0.000194254134953484
SHANGHAI COMMERCIAL & SAVINGS BANK,SHANGHAI COMMERCIAL & SAVINGS BANK,0,1410824356,0,0,0.000194254134953484
HONG KONG MORTGAGE,HONG KONG MORTGAGE,0,111843904,0,0,0.000194254134953484
BANK OF JIANGSU HUAIAN,BANK OF JIANGSU HUAIAN,0,100966983,0,0,0.000194254134953484
CREDIT INDUSTRIEL ET COMMERCIAL SINGAPORE,CREDIT INDUSTRIEL ET COMMERCIAL SINGAPORE,0,285079551,0,0,0.000194254134953484
NOMURA ASSET CAPITAL,NOMURA ASSET CAPITAL,0,183875457,0,0,0.000194254134953484
CHIBA BANK,CHIBA BANK,0,708370823,0,0,0.000194254134953484
INSTITUT CATALA DE FINANCES,INSTITUT CATALA DE FINANCES,0,3750117,0,0,0.000194254134953484
BANCA IFIS SPA,BANCA IFIS SPA,0,91454991,0,0,0.000194254134953484
ILLIMITY BANK SPA,ILLIMITY BANK SPA,0,13110529,0,0,0.000194254134953484
MPS CAPITAL SERVICES BANCA PER LE IMPRESE SPA,MPS CAPITAL SERVICES BANCA PER LE IMPRESE SPA,0,13110529,0,0,0.000194254134953484
NISHI-NIPPON CITY BANK,NISHI-NIPPON CITY BANK,0,56748776,0,0,0.000194254134953484
DEUTSCHE POSTBANK LUXEMBOURG,DEUTSCHE POSTBANK LUXEMBOURG,0,1872879,0,0,0.000194254134953484
FRANKFURTER VOLKSBANK EG,FRANKFURTER VOLKSBANK EG,0,1872879,0,0,0.000194254134953484
BBVA COMPASS,BBVA COMPASS,0,199334941,0,0,0.000194254134953484
TAI FUNG BANK,TAI FUNG BANK,0,664371645,0,0,0.000194254134953484
HOKKOKU FINANCIAL HOLDINGS,HOKKOKU FINANCIAL HOLDINGS,0,31669668,0,0,0.000194254134953484
KFW BANKENGRUPPE,KFW BANKENGRUPPE,0,206284943,0,0,0.000194254134953484
SHIGA BANK,SHIGA BANK,0,424743140,0,0,0.000194254134953484
SHIKOKU BANK,SHIKOKU BANK,0,12596900,0,0,0.000194254134953484
CARLYLE GROUP,CARLYLE GROUP,3650000003,167442677,172,0.232075274312797,0.000236276250794494
ABU DHABI COMMERCIAL BANK PJSC,ABU DHABI COMMERCIAL BANK PJSC,0,3814779702,0,0,0.000194254134953484
ABU DHABI ISLAMIC BANK PJSC,ABU DHABI ISLAMIC BANK PJSC,5e+07,600103853,3,0,0.000207383071032713
DUBAI ISLAMIC BANK PSJ,DUBAI ISLAMIC BANK PSJ,0,217784729,0,0,0.000194254134953484
EMIRATES NBD BANK PJSC,EMIRATES NBD BANK PJSC,1.5e+09,2723793044,370,0.0720934211658765,0.000255012912056617
BANCOPPEL,BANCOPPEL,0,75202933,0,0,0.000194254134953484
&,&,0,31061041,0,0,0.000194254134953484
PNC BANK,PNC BANK,0,13792043233,0,0,0.000194254134953484
TD BANK,TD BANK,0,1868781744,0,0,0.000194254134953484
MIDCAP FINANCIAL,MIDCAP FINANCIAL,0,269702833,0,0,0.000194254134953484
BALOISE INSURANCE,BALOISE INSURANCE,0,100697591,0,0,0.000194254134953484
BNG BANK,BNG BANK,0,100697591,0,0,0.000194254134953484
EUROPEAN INVESTMENT BANK,EUROPEAN INVESTMENT BANK,0,349626062,0,0,0.000194254134953484
INSURANCE,INSURANCE,0,100697591,0,0,0.000194254134953484
OVERSEA-CHINESE,OVERSEA-CHINESE,0,7531909308,0,0,0.000194254134953484
MIDIS,MIDIS,0,125310142,0,0,0.000194254134953484
SCOTTISH WIDOWS,SCOTTISH WIDOWS,0,125310142,0,0,0.000194254134953484
BANKINTER,BANKINTER,0,695828897,0,0,0.000194254134953484
AEON BANK,AEON BANK,0,54610975,0,0,0.000194254134953484
NORTHERN AUSTRALIAN INFRASTRUCTURE FACILITY,NORTHERN AUSTRALIAN INFRASTRUCTURE FACILITY,0,234796504,0,0,0.000194254134953484
LEMBAGA PEMBIAYAAN EKSPOR INDONESIA,LEMBAGA PEMBIAYAAN EKSPOR INDONESIA,0,80714286,0,0,0.000194254134953484
PT BANK OCBC NISP TBK,PT BANK OCBC NISP TBK,0,106520738,0,0,0.000194254134953484
SAN JU SAN BANK,SAN JU SAN BANK,0,57211556,0,0,0.000194254134953484
BANK OF KAOHSIUNG,BANK OF KAOHSIUNG,0,348489412,0,0,0.000194254134953484
FAR EASTERN INTERNATIONAL BANK,FAR EASTERN INTERNATIONAL BANK,0,782422235,0,0,0.000194254134953484
BANCOMEXT,BANCOMEXT,0,464841270,0,0,0.000194254134953484
BANORTE (EL BANCO FUERTE DE MEXICO),BANORTE (EL BANCO FUERTE DE MEXICO),0,110126490,0,0,0.000194254134953484
MONEX GROUP,MONEX GROUP,0,5.5e+07,0,0,0.000194254134953484
SABADELL BANK,SABADELL BANK,0,185276676,0,0,0.000194254134953484
RBC,RBC,0,843416071,0,0,0.000194254134953484
REGIONS BANK,REGIONS BANK,0,3659649984,0,0,0.000194254134953484
SHINHAN BANK,SHINHAN BANK,600000008,343876812,501,0,0.000541760129371726
UNITED OVERSEAS BANK SYDNEY,UNITED OVERSEAS BANK SYDNEY,0,376703575,0,0,0.000194254134953484
EXPORT DEVELOPMENT BANK OF CANADA,EXPORT DEVELOPMENT BANK OF CANADA,0,380145814,0,0,0.000194254134953484
BLUEORCHARD MICROFINANCE FUND,BLUEORCHARD MICROFINANCE FUND,0,50575939,0,0,0.000194254134953484
DEUTSCHE INVESTITIONS UND ENTWICKLUNGSGESELLSCHAFT,DEUTSCHE INVESTITIONS UND ENTWICKLUNGSGESELLSCHAFT,0,147579822,0,0,0.000194254134953484
FINNFUND,FINNFUND,0,48619047,0,0,0.000194254134953484
OBVIAM DFI,OBVIAM DFI,0,15285714,0,0,0.000194254134953484
SWEDFUND INTERNATIONAL AB,SWEDFUND INTERNATIONAL AB,0,15285714,0,0,0.000194254134953484
BANCO DE ORO UNIBANK HONG KONG,BANCO DE ORO UNIBANK HONG KONG,0,12256179,0,0,0.000194254134953484
BANK OF PANHSIN,BANK OF PANHSIN,0,335770749,0,0,0.000194254134953484
BANK OF TAIWAN SINGAPORE,BANK OF TAIWAN SINGAPORE,0,388135377,0,0,0.000194254134953484
BDO UNIBANK,BDO UNIBANK,200000001,197999433,75,0,0.000257903856142475
CHANG HWA COMMERCIAL BANK SINGAPORE,CHANG HWA COMMERCIAL BANK SINGAPORE,0,205061655,0,0,0.000194254134953484
ENTIE COMMERCIAL BANK,ENTIE COMMERCIAL BANK,0,238745821,0,0,0.000194254134953484
KASIKORNBANK PUBLIC,KASIKORNBANK PUBLIC,0,484540571,0,0,0.000194254134953484
KEB HANA BANK SINGAPORE,KEB HANA BANK SINGAPORE,0,96971654,0,0,0.000194254134953484
SHANGHAI COMMERCIAL & SAVINGS BANK OFFSHORE,SHANGHAI COMMERCIAL & SAVINGS BANK OFFSHORE,0,329596164,0,0,0.000194254134953484
SHIN KONG COMMERCIAL BANK,SHIN KONG COMMERCIAL BANK,0,689122038,0,0,0.000194254134953484
SHINHAN BANK SINGAPORE,SHINHAN BANK SINGAPORE,0,76634924,0,0,0.000194254134953484
TAIWAN COOPERATIVE BANK MANILA OBU,TAIWAN COOPERATIVE BANK MANILA OBU,0,113754802,0,0,0.000194254134953484
YUANTA COMMERCIAL BANK,YUANTA COMMERCIAL BANK,0,622382680,0,0,0.000194254134953484
CHIBA KOGYO BANK,CHIBA KOGYO BANK,0,10618979,0,0,0.000194254134953484
KAGOSHIMA BANK,KAGOSHIMA BANK,0,76052164,0,0,0.000194254134953484
KANSAI MIRAI BANK,KANSAI MIRAI BANK,0,57243620,0,0,0.000194254134953484
SHINKIN CHUKIN BANK,SHINKIN CHUKIN BANK,0,10618979,0,0,0.000194254134953484
TOHOKU BANK,TOHOKU BANK,0,10618979,0,0,0.000194254134953484
ALLIED IRISH BANKS,ALLIED IRISH BANKS,0,656653037,0,0,0.000194254134953484
NATIONAL BANK OF KUWAIT,NATIONAL BANK OF KUWAIT,0,1461602670,0,0,0.000194254134953484
RAYMOND JAMES BANK,RAYMOND JAMES BANK,0,705525438,0,0,0.000194254134953484
MEDIOBANCA SPA,MEDIOBANCA SPA,0,703783880,0,0,0.000194254134953484
BANQUE PUBLIQUE D'INVESTISSEMENT,BANQUE PUBLIQUE D'INVESTISSEMENT,0,17646674,0,0,0.000194254134953484
NRW BANK,NRW BANK,0,68544858,0,0,0.000194254134953484
VOLKSBANK BIELEFELD-GUTERSLOH EG,VOLKSBANK BIELEFELD-GUTERSLOH EG,0,6042905,0,0,0.000194254134953484
ZURCHER KANTONALBANK,ZURCHER KANTONALBANK,0,280790156,0,0,0.000194254134953484
CIT BANK,CIT BANK,0,969961625,0,0,0.000194254134953484
JIANGSU BINHAI RURAL COMMERCIAL BANK,JIANGSU BINHAI RURAL COMMERCIAL BANK,0,12539158,0,0,0.000194254134953484
INTERNATIONAL BANK FOR ECONOMIC COOPERATION,INTERNATIONAL BANK FOR ECONOMIC COOPERATION,0,33333333,0,0,0.000194254134953484
OPEC FUND FOR INTERNATIONAL DEVELOPMENT,OPEC FUND FOR INTERNATIONAL DEVELOPMENT,0,33333333,0,0,0.000194254134953484
INTERNATIONAL INVESTMENT BANK,INTERNATIONAL INVESTMENT BANK,8458496,30952452,951,0,0.000196365229455187
KEB HANA BANK,KEB HANA BANK,1.215e+09,832326759,20243,0,0.000538876808527237
KIATNAKIN PHATRA BANK PCL,KIATNAKIN PHATRA BANK PCL,1e+08,54538854,2,0,0.000198703395734763
INTERNATIONAL FINANCE,INTERNATIONAL FINANCE,0,3711088714,0,0,0.000194254134953484
IFC,IFC,0,10119119,0,0,0.000194254134953484
ADAMS STREET CREDIT ADVISORS LP,ADAMS STREET CREDIT ADVISORS LP,0,204558223,0,0,0.000194254134953484
GUGGENHEIM CAPITAL,GUGGENHEIM CAPITAL,0,57222350,0,0,0.000194254134953484
NATWEST BANK,NATWEST BANK,0,934463661,0,0,0.000194254134953484
INTESA SANPAOLO SPA LONDON,INTESA SANPAOLO SPA LONDON,0,52631579,0,0,0.000194254134953484
RAIFFEISEN BANK INTERNATIONAL,RAIFFEISEN BANK INTERNATIONAL,0,1072333218,0,0,0.000194254134953484
SOVKOMBANK PAO,SOVKOMBANK PAO,0,52631579,0,0,0.000194254134953484
AFRICAN EXPORT-IMPORT BANK,AFRICAN EXPORT-IMPORT BANK,0,1094938356,0,0,0.000194254134953484
AHLI UNITED BANK BSC,AHLI UNITED BANK BSC,0,326729952,0,0,0.000194254134953484
DEVELOPMENT BANK OF SOUTHERN AFRICA,DEVELOPMENT BANK OF SOUTHERN AFRICA,454999997,540709171,149,0.0216196954246454,0.000354019932993629
COBANK,COBANK,0,794902265,0,0,0.000194254134953484
BANQUE CIC NORD OUEST,BANQUE CIC NORD OUEST,0,55657932,0,0,0.000194254134953484
INDUSTRIAL BANK,INDUSTRIAL BANK,0,1027636198,0,0,0.000194254134953484
PING AN BANK,PING AN BANK,0,1974136517,0,0,0.000194254134953484
AMERICAN SAVINGS BANK,AMERICAN SAVINGS BANK,0,188235294,0,0,0.000194254134953484
DNB CAPITAL,DNB CAPITAL,0,494187341,0,0,0.000194254134953484
FLUSHING BANK,FLUSHING BANK,0,222707790,0,0,0.000194254134953484
MIDFIRST BANK,MIDFIRST BANK,0,243426294,0,0,0.000194254134953484
TRISTATE CAPITAL BANK,TRISTATE CAPITAL BANK,0,519618917,0,0,0.000194254134953484
TRUIST FINANCIAL,TRUIST FINANCIAL,0,16216211042,0,0,0.000194254134953484
ITAU UNIBANCO,ITAU UNIBANCO,0,146097494,0,0,0.000194254134953484
PT BANK BTPN TBK,PT BANK BTPN TBK,0,83344961,0,0,0.000194254134953484
ICG AUSTRALIA SENIOR LOAN FUND,ICG AUSTRALIA SENIOR LOAN FUND,0,5843192,0,0,0.000194254134953484
NIKKO ASSET MANAGEMENT,NIKKO ASSET MANAGEMENT,0,5843192,0,0,0.000194254134953484
PERPETUAL INVESTMENT MANAGEMENT,PERPETUAL INVESTMENT MANAGEMENT,0,30222020,0,0,0.000194254134953484
PARKWAY BANK &,PARKWAY BANK &,0,15500000,0,0,0.000194254134953484
WINTRUST FINANCIAL,WINTRUST FINANCIAL,3e+08,489910774,39,0,0.000196680415694797
TEXAS CAPITAL BANK,TEXAS CAPITAL BANK,0,1040405882,0,0,0.000194254134953484
AFRICA FINANCE,AFRICA FINANCE,4348471389,445128068,488,0.103108388246065,0.00186550620205402
CREDIT EUROPE BANK,CREDIT EUROPE BANK,0,287192988,0,0,0.000194254134953484
FIRSTRAND BANK,FIRSTRAND BANK,325000005,732247017,485,0.00951519319356581,0.000279051857628171
RAND MERCHANT BANK,RAND MERCHANT BANK,0,755794235,0,0,0.000194254134953484
STATE BANK OF MAURITIUS,STATE BANK OF MAURITIUS,0,63865572,0,0,0.000194254134953484
TUNIS INTERNATIONAL BANK,TUNIS INTERNATIONAL BANK,0,80553181,0,0,0.000194254134953484
ZENITH BANK (UK),ZENITH BANK (UK),0,93618896,0,0,0.000194254134953484
ABANCA CORPORACION BANCARIA,ABANCA CORPORACION BANCARIA,0,290235867,0,0,0.000194254134953484
AMUNDI,AMUNDI,1822973633,20089914,129,0.082558365703894,0.00021517343067701
BANCO PICHINCHA,BANCO PICHINCHA,0,38841891,0,0,0.000194254134953484
JIANGSU LIANSHUI RURAL COMMERCIAL BANK,JIANGSU LIANSHUI RURAL COMMERCIAL BANK,0,10444221,0,0,0.000194254134953484
SHOKOCHUKIN BANK,SHOKOCHUKIN BANK,0,1110972,0,0,0.000194254134953484
TOMATO BANK,TOMATO BANK,0,1110972,0,0,0.000194254134953484
AL AHLI BANK OF KUWAIT KSCP,AL AHLI BANK OF KUWAIT KSCP,1661999998,732819554,1179,0.0277352586480793,0.000675621080080888
COMMERCIAL BANK OF DUBAI PSC,COMMERCIAL BANK OF DUBAI PSC,0,829519087,0,0,0.000194254134953484
GULF INTERNATIONAL BANK BSC,GULF INTERNATIONAL BANK BSC,0,955601693,0,0,0.000194254134953484
UNITED ARAB BANK PJSC,UNITED ARAB BANK PJSC,200010889,274788558,36,0.0121897576708642,0.000231943946686939
EMIRATES ISLAMIC BANK PJSC,EMIRATES ISLAMIC BANK PJSC,5e+08,443727383,708,0.0480622807772511,0.000250788098401069
SHARJAH ISLAMIC BANK,SHARJAH ISLAMIC BANK,0,259714015,0,0,0.000194254134953484
ARAB BANK,ARAB BANK,0,180414948,0,0,0.000194254134953484
BANQUE MISR SAE,BANQUE MISR SAE,1649999995,409533593,2703,0.0583313102542871,0.00107399472322169
FIRST ABU DHABI BANK,FIRST ABU DHABI BANK,0,3534693406,0,0,0.000194254134953484
BANK OF YOKOHAMA,BANK OF YOKOHAMA,0,482703899,0,0,0.000194254134953484
ALLY BANK,ALLY BANK,0,1606268166,0,0,0.000194254134953484
STERLING NATIONAL BANK,STERLING NATIONAL BANK,0,258895468,0,0,0.000194254134953484
JA HOKKAIDO SHINREN,JA HOKKAIDO SHINREN,0,13584364,0,0,0.000194254134953484
JAPAN INTERNATIONAL COOPERATION AGENCY,JAPAN INTERNATIONAL COOPERATION AGENCY,0,1031397075,0,0,0.000194254134953484
BANQUE POPULAIRE DU NORD,BANQUE POPULAIRE DU NORD,0,14686477,0,0,0.000194254134953484
NEC CAPITAL,NEC CAPITAL,0,58379494,0,0,0.000194254134953484
OCEANFIRST BANK,OCEANFIRST BANK,0,5e+06,0,0,0.000194254134953484
PINNACLE BANK,PINNACLE BANK,0,650987650,0,0,0.000194254134953484
HAMBURGER SPARKASSE,HAMBURGER SPARKASSE,0,23148786,0,0,0.000194254134953484
CAPITAL ONE BANK,CAPITAL ONE BANK,0,1414194434,0,0,0.000194254134953484
STONE POINT CAPITAL,STONE POINT CAPITAL,0,2010510532,0,0,0.000194254134953484
NATWEST GROUP,NATWEST GROUP,0,75523193,0,0,0.000194254134953484
NATIONAL WESTMINSTER BANK,NATIONAL WESTMINSTER BANK,0,4189986129,0,0,0.000194254134953484
BANCFIRST,BANCFIRST,0,67103268,0,0,0.000194254134953484
BOK FINANCIAL,BOK FINANCIAL,0,961443482,0,0,0.000194254134953484
BANCO BPM SPA,BANCO BPM SPA,0,479986217,0,0,0.000194254134953484
JIANGSU TAIXING RURAL COMMERCIAL BANK,JIANGSU TAIXING RURAL COMMERCIAL BANK,0,3046231,0,0,0.000194254134953484
CUSTOMERS BANK,CUSTOMERS BANK,0,689694176,0,0,0.000194254134953484
MBANK,MBANK,0,97868448,0,0,0.000194254134953484
WILMINGTON,WILMINGTON,0,560529562,0,0,0.000194254134953484
CASSA DEPOSITI E PRESTITI SPA,CASSA DEPOSITI E PRESTITI SPA,0,437178781,0,0,0.000194254134953484
BANCA POPOLARE DI SONDRIO SCRL,BANCA POPOLARE DI SONDRIO SCRL,0,178304183,0,0,0.000194254134953484
BPER BANCA SPA,BPER BANCA SPA,0,544187675,0,0,0.000194254134953484
SPARKASSE BREMEN,SPARKASSE BREMEN,0,53994743,0,0,0.000194254134953484
SPRINGROWTH SGR SPA,SPRINGROWTH SGR SPA,0,53994743,0,0,0.000194254134953484
CAPITAL ONE,CAPITAL ONE,0,6931947906,0,0,0.000194254134953484
COBANK ACB,COBANK ACB,0,2605312368,0,0,0.000194254134953484
EXPORT-IMPORT BANK OF KOREA (KEXIM),EXPORT-IMPORT BANK OF KOREA (KEXIM),0,248493982,0,0,0.000194254134953484
CAISSE D'EPARGNE ET DE PREVOYANCE PROVENCE ALPES CORSE,CAISSE D'EPARGNE ET DE PREVOYANCE PROVENCE ALPES CORSE,0,48680119,0,0,0.000194254134953484
CIMB BANK BERHAD LABUAN OFFSHORE,CIMB BANK BERHAD LABUAN OFFSHORE,0,9459200,0,0,0.000194254134953484
SINOPAC CAPITAL INTERNATIONAL (HK),SINOPAC CAPITAL INTERNATIONAL (HK),0,17792533,0,0,0.000194254134953484
NETHERLANDS DEVELOPMENT FINANCE COMPANY,NETHERLANDS DEVELOPMENT FINANCE COMPANY,0,31266667,0,0,0.000194254134953484
GREEN BANK,GREEN BANK,0,21283201,0,0,0.000194254134953484
KEYBANC CAPITAL MARKETS,KEYBANC CAPITAL MARKETS,0,257325002,0,0,0.000194254134953484
SILICON VALLEY BANK,SILICON VALLEY BANK,0,764491860,0,0,0.000194254134953484
GUANGZHOU RURAL COMMERCIAL BANK,GUANGZHOU RURAL COMMERCIAL BANK,0,169199227,0,0,0.000194254134953484
BANK OF SHANGHAI,BANK OF SHANGHAI,0,353656105,0,0,0.000194254134953484
FUBON BANK,FUBON BANK,0,4931980859,0,0,0.000194254134953484
CHONG HING BANK,CHONG HING BANK,0,690265733,0,0,0.000194254134953484
CMB WING LUNG BANK,CMB WING LUNG BANK,0,1465564599,0,0,0.000194254134953484
DAH SING BANK,DAH SING BANK,0,646636269,0,0,0.000194254134953484
DBS BANK HONG KONG,DBS BANK HONG KONG,0,69702964,0,0,0.000194254134953484
TURKIYE GARANTI BANKASI AS,TURKIYE GARANTI BANKASI AS,1020787115,227109936,447,0.0324783697052058,0.00111867146045166
AMEGY BANK,AMEGY BANK,0,216169337,0,0,0.000194254134953484
BANK OF TEXAS,BANK OF TEXAS,0,352912088,0,0,0.000194254134953484
CITIZENS FINANCIAL GROUP,CITIZENS FINANCIAL GROUP,0,646602964,0,0,0.000194254134953484
ORIGIN BANK,ORIGIN BANK,0,63125000,0,0,0.000194254134953484
PROSPERITY BANK,PROSPERITY BANK,0,75125000,0,0,0.000194254134953484
VERITEX COMMUNITY BANK,VERITEX COMMUNITY BANK,0,244405123,0,0,0.000194254134953484
WOODFOREST NATIONAL BANK,WOODFOREST NATIONAL BANK,0,373188161,0,0,0.000194254134953484
BANK OF KAOHSIUNG OBB,BANK OF KAOHSIUNG OBB,0,191598925,0,0,0.000194254134953484
CHUGOKU BANK HONG KONG,CHUGOKU BANK HONG KONG,0,165029348,0,0,0.000194254134953484
CITICORP INTERNATIONAL,CITICORP INTERNATIONAL,0,154518663,0,0,0.000194254134953484
DZ BANK SINGAPORE,DZ BANK SINGAPORE,0,7894737,0,0,0.000194254134953484
EXPORT-IMPORT BANK OF THE REPUBLIC OF CHINA,EXPORT-IMPORT BANK OF THE REPUBLIC OF CHINA,0,806620735,0,0,0.000194254134953484
PT BANK PERMATA TBK,PT BANK PERMATA TBK,0,7894737,0,0,0.000194254134953484
PT BANK SBI INDONESIA,PT BANK SBI INDONESIA,0,46712919,0,0,0.000194254134953484
SUNNY BANK,SUNNY BANK,0,533404507,0,0,0.000194254134953484
TAIWAN COOPERATIVE BANK OFFSHORE,TAIWAN COOPERATIVE BANK OFFSHORE,0,712585149,0,0,0.000194254134953484
ARTEMID SENIOR LOAN III SLP,ARTEMID SENIOR LOAN III SLP,0,36941067,0,0,0.000194254134953484
BANQUE POPULAIRE BOURGOGNE FRANCHE-COMTE,BANQUE POPULAIRE BOURGOGNE FRANCHE-COMTE,0,26204614,0,0,0.000194254134953484
CAISSE D'EPARGNE DE BOURGOGNE FRANCHE-COMTE,CAISSE D'EPARGNE DE BOURGOGNE FRANCHE-COMTE,0,60124262,0,0,0.000194254134953484
EIFFEL IMPACT DEBT FUND,EIFFEL IMPACT DEBT FUND,0,47674306,0,0,0.000194254134953484
LA BANQUE POSTALE ASSET MANAGEMENT,LA BANQUE POSTALE ASSET MANAGEMENT,0,10829394,0,0,0.000194254134953484
SCOR EURO LOANS VI,SCOR EURO LOANS VI,0,4987022,0,0,0.000194254134953484
SCOR MID MARKET LOANS,SCOR MID MARKET LOANS,0,68009825,0,0,0.000194254134953484
SCOR SURAVENIR EURO LOANS,SCOR SURAVENIR EURO LOANS,0,25335785,0,0,0.000194254134953484
SP EUROCREANCES 2020 PME,SP EUROCREANCES 2020 PME,0,34406266,0,0,0.000194254134953484
SPG FRR DETTE PRIVEE FRANCE,SPG FRR DETTE PRIVEE FRANCE,0,21114410,0,0,0.000194254134953484
ABSA BANK,ABSA BANK,399999996,956490360,658,0.0123267814981008,0.00026770885868026
INDUSTRIAL DEVELOPMENT OF SOUTH AFRICA (IDC),INDUSTRIAL DEVELOPMENT OF SOUTH AFRICA (IDC),0,96047257,0,0,0.000194254134953484
NEDBANK,NEDBANK,0,526016070,0,0,0.000194254134953484
STANDARD BANK GROUP,STANDARD BANK GROUP,1.7e+09,2062110802,5074,0.0426263112360025,0.000466637101068789
ABSA CORPORATE & MERCHANT BANK,ABSA CORPORATE & MERCHANT BANK,0,236579741,0,0,0.000194254134953484
EXPORT IMPORT BANK OF THE UNITED STATES,EXPORT IMPORT BANK OF THE UNITED STATES,0,4.7e+09,0,0,0.000194254134953484
AFRICAN DEVELOPMENT BANK,AFRICAN DEVELOPMENT BANK,683081298,4e+08,1,0,0.000279221369068946
EXPORT-IMPORT BANK OF THAILAND,EXPORT-IMPORT BANK OF THAILAND,0,1.5e+08,0,0,0.000194254134953484
PUNJAB NATIONAL BANK,PUNJAB NATIONAL BANK,0,412654693,0,0,0.000194254134953484
BANQUE POPULAIRE GRAND OUEST,BANQUE POPULAIRE GRAND OUEST,0,49617994,0,0,0.000194254134953484
SHIZUOKA BANK EUROPE,SHIZUOKA BANK EUROPE,0,30214525,0,0,0.000194254134953484
AMINVESTMENT BANK BHD,AMINVESTMENT BANK BHD,0,134378499,0,0,0.000194254134953484
BANK ISLAM MALAYSIA BHD,BANK ISLAM MALAYSIA BHD,0,134378499,0,0,0.000194254134953484
MAYBANK ISLAMIC BHD,MAYBANK ISLAMIC BHD,0,286296113,0,0,0.000194254134953484
RHB ISLAMIC BANK BHD,RHB ISLAMIC BANK BHD,0,134378499,0,0,0.000194254134953484
NOMURA BANK INTERNATIONAL,NOMURA BANK INTERNATIONAL,0,406208109,0,0,0.000194254134953484
BANKIA,BANKIA,0,73381843,0,0,0.000194254134953484
BANK OF KYOTO,BANK OF KYOTO,0,137748504,0,0,0.000194254134953484
BANCO DE CREDITO SOCIAL COOPERATIVO,BANCO DE CREDITO SOCIAL COOPERATIVO,0,35829210,0,0,0.000194254134953484
AFRASIA BANK,AFRASIA BANK,0,519212178,0,0,0.000194254134953484
BNY,BNY,7.38e+08,6741690874,2236,0.0909716483657007,0.000202283052017053
MAYBANK INTERNATIONAL,MAYBANK INTERNATIONAL,0,197327731,0,0,0.000194254134953484
WESTERN ALLIANCE BANCORP,WESTERN ALLIANCE BANCORP,0,563564730,0,0,0.000194254134953484
DNB BANK ASA,DNB BANK ASA,0,2106506352,0,0,0.000194254134953484
RAIFFEISENLANDESBANK OBEROSTERREICH,RAIFFEISENLANDESBANK OBEROSTERREICH,0,9360959,0,0,0.000194254134953484
FIRST HORIZON BANK,FIRST HORIZON BANK,0,916967239,0,0,0.000194254134953484
MC FINANCING SPV I,MC FINANCING SPV I,0,14406863,0,0,0.000194254134953484
MONROE CAPITAL,MONROE CAPITAL,317500000,331808823,445,0.0104967724093702,0.000376157893062198
PREFERRED BANK,PREFERRED BANK,0,501890991,0,0,0.000194254134953484
ASB BANK,ASB BANK,0,281564788,0,0,0.000194254134953484
AWARE SUPER PTY,AWARE SUPER PTY,0,221799492,0,0,0.000194254134953484
KIWIBANK,KIWIBANK,0,38197895,0,0,0.000194254134953484
ANTARES HOLDINGS,ANTARES HOLDINGS,0,545117093,0,0,0.000194254134953484
MANULIFE FINANCIAL,MANULIFE FINANCIAL,5e+08,122792935,252,0.092450862160265,0.000197891807859878
EURASIAN DEVELOPMENT BANK,EURASIAN DEVELOPMENT BANK,0,54626218,0,0,0.000194254134953484
NATIONAL BANK FINANCIAL,NATIONAL BANK FINANCIAL,0,1187654581,0,0,0.000194254134953484
BANK,BANK,0,6e+07,0,0,0.000194254134953484
HUNTINGTON BANK,HUNTINGTON BANK,0,543158788,0,0,0.000194254134953484
FIRSTBANK FLORIDA,FIRSTBANK FLORIDA,0,74559558,0,0,0.000194254134953484
BANK OF HOPE,BANK OF HOPE,0,527227382,0,0,0.000194254134953484
REGIONS CAPITAL MARKETS,REGIONS CAPITAL MARKETS,0,129340063,0,0,0.000194254134953484
CADENCE BANK,CADENCE BANK,0,412970030,0,0,0.000194254134953484
CROSSFIRST BANK,CROSSFIRST BANK,0,144912455,0,0,0.000194254134953484
FIRST FOUNDATION BANK,FIRST FOUNDATION BANK,0,193273810,0,0,0.000194254134953484
PIONEER BANK,PIONEER BANK,0,26666667,0,0,0.000194254134953484
REPUBLIC BANK OF CHICAGO,REPUBLIC BANK OF CHICAGO,0,5e+07,0,0,0.000194254134953484
IFM INVESTORS (NOMINEES),IFM INVESTORS (NOMINEES),0,85732210,0,0,0.000194254134953484
MACQUARIE BANK,MACQUARIE BANK,0,727855395,0,0,0.000194254134953484
PERPETUAL CORPORATE,PERPETUAL CORPORATE,0,125469853,0,0,0.000194254134953484
UNITED SUPER PTY,UNITED SUPER PTY,0,60318658,0,0,0.000194254134953484
CATHAY LIFE INSURANCE,CATHAY LIFE INSURANCE,0,66724705,0,0,0.000194254134953484
CTBC BANK HONG KONG,CTBC BANK HONG KONG,0,66724705,0,0,0.000194254134953484
E SUN BANK CHINA,E SUN BANK CHINA,0,273444996,0,0,0.000194254134953484
AUDAX PRIVATE DEBT,AUDAX PRIVATE DEBT,0,635450064,0,0,0.000194254134953484
HANCOCK BANK,HANCOCK BANK,0,94689809,0,0,0.000194254134953484
BANK OF NINGBO,BANK OF NINGBO,0,43832465,0,0,0.000194254134953484
TBK BANK,TBK BANK,0,163743326,0,0,0.000194254134953484
HUAXIA BANK,HUAXIA BANK,0,120470788,0,0,0.000194254134953484
FUKUOKA BANK,FUKUOKA BANK,0,21485069,0,0,0.000194254134953484
SHANGHAI COMMERCIAL BANK,SHANGHAI COMMERCIAL BANK,0,403788580,0,0,0.000194254134953484
NATIONAL BANK OF CANADA,NATIONAL BANK OF CANADA,0,3761800263,0,0,0.000194254134953484
MARANON CAPITAL LP,MARANON CAPITAL LP,0,67994455,0,0,0.000194254134953484
DBS BANK (HONG KONG),DBS BANK (HONG KONG),0,1279365155,0,0,0.000194254134953484
CHIYU,CHIYU,0,628070342,0,0,0.000194254134953484
ARES MANAGEMENT,ARES MANAGEMENT,1400000007,825607302,401,0.0561659574788393,0.000225652424968215
EMIRATES NBD CAPITAL,EMIRATES NBD CAPITAL,0,513924075,0,0,0.000194254134953484
EUROPEAN BANK FOR RECONSTRUCTION & DEVELOPMENT (EBRD),EUROPEAN BANK FOR RECONSTRUCTION & DEVELOPMENT (EBRD),0,228046124,0,0,0.000194254134953484
AXA INVESTMENT MANAGERS UK,AXA INVESTMENT MANAGERS UK,0,33114504,0,0,0.000194254134953484
BANK SINOPAC HONG KONG,BANK SINOPAC HONG KONG,0,133769400,0,0,0.000194254134953484
NEC CAPITAL SOLUTIONS,NEC CAPITAL SOLUTIONS,0,42724080,0,0,0.000194254134953484
FUKUHO BANK,FUKUHO BANK,0,5825865,0,0,0.000194254134953484
SENSHU IKEDA BANK,SENSHU IKEDA BANK,0,48629638,0,0,0.000194254134953484
TOTTORI BANK,TOTTORI BANK,0,62490453,0,0,0.000194254134953484
BANK OF THE WEST,BANK OF THE WEST,0,124703476,0,0,0.000194254134953484
BANKUNITED,BANKUNITED,0,1043807845,0,0,0.000194254134953484
CITY NATIONAL BANK OF FLORIDA,CITY NATIONAL BANK OF FLORIDA,0,79333333,0,0,0.000194254134953484
MANUFACTURERS AND TRADERS COMPANY,MANUFACTURERS AND TRADERS COMPANY,0,168500000,0,0,0.000194254134953484
SYNOVUS BANK,SYNOVUS BANK,0,1570104731,0,0,0.000194254134953484
TRUSTMARK NATIONAL BANK,TRUSTMARK NATIONAL BANK,0,64750000,0,0,0.000194254134953484
SUNFLOWER BANK,SUNFLOWER BANK,0,85441631,0,0,0.000194254134953484
NOMURA BANK EUROPE,NOMURA BANK EUROPE,0,466755658,0,0,0.000194254134953484
OLDENBURGISCHE LANDESBANK,OLDENBURGISCHE LANDESBANK,0,38186287,0,0,0.000194254134953484
AVIVA INVESTORS,AVIVA INVESTORS,0,247058671,0,0,0.000194254134953484
DBS AUSTRALIA,DBS AUSTRALIA,0,277221953,0,0,0.000194254134953484
BANK OF EAST ASIA SINGAPORE,BANK OF EAST ASIA SINGAPORE,0,422619885,0,0,0.000194254134953484
CIMB BANK SINGAPORE,CIMB BANK SINGAPORE,0,29476935,0,0,0.000194254134953484
CTBC BANK SINGAPORE,CTBC BANK SINGAPORE,0,185237459,0,0,0.000194254134953484
KOOKMIN BANK,KOOKMIN BANK,9.5e+08,684057280,125,0,0.000303802862359204
MALAYAN BHD SINGAPORE,MALAYAN BHD SINGAPORE,0,466687697,0,0,0.000194254134953484
WOORI BANK HONG KONG,WOORI BANK HONG KONG,0,43563799,0,0,0.000194254134953484
WOORI GLOBAL MARKETS ASIA,WOORI GLOBAL MARKETS ASIA,0,43563799,0,0,0.000194254134953484
BANK OF JIANGSU,BANK OF JIANGSU,0,478998303,0,0,0.000194254134953484
BANK OF SUZHOU,BANK OF SUZHOU,0,412130177,0,0,0.000194254134953484
TORONTO-DOMINION BANK,TORONTO-DOMINION BANK,0,1663960296,0,0,0.000194254134953484
HITACHI CAPITAL AMERICA,HITACHI CAPITAL AMERICA,0,127168400,0,0,0.000194254134953484
HITACHI CAPITAL JAPAN,HITACHI CAPITAL JAPAN,0,47944207,0,0,0.000194254134953484
INSTITUTO DE CREDITO OFICIAL (ICO),INSTITUTO DE CREDITO OFICIAL (ICO),0,153348315,0,0,0.000194254134953484
THE DAI-ICHI LIFE INSURANCE,THE DAI-ICHI LIFE INSURANCE,0,223493612,0,0,0.000194254134953484
KDB ASIA,KDB ASIA,0,541606056,0,0,0.000194254134953484
CAISSE D'EPARGNE ILE DE FRANCE,CAISSE D'EPARGNE ILE DE FRANCE,0,70888519,0,0,0.000194254134953484
PALATINE BANK &,PALATINE BANK &,0,14171452,0,0,0.000194254134953484
ROTHESAY LIFE,ROTHESAY LIFE,0,25349819,0,0,0.000194254134953484
GOLUB CAPITAL,GOLUB CAPITAL,0,81458586,0,0,0.000194254134953484
COMERICA BANK,COMERICA BANK,0,2562369766,0,0,0.000194254134953484
EMPRISE BANK,EMPRISE BANK,0,43750000,0,0,0.000194254134953484
BANCORPSOUTH BANK,BANCORPSOUTH BANK,0,28081867,0,0,0.000194254134953484
DEVON BANK,DEVON BANK,0,9e+06,0,0,0.000194254134953484
RHB BANK BERHAD,RHB BANK BERHAD,0,280324954,0,0,0.000194254134953484
OQUENDO CAPITAL SL,OQUENDO CAPITAL SL,0,26714959,0,0,0.000194254134953484
BTA INSTITUTIONAL SERVICES AUSTRALIA,BTA INSTITUTIONAL SERVICES AUSTRALIA,0,13002041,0,0,0.000194254134953484
MANUFACTURERS LIFE INSURANCE,MANUFACTURERS LIFE INSURANCE,0,13002041,0,0,0.000194254134953484
MANUFACTURERS LIFE REINSURANCE,MANUFACTURERS LIFE REINSURANCE,0,13002041,0,0,0.000194254134953484
TD ASSET MANAGEMENT,TD ASSET MANAGEMENT,0,122321881,0,0,0.000194254134953484
MAYBANK INTERNATIONAL LABUAN,MAYBANK INTERNATIONAL LABUAN,0,11506610,0,0,0.000194254134953484
HANCOCK WHITNEY BANK,HANCOCK WHITNEY BANK,0,449042899,0,0,0.000194254134953484
ICO,ICO,0,143537804,0,0,0.000194254134953484
KUTXABANK,KUTXABANK,0,199238131,0,0,0.000194254134953484
SP EUROCREANCES 2020 CLASSIQUE,SP EUROCREANCES 2020 CLASSIQUE,0,33861888,0,0,0.000194254134953484
BROWN BROTHERS HARRIMAN &,BROWN BROTHERS HARRIMAN &,0,1083553489,0,0,0.000194254134953484
NORTHERN,NORTHERN,0,2852531027,0,0,0.000194254134953484
INTERNATIONAL FINANCE (IFC),INTERNATIONAL FINANCE (IFC),0,628824810,0,0,0.000194254134953484
CIBC BANK USA,CIBC BANK USA,0,56250000,0,0,0.000194254134953484
BMO HARRIS BANK,BMO HARRIS BANK,0,1051149395,0,0,0.000194254134953484
BANQUE POPULAIRE D'ALSACE,BANQUE POPULAIRE D'ALSACE,0,16736600,0,0,0.000194254134953484
BANQUE POPULAIRE VAL DE FRANCE,BANQUE POPULAIRE VAL DE FRANCE,0,75099307,0,0,0.000194254134953484
LYXOR,LYXOR,0,16736600,0,0,0.000194254134953484
GLENCORE PENSION FUND,GLENCORE PENSION FUND,0,34405998,0,0,0.000194254134953484
HR US INFRA DEBT LP,HR US INFRA DEBT LP,0,34405998,0,0,0.000194254134953484
KWASA BRECCIA DESIGNATED ACTIVITY COMPANY,KWASA BRECCIA DESIGNATED ACTIVITY COMPANY,0,34405998,0,0,0.000194254134953484
SWISS RE AUSTRALIA,SWISS RE AUSTRALIA,0,34405998,0,0,0.000194254134953484
DNB (UK),DNB (UK),0,93217413,0,0,0.000194254134953484
BANK OF OKLAHOMA,BANK OF OKLAHOMA,0,187820524,0,0,0.000194254134953484
BANCORPSOUTH,BANCORPSOUTH,0,58125000,0,0,0.000194254134953484
INTRUST BANK,INTRUST BANK,0,117235944,0,0,0.000194254134953484
HIGO BANK,HIGO BANK,0,26454490,0,0,0.000194254134953484
STIFEL BANK &,STIFEL BANK &,0,1886081097,0,0,0.000194254134953484
CARLYLE GLOBAL PARTNERS,CARLYLE GLOBAL PARTNERS,0,131381889,0,0,0.000194254134953484
BANCO MERCANTIL DEL NORTE INSTITUCION DE BANCA MULTIPLE GRUPO FINANCIERO BANO,BANCO MERCANTIL DEL NORTE INSTITUCION DE BANCA MULTIPLE GRUPO FINANCIERO BANO,0,52693264,0,0,0.000194254134953484
ARAB BSC,ARAB BSC,0,780043581,0,0,0.000194254134953484
CHINA -FINANCING FUND FOR LATIN AMERICA & THE CARIBBEAN,CHINA -FINANCING FUND FOR LATIN AMERICA & THE CARIBBEAN,0,31250000,0,0,0.000194254134953484
DEVELOPMENT FINANCE INSTITUTE CANADA DFIC,DEVELOPMENT FINANCE INSTITUTE CANADA DFIC,0,31250000,0,0,0.000194254134953484
UNITED TEXAS BANK,UNITED TEXAS BANK,0,162568062,0,0,0.000194254134953484
STATE STREET BANK,STATE STREET BANK,0,6605993907,0,0,0.000194254134953484
UMB BANK,UMB BANK,0,2082425924,0,0,0.000194254134953484
WASHINGTON FINANCIAL BANK,WASHINGTON FINANCIAL BANK,0,31818182,0,0,0.000194254134953484
STERLING BANK,STERLING BANK,0,64508689,0,0,0.000194254134953484
GLAS USA,GLAS USA,0,88951393,0,0,0.000194254134953484
COTA COMMERCIAL BANK,COTA COMMERCIAL BANK,0,163228495,0,0,0.000194254134953484
ARAB BANK FOR ECONOMIC DEVELOPMENT IN AFRICA,ARAB BANK FOR ECONOMIC DEVELOPMENT IN AFRICA,0,76925094,0,0,0.000194254134953484
EASTERN & SOUTHERN AFRICAN TRADE & DEVELOPMENT BANK,EASTERN & SOUTHERN AFRICAN TRADE & DEVELOPMENT BANK,0,84392937,0,0,0.000194254134953484
FEDERATED LIFE INSURANCE,FEDERATED LIFE INSURANCE,0,28837381,0,0,0.000194254134953484
FIRST CITY MONUMENT BANK,FIRST CITY MONUMENT BANK,0,102464405,0,0,0.000194254134953484
LONDON FORFAITING,LONDON FORFAITING,0,58817215,0,0,0.000194254134953484
SANLAM CAPITAL MARKETS,SANLAM CAPITAL MARKETS,0,28837381,0,0,0.000194254134953484
DOLLAR BANK,DOLLAR BANK,0,78125000,0,0,0.000194254134953484
HUNTINGTON BANCSHARES,HUNTINGTON BANCSHARES,0,78125000,0,0,0.000194254134953484
JOHN HANCOCK LIFE INSURANCE OF AMERICA,JOHN HANCOCK LIFE INSURANCE OF AMERICA,0,115550000,0,0,0.000194254134953484
BANK OF BARODA,BANK OF BARODA,1799999999,1490646860,1577,0,0.000679281293597776
NORFUND,NORFUND,0,41723476,0,0,0.000194254134953484
ATLANTIC UNION BANK,ATLANTIC UNION BANK,0,263323592,0,0,0.000194254134953484
HOMESTREET BANK,HOMESTREET BANK,0,88709118,0,0,0.000194254134953484
JACKSON NATIONAL LIFE,JACKSON NATIONAL LIFE,0,56209118,0,0,0.000194254134953484
PACIFIC PREMIER BANK,PACIFIC PREMIER BANK,0,56209118,0,0,0.000194254134953484
SIGNATURE BANK,SIGNATURE BANK,0,273496923,0,0,0.000194254134953484
BANK SINOPAC OFFSHORE UNIT,BANK SINOPAC OFFSHORE UNIT,0,71944629,0,0,0.000194254134953484
CHANG HWA COMMERCIAL BANK OFFSHORE,CHANG HWA COMMERCIAL BANK OFFSHORE,0,769474911,0,0,0.000194254134953484
KGI BANK,KGI BANK,0,743773806,0,0,0.000194254134953484
METLIFE,METLIFE,0,283200639,0,0,0.000194254134953484
SHINHAN BANK SYDNEY,SHINHAN BANK SYDNEY,0,115265758,0,0,0.000194254134953484
RENASANT BANK,RENASANT BANK,0,99175611,0,0,0.000194254134953484
COOPERATIEVE RABOBANK UA,COOPERATIEVE RABOBANK UA,5e+07,291142154,6,0,0.000207383071032713
BANCO COMERCIAL PORTUGUES MACAU,BANCO COMERCIAL PORTUGUES MACAU,0,189141593,0,0,0.000194254134953484
HUA XIA BANK,HUA XIA BANK,0,836229264,0,0,0.000194254134953484
INDUSTRIAL BANK HONG KONG,INDUSTRIAL BANK HONG KONG,0,674947865,0,0,0.000194254134953484
SMBC BANK,SMBC BANK,0,47385592,0,0,0.000194254134953484
TOYOKAWA SHINKIN BANK,TOYOKAWA SHINKIN BANK,0,5094137,0,0,0.000194254134953484
ISHINOMAKI SHINKIN BANK,ISHINOMAKI SHINKIN BANK,0,9372185,0,0,0.000194254134953484
SHIMANAMI SHINKIN,SHIMANAMI SHINKIN,0,9372185,0,0,0.000194254134953484
TAKASAKI SHINKIN,TAKASAKI SHINKIN,0,9372185,0,0,0.000194254134953484
ROCKY MOUNTAIN BANK,ROCKY MOUNTAIN BANK,0,35297000,0,0,0.000194254134953484
NOMURA CORPORATE AMERICAS,NOMURA CORPORATE AMERICAS,0,181794809,0,0,0.000194254134953484
BANGKOK BANK,BANGKOK BANK,0,42960764,0,0,0.000194254134953484
MT BANK,MT BANK,0,1359541613,0,0,0.000194254134953484
BUSINESS DEVELOPMENT BANK OF CANADA,BUSINESS DEVELOPMENT BANK OF CANADA,0,25979971,0,0,0.000194254134953484
CANADIAN WESTERN BANK,CANADIAN WESTERN BANK,0,258140622,0,0,0.000194254134953484
DNB,DNB,0,105378639,0,0,0.000194254134953484
CANARA BANK,CANARA BANK,310000002,373411662,365,0,0.000291534196156259
SALEM FIVE BANK,SALEM FIVE BANK,0,28827220,0,0,0.000194254134953484
ALTER DOMUS SARL,ALTER DOMUS SARL,2194158618,84552166,136,0.0756738499292131,0.000358836726290911
BANGKOK BANK HONG KONG,BANGKOK BANK HONG KONG,0,31428571,0,0,0.000194254134953484
BANGKOK BANK OBU,BANGKOK BANK OBU,0,31428571,0,0,0.000194254134953484
O-BANK,O-BANK,0,358695948,0,0,0.000194254134953484
COMMERCE BANK,COMMERCE BANK,0,189924517,0,0,0.000194254134953484
BANK OF MAHARASHTRA,BANK OF MAHARASHTRA,0,60999301,0,0,0.000194254134953484
SBI CAPITAL MARKETS,SBI CAPITAL MARKETS,0,132460924,0,0,0.000194254134953484
UCO BANK,UCO BANK,0,139267682,0,0,0.000194254134953484
EASTERN BANK,EASTERN BANK,0,265841979,0,0,0.000194254134953484
UNITED BANK,UNITED BANK,0,93622532,0,0,0.000194254134953484
HANA FINANCIAL INVESTMENT,HANA FINANCIAL INVESTMENT,0,109319840,0,0,0.000194254134953484
JUST RETIREMENT,JUST RETIREMENT,0,109319840,0,0,0.000194254134953484
MANULIFE INSURANCE,MANULIFE INSURANCE,0,109319840,0,0,0.000194254134953484
NH INVESTMENT &,NH INVESTMENT &,0,181151489,0,0,0.000194254134953484
NONGHYUP BANK,NONGHYUP BANK,0,232784847,0,0,0.000194254134953484
SAMSUNG GLOBAL INFRASTRUCTURE INVESTMENT FUND,SAMSUNG GLOBAL INFRASTRUCTURE INVESTMENT FUND,0,109319840,0,0,0.000194254134953484
SUN LIFE ASSURANCE OF CANADA,SUN LIFE ASSURANCE OF CANADA,0,259319840,0,0,0.000194254134953484
SWISS REINSURANCE,SWISS REINSURANCE,0,109319840,0,0,0.000194254134953484
VANTAGE INFRASTRUCTURE,VANTAGE INFRASTRUCTURE,0,109319840,0,0,0.000194254134953484
AUDAX GROUP LP,AUDAX GROUP LP,0,75842759,0,0,0.000194254134953484
BANK VICTORIA INTERNATIONAL TBK PT,BANK VICTORIA INTERNATIONAL TBK PT,0,12602394,0,0,0.000194254134953484
NANYANG COMMERCIAL BANK,NANYANG COMMERCIAL BANK,0,1649982297,0,0,0.000194254134953484
TARGOBANK,TARGOBANK,0,54466066,0,0,0.000194254134953484
NISHI-CHUGOKU SHINKIN BANK,NISHI-CHUGOKU SHINKIN BANK,0,20448233,0,0,0.000194254134953484
YAMAGUCHI BANK,YAMAGUCHI BANK,0,60938821,0,0,0.000194254134953484
DBS BANK CHINA,DBS BANK CHINA,0,60526506,0,0,0.000194254134953484
SPD SILICON VALLEY BANK,SPD SILICON VALLEY BANK,0,121238378,0,0,0.000194254134953484
BANCO DEL ESTADO DE CHILE,BANCO DEL ESTADO DE CHILE,0,56296722,0,0,0.000194254134953484
CHINA CNR,CHINA CNR,0,28148361,0,0,0.000194254134953484
CREDIT EUROPE BANK (SUISSE),CREDIT EUROPE BANK (SUISSE),0,72617458,0,0,0.000194254134953484
DOHA BANK QPSC,DOHA BANK QPSC,912500000,1096003199,1242,0.0612024627615371,0.000537416786751415
ERSTE GROUP BANK,ERSTE GROUP BANK,0,659154956,0,0,0.000194254134953484
INTESA SANPAOLO BANK LUXEMBOURG,INTESA SANPAOLO BANK LUXEMBOURG,0,12962542,0,0,0.000194254134953484
KDB IRELAND DAC,KDB IRELAND DAC,0,90913967,0,0,0.000194254134953484
MAYBANK SINGAPORE,MAYBANK SINGAPORE,0,56296722,0,0,0.000194254134953484
NULL,NULL,0,28148361,0,0,0.000194254134953484
WOORI BANK LONDON,WOORI BANK LONDON,0,56296722,0,0,0.000194254134953484
CONSTRUCTION & BUILDING UNIONS SUPERANNUATION FUND,CONSTRUCTION & BUILDING UNIONS SUPERANNUATION FUND,0,108652078,0,0,0.000194254134953484
JYSKE BANK,JYSKE BANK,0,73954779,0,0,0.000194254134953484
UNION BANK OF TAIWAN,UNION BANK OF TAIWAN,0,204114311,0,0,0.000194254134953484
MANUFACTURERS & TRADERS,MANUFACTURERS & TRADERS,0,405224567,0,0,0.000194254134953484
IBERIABANK,IBERIABANK,0,2.5e+07,0,0,0.000194254134953484
BOFA,BOFA,0,56703347,0,0,0.000194254134953484
IBERCAJA,IBERCAJA,0,155484072,0,0,0.000194254134953484
LABORAL KUTXA,LABORAL KUTXA,0,14885126,0,0,0.000194254134953484
MUZINICH &,MUZINICH &,0,8745647,0,0,0.000194254134953484
BRIGHTHOUSE LIFE INSURANCE,BRIGHTHOUSE LIFE INSURANCE,0,36699085,0,0,0.000194254134953484
METLIFE INSURANCE KK,METLIFE INSURANCE KK,0,36699085,0,0,0.000194254134953484
METROPOLITAN LIFE INSURANCE,METROPOLITAN LIFE INSURANCE,0,36699085,0,0,0.000194254134953484
METROPOLITAN TOWER LIFE INSURANCE COMPANY,METROPOLITAN TOWER LIFE INSURANCE COMPANY,0,36699085,0,0,0.000194254134953484
PENSIONSKASSE DES BUNDES PUBLICA,PENSIONSKASSE DES BUNDES PUBLICA,0,36699085,0,0,0.000194254134953484
BANQUE POPULAIRE MEDITERRANNEE,BANQUE POPULAIRE MEDITERRANNEE,0,2662556,0,0,0.000194254134953484
NEVADA STATE BANK,NEVADA STATE BANK,0,154914467,0,0,0.000194254134953484
NATIONALE-NEDERLANDEN NEDERLAND BV,NATIONALE-NEDERLANDEN NEDERLAND BV,0,59726207,0,0,0.000194254134953484
SVENSKA HANDELSBANKEN AB (PUBL),SVENSKA HANDELSBANKEN AB (PUBL),0,528734399,0,0,0.000194254134953484
DIE SPARKASSE BREMEN,DIE SPARKASSE BREMEN,0,26042480,0,0,0.000194254134953484
INDUSTRIAL BANK OF KOREA,INDUSTRIAL BANK OF KOREA,8e+08,562221187,1845,0,0.000784495334805164
HANDELSBANKEN CAPITAL MARKETS,HANDELSBANKEN CAPITAL MARKETS,0,339896787,0,0,0.000194254134953484
SWEDBANK AB (PUBL),SWEDBANK AB (PUBL),0,300003016,0,0,0.000194254134953484
CLIFFORD CAPITAL,CLIFFORD CAPITAL,0,161028090,0,0,0.000194254134953484
BANK ISLAM BRUNEI DARUSSALAM BERHAD,BANK ISLAM BRUNEI DARUSSALAM BERHAD,0,254470588,0,0,0.000194254134953484
ATB FINANCIAL,ATB FINANCIAL,0,471108636,0,0,0.000194254134953484
PGIM,PGIM,0,74402481,0,0,0.000194254134953484
MASHREQBANK PSC,MASHREQBANK PSC,0,2597893353,0,0,0.000194254134953484
NEDBANK LONDON,NEDBANK LONDON,0,107504000,0,0,0.000194254134953484
ARVEST BANK,ARVEST BANK,0,454102564,0,0,0.000194254134953484
FIRST BANK,FIRST BANK,0,290128514,0,0,0.000194254134953484
OLD SECOND BANK,OLD SECOND BANK,0,45150000,0,0,0.000194254134953484
BAC FLORIDA BANK,BAC FLORIDA BANK,0,6259777,0,0,0.000194254134953484
BANCARIBE CURACAO BANK,BANCARIBE CURACAO BANK,0,15324868,0,0,0.000194254134953484
BANCARIBE INTERNATIONAL BANK,BANCARIBE INTERNATIONAL BANK,0,23658201,0,0,0.000194254134953484
BANCO CONTINENTAL SAECA,BANCO CONTINENTAL SAECA,0,44772019,0,0,0.000194254134953484
BANCO DE OCCIDENTE,BANCO DE OCCIDENTE,0,20545491,0,0,0.000194254134953484
BANCO FINANTIA,BANCO FINANTIA,0,64824868,0,0,0.000194254134953484
BHD INTERNATIONAL BANK PANAMA,BHD INTERNATIONAL BANK PANAMA,0,32974063,0,0,0.000194254134953484
BLADEX,BLADEX,0,56390556,0,0,0.000194254134953484
POPULAR BANK,POPULAR BANK,0,20259777,0,0,0.000194254134953484
PT BANK MANDIRI PERSERO,PT BANK MANDIRI PERSERO,0,108929703,0,0,0.000194254134953484
PT BANK NEGARA INDONESIA (PERSERO) TBK,PT BANK NEGARA INDONESIA (PERSERO) TBK,0,142994020,0,0,0.000194254134953484
PT BANK RAKYAT INDONESIA (PERSERO),PT BANK RAKYAT INDONESIA (PERSERO),0,74039068,0,0,0.000194254134953484
PT BANK TABUNGAN NEGARA (PERSERO),PT BANK TABUNGAN NEGARA (PERSERO),0,84945211,0,0,0.000194254134953484
BANK MUSCAT SAOG,BANK MUSCAT SAOG,664029712,324303772,1053,0.0175049686261529,0.000632793812592207
CANARA BANK LONDON,CANARA BANK LONDON,0,70383523,0,0,0.000194254134953484
LAND BANK OF TAIWAN HONG KONG,LAND BANK OF TAIWAN HONG KONG,0,101481865,0,0,0.000194254134953484
ARAB INVESTMENT COMPANY,ARAB INVESTMENT COMPANY,0,16666667,0,0,0.000194254134953484
BANK OF CAIRO SAE,BANK OF CAIRO SAE,0,39047709,0,0,0.000194254134953484
COMMERCIAL BANK PSQC,COMMERCIAL BANK PSQC,2350000007,251945895,1356,0.0117300747890494,0.000675575269731103
GULF BANK OF KUWAIT KSC,GULF BANK OF KUWAIT KSC,0,398545134,0,0,0.000194254134953484
NATIONAL BANK OF RAS AL-KHAIMAH,NATIONAL BANK OF RAS AL-KHAIMAH,0,1084612292,0,0,0.000194254134953484
KDB BANK EUROPE,KDB BANK EUROPE,0,24690431,0,0,0.000194254134953484
HEST AUSTRALIA,HEST AUSTRALIA,0,38839967,0,0,0.000194254134953484
INTERNATIONAL MONETARY FUND,INTERNATIONAL MONETARY FUND,0,8366433,0,0,0.000194254134953484
INDEPENDENT BANK (TIB),INDEPENDENT BANK (TIB),0,39226668,0,0,0.000194254134953484
WEST TEXAS NATIONAL BANK,WEST TEXAS NATIONAL BANK,0,44821545,0,0,0.000194254134953484
EMPLOYERS REASSURANCE,EMPLOYERS REASSURANCE,0,95414603,0,0,0.000194254134953484
WILTON RE,WILTON RE,0,95414603,0,0,0.000194254134953484
FIDELITY BANK,FIDELITY BANK,0,54333333,0,0,0.000194254134953484
FIRST BANK OF HIGHLAND PARK,FIRST BANK OF HIGHLAND PARK,0,125984496,0,0,0.000194254134953484
MUSASHINO BANK,MUSASHINO BANK,0,13627834,0,0,0.000194254134953484
NEW MOUNTAIN GUARDIAN III BDC,NEW MOUNTAIN GUARDIAN III BDC,0,86072580,0,0,0.000194254134953484
NMF SLF I SPV,NMF SLF I SPV,0,86072580,0,0,0.000194254134953484
SHELTER ROCK II SPV LP,SHELTER ROCK II SPV LP,0,86072580,0,0,0.000194254134953484
STONE POINT CREDIT,STONE POINT CREDIT,0,86072580,0,0,0.000194254134953484
KEB HANA BANK HONG KONG,KEB HANA BANK HONG KONG,0,39951419,0,0,0.000194254134953484
WISCONSIN BANK &,WISCONSIN BANK &,0,22350000,0,0,0.000194254134953484
JIANGSU RUDONG RURAL COMMERCIAL BANK,JIANGSU RUDONG RURAL COMMERCIAL BANK,0,26110551,0,0,0.000194254134953484
CATHAY UNITED BANK HONG KONG,CATHAY UNITED BANK HONG KONG,0,94940454,0,0,0.000194254134953484
OCBC WING HANG,OCBC WING HANG,0,41400842,0,0,0.000194254134953484
METRICS CAPITAL PARTNERS,METRICS CAPITAL PARTNERS,0,18594306,0,0,0.000194254134953484
BANK OF KUNLUN,BANK OF KUNLUN,0,462355945,0,0,0.000194254134953484
BEIJING RURAL COMMERCIAL BANK,BEIJING RURAL COMMERCIAL BANK,0,572079221,0,0,0.000194254134953484
HUISHANG BANK,HUISHANG BANK,0,589525554,0,0,0.000194254134953484
BANK OF EAST ASIA (CHINA),BANK OF EAST ASIA (CHINA),0,166184647,0,0,0.000194254134953484
BANK SINOPAC (CHINA),BANK SINOPAC (CHINA),0,75609097,0,0,0.000194254134953484
XIAMEN BANK,XIAMEN BANK,0,82154885,0,0,0.000194254134953484
AL KHALIJI FRANCE,AL KHALIJI FRANCE,0,41666667,0,0,0.000194254134953484
NATIONAL BANK OF EGYPT (UK),NATIONAL BANK OF EGYPT (UK),0,41666667,0,0,0.000194254134953484
SALEM FIVE CENTS SAVINGS BANK,SALEM FIVE CENTS SAVINGS BANK,0,21500000,0,0,0.000194254134953484
RESPONSABILITY INVESTMENTS,RESPONSABILITY INVESTMENTS,0,1e+07,0,0,0.000194254134953484
SPAREBANK 1 SR BANK ASA,SPAREBANK 1 SR BANK ASA,0,145020726,0,0,0.000194254134953484
RAYMOND JAMES BANK FSB,RAYMOND JAMES BANK FSB,0,31250000,0,0,0.000194254134953484
BANK LEUMI USA,BANK LEUMI USA,0,3e+07,0,0,0.000194254134953484
BYLINE BANK,BYLINE BANK,0,3e+07,0,0,0.000194254134953484
STANLIB ASSET MANAGEMENT (PTY),STANLIB ASSET MANAGEMENT (PTY),0,11508857,0,0,0.000194254134953484
CAISSE CENTRALE DESJARDINS,CAISSE CENTRALE DESJARDINS,0,465362606,0,0,0.000194254134953484
APOGEM CAPITAL,APOGEM CAPITAL,0,594980348,0,0,0.000194254134953484
CHURCHILL ASSET MANAGEMENT,CHURCHILL ASSET MANAGEMENT,0,138062470,0,0,0.000194254134953484
MAN VARAGON,MAN VARAGON,0,188732988,0,0,0.000194254134953484
CHINA GUANGFA BANK,CHINA GUANGFA BANK,0,702764432,0,0,0.000194254134953484
FIRST FINANCIAL BANK,FIRST FINANCIAL BANK,0,405686533,0,0,0.000194254134953484
ARAB INVESTMENT SAA,ARAB INVESTMENT SAA,0,2e+07,0,0,0.000194254134953484
NATIONAL BANK OF BAHRAIN,NATIONAL BANK OF BAHRAIN,0,164425367,0,0,0.000194254134953484
NATIONAL BANK OF UMM AL-QAIWAIN PSC,NATIONAL BANK OF UMM AL-QAIWAIN PSC,0,157027084,0,0,0.000194254134953484
APPLE BANK FOR SAVINGS,APPLE BANK FOR SAVINGS,0,1135539911,0,0,0.000194254134953484
BANCO DE BOGOTA,BANCO DE BOGOTA,0,21339722,0,0,0.000194254134953484
KOREA EXPORT IMPORT BANK,KOREA EXPORT IMPORT BANK,0,121545101,0,0,0.000194254134953484
BANCO DO BRASIL,BANCO DO BRASIL,0,25056209,0,0,0.000194254134953484
CHINA BOHAI BANK,CHINA BOHAI BANK,0,292283129,0,0,0.000194254134953484
COMMERZBANK SINGAPORE,COMMERZBANK SINGAPORE,0,232492883,0,0,0.000194254134953484
INDUSTRIAL BANK SHANGHAI,INDUSTRIAL BANK SHANGHAI,0,61838257,0,0,0.000194254134953484
BANCO TAI FUNG,BANCO TAI FUNG,0,20489980,0,0,0.000194254134953484
BCP BANK (MAURITIUS),BCP BANK (MAURITIUS),0,78198679,0,0,0.000194254134953484
SHANGHAI RURAL COMMERCIAL BANK,SHANGHAI RURAL COMMERCIAL BANK,0,339170712,0,0,0.000194254134953484
BANCO NACIONAL ULTRAMARINO,BANCO NACIONAL ULTRAMARINO,0,121142519,0,0,0.000194254134953484
EVERTRUST BANK,EVERTRUST BANK,0,8684667,0,0,0.000194254134953484
INDUSTRIAL BANK OF KOREA HONGKONG,INDUSTRIAL BANK OF KOREA HONGKONG,0,121952040,0,0,0.000194254134953484
SOUTH STATE BANK,SOUTH STATE BANK,0,69720271,0,0,0.000194254134953484
CAMBRIDGE SAVINGS BANK,CAMBRIDGE SAVINGS BANK,0,70472496,0,0,0.000194254134953484
FLAGSTAR BANK,FLAGSTAR BANK,0,485545556,0,0,0.000194254134953484
FEDERATION DES CAISSES DESJARDINS DU QUEBEC,FEDERATION DES CAISSES DESJARDINS DU QUEBEC,0,1660468587,0,0,0.000194254134953484
MERIDIAN BANK,MERIDIAN BANK,0,75442083,0,0,0.000194254134953484
JUROKU BANK,JUROKU BANK,0,32544692,0,0,0.000194254134953484
CALIFORNIA BANK &,CALIFORNIA BANK &,0,257028195,0,0,0.000194254134953484
HWATAI BANK,HWATAI BANK,0,23156313,0,0,0.000194254134953484
AKBANK TAS,AKBANK TAS,587883696,226025487,0,0.0203105180575412,0.000551771906846691
ANADOLUBANK AS,ANADOLUBANK AS,0,151212543,0,0,0.000194254134953484
DENIZBANK AS,DENIZBANK AS,2171836060,217988134,2402,0.0639798768242245,0.0018607780500888
QNB FINANSBANK AS,QNB FINANSBANK AS,0,151212543,0,0,0.000194254134953484
TURKIYE CUMHURIYETI ZIRAAT BANKASI AS,TURKIYE CUMHURIYETI ZIRAAT BANKASI AS,3982259963,151212543,6,0.0428032151971525,0.00232410183411588
TURKIYE HALK BANKASI AS,TURKIYE HALK BANKASI AS,0,151212543,0,0,0.000194254134953484
TURKIYE IS BANKASI AS,TURKIYE IS BANKASI AS,2148302542,158491690,18,0.0511060268153461,0.00169867136649751
TURKIYE SINAI KALKINMA BANKASI AS,TURKIYE SINAI KALKINMA BANKASI AS,403708386,69634570,70,0.014810803423195,0.000301409992389176
TURKIYE VAKIFLAR BANKASI TAO,TURKIYE VAKIFLAR BANKASI TAO,0,158491690,0,0,0.000194254134953484
YAPI VE KREDI BANKASI AS,YAPI VE KREDI BANKASI AS,943036488,158491690,51,0.030718343575943,0.000886855148651182
GROUPE CAISSE D'EPARGNE,GROUPE CAISSE D'EPARGNE,0,197277,0,0,0.000194254134953484
SOCIETE FINANCIERE DE LA NEF,SOCIETE FINANCIERE DE LA NEF,0,197277,0,0,0.000194254134953484
FIRST SENTIER INVESTORS (AUSTRALIA) RE,FIRST SENTIER INVESTORS (AUSTRALIA) RE,0,73136482,0,0,0.000194254134953484
SYDBANK,SYDBANK,0,64915138,0,0,0.000194254134953484
CREDIT INDUSTRIAL ET COMMERCIAL,CREDIT INDUSTRIAL ET COMMERCIAL,0,217174831,0,0,0.000194254134953484
MIANYANG RURAL COMMERCIAL BANK,MIANYANG RURAL COMMERCIAL BANK,0,29635477,0,0,0.000194254134953484
CIMB BANK BHD,CIMB BANK BHD,7.35e+08,341639565,49,0,0.000524774996533334
CAJAMAR CAJA RURAL SOCIEDAD COOPERATIVA DE CREDITO,CAJAMAR CAJA RURAL SOCIEDAD COOPERATIVA DE CREDITO,0,52084961,0,0,0.000194254134953484
LA FUNDACION BANCARIA IBERCAJA,LA FUNDACION BANCARIA IBERCAJA,0,52084961,0,0,0.000194254134953484
UNICAJA BANCO,UNICAJA BANCO,0,120644774,0,0,0.000194254134953484
DESJARDINS CAPITAL MARKETS,DESJARDINS CAPITAL MARKETS,0,723827417,0,0,0.000194254134953484
CHINA EVERBRIGHT BANK HONG KONG,CHINA EVERBRIGHT BANK HONG KONG,0,447051830,0,0,0.000194254134953484
CTBC BANK PHILIPPINES,CTBC BANK PHILIPPINES,0,65540967,0,0,0.000194254134953484
CIT GROUP,CIT GROUP,0,84377440,0,0,0.000194254134953484
OLD NATIONAL BANK,OLD NATIONAL BANK,0,364748771,0,0,0.000194254134953484
BREMER BANK,BREMER BANK,0,110901515,0,0,0.000194254134953484
CAISSE D'EPARGNE ET DE PREVOYANCE DE NORMANDIE,CAISSE D'EPARGNE ET DE PREVOYANCE DE NORMANDIE,0,63999576,0,0,0.000194254134953484
MASHREQ BANK,MASHREQ BANK,0,144585299,0,0,0.000194254134953484
WOORI BANK SINGAPORE,WOORI BANK SINGAPORE,0,31346154,0,0,0.000194254134953484
BANQUE POPULAIRE ALSACE LORRAINE CHAMPAGNE,BANQUE POPULAIRE ALSACE LORRAINE CHAMPAGNE,0,16272055,0,0,0.000194254134953484
BANCA CASSA DI RISPARMIO SAVIGLIANO SPA,BANCA CASSA DI RISPARMIO SAVIGLIANO SPA,0,15810253,0,0,0.000194254134953484
BANCA DI CREDITO COOPERATIVO DI MILANO SC,BANCA DI CREDITO COOPERATIVO DI MILANO SC,0,7280746,0,0,0.000194254134953484
BANCA GALILEO SPA,BANCA GALILEO SPA,0,7280746,0,0,0.000194254134953484
BANCA POPOLARE DI BARI,BANCA POPOLARE DI BARI,0,54157211,0,0,0.000194254134953484
BANCA SANTA GIULIA SPA,BANCA SANTA GIULIA SPA,0,15810253,0,0,0.000194254134953484
BANCO DI DESIO E DELLA BRIANZA,BANCO DI DESIO E DELLA BRIANZA,0,7280746,0,0,0.000194254134953484
CASSA DI RISPARMIO DI ASTI,CASSA DI RISPARMIO DI ASTI,0,15810253,0,0,0.000194254134953484
KOREA INVESTMENT &,KOREA INVESTMENT &,0,206155477,0,0,0.000194254134953484
KOREA INVESTMENT & ASIA,KOREA INVESTMENT & ASIA,0,206155477,0,0,0.000194254134953484
INTESA SANPAOLO SPA HONG KONG,INTESA SANPAOLO SPA HONG KONG,0,88721805,0,0,0.000194254134953484
SGBT FINANCE IRELAND,SGBT FINANCE IRELAND,0,86808268,0,0,0.000194254134953484
UNICREDIT BANK AUSTRIA,UNICREDIT BANK AUSTRIA,0,86808268,0,0,0.000194254134953484
HPS INVESTMENT PARTNERS,HPS INVESTMENT PARTNERS,474990001,1440825431,289,0.0273642360526422,0.000203039889362919
INFRASTRUCTURE CAPITAL GROUP,INFRASTRUCTURE CAPITAL GROUP,0,65551958,0,0,0.000194254134953484
BANK NEGARA INDONESIA SINGAPORE,BANK NEGARA INDONESIA SINGAPORE,0,34482759,0,0,0.000194254134953484
BANQUE INTERNATIONALE DE COMMERCE,BANQUE INTERNATIONALE DE COMMERCE,0,49283873,0,0,0.000194254134953484
TAICHUNG COMMERCIAL BANK OFFSHORE,TAICHUNG COMMERCIAL BANK OFFSHORE,0,186237922,0,0,0.000194254134953484
UCO BANK HONGKONG,UCO BANK HONGKONG,0,34482759,0,0,0.000194254134953484
BAR HARBOR BANK &,BAR HARBOR BANK &,0,153260766,0,0,0.000194254134953484
PINNACLE FINANCIAL PARTNERS,PINNACLE FINANCIAL PARTNERS,0,2.5e+07,0,0,0.000194254134953484
QATAR NATIONAL BANK SINGAPORE,QATAR NATIONAL BANK SINGAPORE,0,45807953,0,0,0.000194254134953484
TIAA BANK,TIAA BANK,0,166666667,0,0,0.000194254134953484
HENG FENG BANK,HENG FENG BANK,0,287866615,0,0,0.000194254134953484
THIRD COAST BANK SSB,THIRD COAST BANK SSB,0,46666666,0,0,0.000194254134953484
MVB BANK,MVB BANK,0,98401067,0,0,0.000194254134953484
VALLEY NATIONAL BANK,VALLEY NATIONAL BANK,0,457595065,0,0,0.000194254134953484
UCO BANK SINGAPORE,UCO BANK SINGAPORE,0,117059916,0,0,0.000194254134953484
ST GEORGE BANK,ST GEORGE BANK,0,57394827,0,0,0.000194254134953484
TRUIST BANK,TRUIST BANK,0,999938356,0,0,0.000194254134953484
KEXIM ASIA,KEXIM ASIA,2e+08,159051552,294,0,0.000202941104947538
BANK OF TAIWAN TOKYO,BANK OF TAIWAN TOKYO,0,148882924,0,0,0.000194254134953484
BANK OF YOKOHAMA SINGAPORE,BANK OF YOKOHAMA SINGAPORE,0,206850722,0,0,0.000194254134953484
CHANG HWA COMMERCIAL BANK TOKYO,CHANG HWA COMMERCIAL BANK TOKYO,0,54044672,0,0,0.000194254134953484
NTT TC LEASING,NTT TC LEASING,0,119074861,0,0,0.000194254134953484
US INTERNATIONAL DEVELOPMENT FINANCE,US INTERNATIONAL DEVELOPMENT FINANCE,0,7.6e+08,0,0,0.000194254134953484
HELIA CONSEIL,HELIA CONSEIL,0,2430631,0,0,0.000194254134953484
PT BANK CENTRAL ASIA TBK,PT BANK CENTRAL ASIA TBK,0,81505986,0,0,0.000194254134953484
INDEPENDENT BANK,INDEPENDENT BANK,0,260769231,0,0,0.000194254134953484
ZIONS FIRST NATIONAL BANK,ZIONS FIRST NATIONAL BANK,0,230769231,0,0,0.000194254134953484
FIRST NATIONAL BANK OF PENNSYLVANIA,FIRST NATIONAL BANK OF PENNSYLVANIA,0,291904956,0,0,0.000194254134953484
HANMI BANK,HANMI BANK,0,75250000,0,0,0.000194254134953484
JIANGNAN RURAL COMMERCIAL BANK,JIANGNAN RURAL COMMERCIAL BANK,0,65276381,0,0,0.000194254134953484
BRED BANK,BRED BANK,0,9168383,0,0,0.000194254134953484
DEUTSCHE KREDITBANK,DEUTSCHE KREDITBANK,0,10127489,0,0,0.000194254134953484
BOOKOOK,BOOKOOK,0,128302357,0,0,0.000194254134953484
BANK OF CHENGDU,BANK OF CHENGDU,0,15231156,0,0,0.000194254134953484
OP CORPORATE BANK,OP CORPORATE BANK,0,186429593,0,0,0.000194254134953484
FUYO GENERAL LEASE (ASIA) PTE,FUYO GENERAL LEASE (ASIA) PTE,0,11497997,0,0,0.000194254134953484
METROPOLITAN BANK &,METROPOLITAN BANK &,0,141660665,0,0,0.000194254134953484
KUWAIT FINANCE HOUSE KSC,KUWAIT FINANCE HOUSE KSC,0,691433840,0,0,0.000194254134953484
KUWAIT INTERNATIONAL BANK KSC,KUWAIT INTERNATIONAL BANK KSC,0,364470588,0,0,0.000194254134953484
SAUDI BRITISH BANK JSC,SAUDI BRITISH BANK JSC,0,272726571,0,0,0.000194254134953484
WARBA BANK KSCP,WARBA BANK KSCP,1.5e+08,196250000,18,0.0424655958919173,0.00022514872225794
NORTHRIM BANK,NORTHRIM BANK,0,87500000,0,0,0.000194254134953484
CATERPILLAR FINANCIAL AUSTRALIA,CATERPILLAR FINANCIAL AUSTRALIA,0,30473534,0,0,0.000194254134953484
MAURITIUS COMMERCIAL BANK,MAURITIUS COMMERCIAL BANK,1200000007,427901137,1081,0.0581454702563079,0.00105227499828845
TAICHUNG COMMERCIAL BANK LABUAN,TAICHUNG COMMERCIAL BANK LABUAN,0,231203504,0,0,0.000194254134953484
RHB BANK (L),RHB BANK (L),0,30907055,0,0,0.000194254134953484
KRUNG THAI BANK PUBLIC,KRUNG THAI BANK PUBLIC,0,49319654,0,0,0.000194254134953484
CHINA ZHESHANG BANK,CHINA ZHESHANG BANK,0,383937903,0,0,0.000194254134953484
QINGDAO RURAL COMMERCIAL BANK,QINGDAO RURAL COMMERCIAL BANK,0,28721608,0,0,0.000194254134953484
ERSTE BANK,ERSTE BANK,0,185382082,0,0,0.000194254134953484
FIRST CITIZENS BANK &,FIRST CITIZENS BANK &,0,392454079,0,0,0.000194254134953484
PT BANK BUKOPIN TBK,PT BANK BUKOPIN TBK,0,20437500,0,0,0.000194254134953484
PT BANK CIMB NIAGA TBK,PT BANK CIMB NIAGA TBK,0,63343643,0,0,0.000194254134953484
PT BANK KEB HANA INDONESIA,PT BANK KEB HANA INDONESIA,0,184131342,0,0,0.000194254134953484
PT BANK MANDIRI PERSERO TBK SINGAPORE,PT BANK MANDIRI PERSERO TBK SINGAPORE,0,56020833,0,0,0.000194254134953484
CREDIT COOPERATIF,CREDIT COOPERATIF,0,17914868,0,0,0.000194254134953484
LOTTE FINANCIAL,LOTTE FINANCIAL,19387359,6652309,83,0,0.000211431668932128
NOMURA CAPITAL INVESTMENT,NOMURA CAPITAL INVESTMENT,0,14445592,0,0,0.000194254134953484
GENERALI REAL ESTATE SGR SPA,GENERALI REAL ESTATE SGR SPA,0,77901824,0,0,0.000194254134953484
BANCO CONTINENTAL,BANCO CONTINENTAL,0,36619047,0,0,0.000194254134953484
BRADESCO,BRADESCO,0,93308117,0,0,0.000194254134953484
INTERNATIONAL COMMERCIAL BANK,INTERNATIONAL COMMERCIAL BANK,0,1.4e+07,0,0,0.000194254134953484
NIBC BANK,NIBC BANK,0,198001668,0,0,0.000194254134953484
BANCA DEL MEZZOGIORNO MEDIOCREDITO CENTRALE SPA,BANCA DEL MEZZOGIORNO MEDIOCREDITO CENTRALE SPA,0,46876465,0,0,0.000194254134953484
BANCA POPOLARE DI PUGLIA E BASILICATA,BANCA POPOLARE DI PUGLIA E BASILICATA,0,46876465,0,0,0.000194254134953484
KEXIM BANK (UK),KEXIM BANK (UK),0,53333333,0,0,0.000194254134953484
CATHAY UNITED BANK SINGAPORE,CATHAY UNITED BANK SINGAPORE,0,8333333,0,0,0.000194254134953484
KOOKMIN BANK HONG KONG,KOOKMIN BANK HONG KONG,0,8333333,0,0,0.000194254134953484
SHANGHAI COMMERCIAL & SAVINGS BANK SINGAPORE,SHANGHAI COMMERCIAL & SAVINGS BANK SINGAPORE,0,25682664,0,0,0.000194254134953484
SHIN KONG COMMERCIAL BANK HONG KONG,SHIN KONG COMMERCIAL BANK HONG KONG,0,104576007,0,0,0.000194254134953484
HANG SENG BANK (CHINA),HANG SENG BANK (CHINA),0,59845619,0,0,0.000194254134953484
CHINA BILLS FINANCE,CHINA BILLS FINANCE,0,69145250,0,0,0.000194254134953484
INTERNATIONAL BILLS FINANCE,INTERNATIONAL BILLS FINANCE,0,48955697,0,0,0.000194254134953484
MEGA BILLS FINANCE,MEGA BILLS FINANCE,0,91524645,0,0,0.000194254134953484
TA CHING BILL FINANCE,TA CHING BILL FINANCE,0,13718947,0,0,0.000194254134953484
TAIWAN COOPERATIVE BILLS FINANCE,TAIWAN COOPERATIVE BILLS FINANCE,0,41184256,0,0,0.000194254134953484
AMERICAN NATIONAL BANK OF TEXAS,AMERICAN NATIONAL BANK OF TEXAS,0,29952083,0,0,0.000194254134953484
WASHINGTON FEDERAL SAVINGS BANK,WASHINGTON FEDERAL SAVINGS BANK,0,29952083,0,0,0.000194254134953484
METROBANK,METROBANK,0,11290517,0,0,0.000194254134953484
VALLEY BANK &,VALLEY BANK &,0,139422541,0,0,0.000194254134953484
DEUTSCHE POSTBANK,DEUTSCHE POSTBANK,0,30720370,0,0,0.000194254134953484
CHUKYO BANK,CHUKYO BANK,0,9169446,0,0,0.000194254134953484
JUHACHI-SHINWA BANK,JUHACHI-SHINWA BANK,0,13483448,0,0,0.000194254134953484
OGAKI KYORITSU BANK,OGAKI KYORITSU BANK,0,13483448,0,0,0.000194254134953484
PT BANK RAKYAT INDONESIA (PERSERO) SINGAPORE,PT BANK RAKYAT INDONESIA (PERSERO) SINGAPORE,0,5583333,0,0,0.000194254134953484
BANK OF PHILIPPINE ISLANDS,BANK OF PHILIPPINE ISLANDS,0,40906143,0,0,0.000194254134953484
JA MITSUI LEASING,JA MITSUI LEASING,0,61250000,0,0,0.000194254134953484
ISRAEL DISCOUNT BANK,ISRAEL DISCOUNT BANK,0,84350526,0,0,0.000194254134953484
BANK NEGARA INDONESIA (PERSERO) TBK,BANK NEGARA INDONESIA (PERSERO) TBK,0,13636364,0,0,0.000194254134953484
MEGA BANK,MEGA BANK,0,81125800,0,0,0.000194254134953484
TAISHIN BANK,TAISHIN BANK,0,64774566,0,0,0.000194254134953484
PUBLIC BANK HONG KONG,PUBLIC BANK HONG KONG,0,21052632,0,0,0.000194254134953484
AXOS BANK,AXOS BANK,0,180726985,0,0,0.000194254134953484
GEORGIA,GEORGIA,0,123333333,0,0,0.000194254134953484
LIVE OAK BANK,LIVE OAK BANK,0,194516082,0,0,0.000194254134953484
ATLANTIC FORFAITIERUNGS,ATLANTIC FORFAITIERUNGS,0,131079596,0,0,0.000194254134953484
NBSA,NBSA,0,88387897,0,0,0.000194254134953484
RAWBANK,RAWBANK,0,40703324,0,0,0.000194254134953484
SANLAM,SANLAM,0,100015334,0,0,0.000194254134953484
ARAB BANK FOR INVESTMENT AND FOREIGN TRADE PJSC (AL MASRAF),ARAB BANK FOR INVESTMENT AND FOREIGN TRADE PJSC (AL MASRAF),0,97726571,0,0,0.000194254134953484
BANK ALJAZIRA JSC,BANK ALJAZIRA JSC,0,125504349,0,0,0.000194254134953484
EMIRATES NBD PJSC,EMIRATES NBD PJSC,0,930797297,0,0,0.000194254134953484
COMPEER FINANCIAL,COMPEER FINANCIAL,0,20376288,0,0,0.000194254134953484
HAMBURG COMMERCIAL BANK,HAMBURG COMMERCIAL BANK,0,671058757,0,0,0.000194254134953484
FARM CREDIT BANK OF TEXAS,FARM CREDIT BANK OF TEXAS,0,221189230,0,0,0.000194254134953484
FARM CREDIT SERVICES OF AMERICA,FARM CREDIT SERVICES OF AMERICA,0,221189230,0,0,0.000194254134953484
AXIS TRUSTEE SERVICES,AXIS TRUSTEE SERVICES,0,3e+07,0,0,0.000194254134953484
PROSPERITY BANCSHARES,PROSPERITY BANCSHARES,0,3e+07,0,0,0.000194254134953484
BANK DAERAH KHUSUS IBUKOTA (BANK DKI),BANK DAERAH KHUSUS IBUKOTA (BANK DKI),0,25204789,0,0,0.000194254134953484
PT BANK PEMBANGUNAN DAERAH JAWA TIMUR,PT BANK PEMBANGUNAN DAERAH JAWA TIMUR,0,25204789,0,0,0.000194254134953484
PT BANK PEMBANGUNAN DAERAH KALIMANTAN SELATAN,PT BANK PEMBANGUNAN DAERAH KALIMANTAN SELATAN,0,25204789,0,0,0.000194254134953484
PT BANK PEMBANGUNAN DAERAH PAPUA,PT BANK PEMBANGUNAN DAERAH PAPUA,0,25204789,0,0,0.000194254134953484
SANLAM INVESTMENT MANAGEMENT (PTY),SANLAM INVESTMENT MANAGEMENT (PTY),0,3310698,0,0,0.000194254134953484
BANK OF SAGA,BANK OF SAGA,0,9160088,0,0,0.000194254134953484
KIYO BANK,KIYO BANK,0,9160088,0,0,0.000194254134953484
TAIKO BANK,TAIKO BANK,0,9160088,0,0,0.000194254134953484
BANK OF TAIWAN HONG KONG,BANK OF TAIWAN HONG KONG,0,26304977,0,0,0.000194254134953484
UNICREDIT SPA,UNICREDIT SPA,0,39063721,0,0,0.000194254134953484
THE NATIONAL BANK OF RAS AL-KHAIMAH (PSC),THE NATIONAL BANK OF RAS AL-KHAIMAH (PSC),0,194610481,0,0,0.000194254134953484
BELL BANK,BELL BANK,0,147359387,0,0,0.000194254134953484
BOKF,BOKF,0,73666667,0,0,0.000194254134953484
BANQUE CIC EST,BANQUE CIC EST,0,41134067,0,0,0.000194254134953484
SBI (MAURITIUS),SBI (MAURITIUS),0,107052812,0,0,0.000194254134953484
JEFFERIES FINANCE,JEFFERIES FINANCE,4582874998,108518578,127,0.195542534917399,0.000930290334225291
MC FINANCING SPV III,MC FINANCING SPV III,0,11406863,0,0,0.000194254134953484
MC INCOME PLUS FINANCING SPV,MC INCOME PLUS FINANCING SPV,0,8823529,0,0,0.000194254134953484
MM,MM,0,10073529,0,0,0.000194254134953484
TEACHERS INSURANCE AND ANNUITY ASSOCIATION OF AMERICA,TEACHERS INSURANCE AND ANNUITY ASSOCIATION OF AMERICA,499999997,11406863,4,0,0.000198243041194773
FUYO GENERAL LEASE,FUYO GENERAL LEASE,0,46354269,0,0,0.000194254134953484
YUANTA COMMERCIAL BANK HONG KONG,YUANTA COMMERCIAL BANK HONG KONG,0,63785620,0,0,0.000194254134953484
DAI-ICHI LIFE INSURANCE,DAI-ICHI LIFE INSURANCE,0,131834766,0,0,0.000194254134953484
FUKOKU MUTUAL LIFE INSURANCE,FUKOKU MUTUAL LIFE INSURANCE,0,64430246,0,0,0.000194254134953484
TALDE GESTION SGEIC,TALDE GESTION SGEIC,0,5654198,0,0,0.000194254134953484
AOMORI BANK,AOMORI BANK,0,11207100,0,0,0.000194254134953484
ACADEMY BANK,ACADEMY BANK,0,29368333,0,0,0.000194254134953484
BANKERS,BANKERS,0,85511108,0,0,0.000194254134953484
HONGKONG & SHANGHAI SINGAPORE,HONGKONG & SHANGHAI SINGAPORE,0,64821809,0,0,0.000194254134953484
PT BANK DBS INDONESIA,PT BANK DBS INDONESIA,0,53663595,0,0,0.000194254134953484
DAH CHUNG BILLS FINANCE,DAH CHUNG BILLS FINANCE,0,68235534,0,0,0.000194254134953484
GRAND BILLS FINANCE,GRAND BILLS FINANCE,0,15288453,0,0,0.000194254134953484
FROST BANK,FROST BANK,0,55012816,0,0,0.000194254134953484
SAITAMA RESONA BANK,SAITAMA RESONA BANK,0,187443697,0,0,0.000194254134953484
AL RAJHI & INVESTMENT SJSC,AL RAJHI & INVESTMENT SJSC,0,137777778,0,0,0.000194254134953484
EKF DANMARKS EKSPORTKREDIT,EKF DANMARKS EKSPORTKREDIT,0,213991930,0,0,0.000194254134953484
SPC FINANCING,SPC FINANCING,0,59717246,0,0,0.000194254134953484
ALLIANZ AUSTRALIA INSURANCE,ALLIANZ AUSTRALIA INSURANCE,0,31168628,0,0,0.000194254134953484
CHUBB INSURANCE AUSTRALIA,CHUBB INSURANCE AUSTRALIA,0,31168628,0,0,0.000194254134953484
LIBERTY MUTUAL INSURANCE,LIBERTY MUTUAL INSURANCE,0,71810643,0,0,0.000194254134953484
TOKIO MARINE & NICHIDO FIRE INSURANCE,TOKIO MARINE & NICHIDO FIRE INSURANCE,0,31168628,0,0,0.000194254134953484
LAKE CITY BANK,LAKE CITY BANK,0,2e+07,0,0,0.000194254134953484
BANCO DE OCCIDENTE PANAMA,BANCO DE OCCIDENTE PANAMA,0,25441559,0,0,0.000194254134953484
FIRST CITIZENS BANK,FIRST CITIZENS BANK,0,12714286,0,0,0.000194254134953484
UNIBANK,UNIBANK,0,21047619,0,0,0.000194254134953484
BANK OF AYUDHYA,BANK OF AYUDHYA,0,43579314,0,0,0.000194254134953484
BANK HAPOALIM BM,BANK HAPOALIM BM,0,138347070,0,0,0.000194254134953484
BANCO INBURSA,BANCO INBURSA,0,174313825,0,0,0.000194254134953484
CATHAY UNITED BANK LABUAN,CATHAY UNITED BANK LABUAN,0,70856448,0,0,0.000194254134953484
TAISHIN COMMERCIAL BANK,TAISHIN COMMERCIAL BANK,0,52500000,0,0,0.000194254134953484
IFM INVESTORS INVESTORS UK,IFM INVESTORS INVESTORS UK,0,55660036,0,0,0.000194254134953484
ROYAL & SUN ALLIANCE INSURANCE GROUP,ROYAL & SUN ALLIANCE INSURANCE GROUP,0,25631886,0,0,0.000194254134953484
ABU DHABI GLOBAL MARKET,ABU DHABI GLOBAL MARKET,0,99121969,0,0,0.000194254134953484
ROCKLAND,ROCKLAND,0,66666667,0,0,0.000194254134953484
GUGGENHEIM,GUGGENHEIM,0,121507475,0,0,0.000194254134953484
KOMMUNALKREDIT AUSTRIA,KOMMUNALKREDIT AUSTRIA,0,166888896,0,0,0.000194254134953484
BANQUE BIA,BANQUE BIA,0,37446674,0,0,0.000194254134953484
MAUBANK,MAUBANK,0,107114194,0,0,0.000194254134953484
STANDARD FINANCE (ISLE OF MAN),STANDARD FINANCE (ISLE OF MAN),0,74232178,0,0,0.000194254134953484
NORINCHUKIN AUSTRALIA PTY,NORINCHUKIN AUSTRALIA PTY,0,321093752,0,0,0.000194254134953484
OWL ROCK CAPITAL ADVISORS,OWL ROCK CAPITAL ADVISORS,0,138333333,0,0,0.000194254134953484
SIXTH STREET LENDING PARTNERS,SIXTH STREET LENDING PARTNERS,0,138333333,0,0,0.000194254134953484
CHALLENGER INVESTMENT PARTNERS,CHALLENGER INVESTMENT PARTNERS,0,39203846,0,0,0.000194254134953484
HAITONG BANK,HAITONG BANK,390637208,12302842,0,0,0.000199166190604486
INCOME ASSET MANAGEMENT GROUP,INCOME ASSET MANAGEMENT GROUP,0,12302842,0,0,0.000194254134953484
PT BANK MANDIRI HONG KONG,PT BANK MANDIRI HONG KONG,0,30350662,0,0,0.000194254134953484
NOMURA SPECIAL INVESTMENTS SINGAPORE PTE,NOMURA SPECIAL INVESTMENTS SINGAPORE PTE,0,21840481,0,0,0.000194254134953484
BANK OF AFRICA,BANK OF AFRICA,0,28800744,0,0,0.000194254134953484
HABIB BANK,HABIB BANK,0,231388359,0,0,0.000194254134953484
QATAR NATIONAL BANK QPSC,QATAR NATIONAL BANK QPSC,7059139004,414978756,5292,0.100123817407237,0.00252329868166582
STANDARD BANK ISLE OF MAN,STANDARD BANK ISLE OF MAN,0,45467411,0,0,0.000194254134953484
GLOBAL LOAN AGENCY SERVICES AUSTRALIA PTY,GLOBAL LOAN AGENCY SERVICES AUSTRALIA PTY,0,37217671,0,0,0.000194254134953484
FAR EASTERN INTERNATIONAL BANK HONG KONG,FAR EASTERN INTERNATIONAL BANK HONG KONG,0,18750000,0,0,0.000194254134953484
SHIGA BANK HONGKONG,SHIGA BANK HONGKONG,0,31250000,0,0,0.000194254134953484
SHIZUOKA BANK HONG KONG,SHIZUOKA BANK HONG KONG,0,31250000,0,0,0.000194254134953484
BANK OZK,BANK OZK,0,79262266,0,0,0.000194254134953484
BROADWAY BANK,BROADWAY BANK,0,19405123,0,0,0.000194254134953484
CORNERSTONE CAPITAL BANK,CORNERSTONE CAPITAL BANK,0,19405123,0,0,0.000194254134953484
ASIAN DEVELOPMENT BANK,ASIAN DEVELOPMENT BANK,0,254376323,0,0,0.000194254134953484
WING LUNG BANK SHENZHEN,WING LUNG BANK SHENZHEN,0,75244963,0,0,0.000194254134953484
LAKE FOREST BANK &,LAKE FOREST BANK &,0,22475000,0,0,0.000194254134953484
JIANGSU BANK,JIANGSU BANK,0,17407035,0,0,0.000194254134953484
YOKOHAMA BANK SHANGHAI,YOKOHAMA BANK SHANGHAI,0,6900835,0,0,0.000194254134953484
RABOBANK CANADA,RABOBANK CANADA,0,47315948,0,0,0.000194254134953484
FAIRFAX FINANCIAL HOLDINGS,FAIRFAX FINANCIAL HOLDINGS,2e+09,125310143,137,0.0739606897282119,0.000535344544284013
FCBL CAPITAL INTERNATIONAL,FCBL CAPITAL INTERNATIONAL,0,9982916,0,0,0.000194254134953484
SCOR SE,SCOR SE,0,20868708,0,0,0.000194254134953484
KREISSPARKASSE STEINFURT,KREISSPARKASSE STEINFURT,0,16735367,0,0,0.000194254134953484
VOLKSBANK NORDMUENSTERLAND EG,VOLKSBANK NORDMUENSTERLAND EG,0,16735367,0,0,0.000194254134953484
VR-BANK WESTMUENSTERLAND EG,VR-BANK WESTMUENSTERLAND EG,0,16735367,0,0,0.000194254134953484
DIME COMMUNITY BANK,DIME COMMUNITY BANK,0,104166666,0,0,0.000194254134953484
IDB BANK,IDB BANK,0,30833333,0,0,0.000194254134953484
INBANKSHARES,INBANKSHARES,0,17375000,0,0,0.000194254134953484
SSB FOREIGN EXCHANGE MONEY,SSB FOREIGN EXCHANGE MONEY,0,17375000,0,0,0.000194254134953484
CENTENNIAL BANK HOLDINGS,CENTENNIAL BANK HOLDINGS,0,254971559,0,0,0.000194254134953484
NEXBANK SSB,NEXBANK SSB,0,20507332,0,0,0.000194254134953484
PEAPACK-GLADSTONE BANK,PEAPACK-GLADSTONE BANK,0,86779016,0,0,0.000194254134953484
INDIAN OVERSEAS BANK SINGAPORE,INDIAN OVERSEAS BANK SINGAPORE,0,134143378,0,0,0.000194254134953484
GULF CAPITAL BANK,GULF CAPITAL BANK,0,2.5e+07,0,0,0.000194254134953484
ZHONGYUAN BANK,ZHONGYUAN BANK,0,162883263,0,0,0.000194254134953484
BANQUE MISR PARIS,BANQUE MISR PARIS,0,35970284,0,0,0.000194254134953484
DUBAI INTERNATIONAL FINANCIAL CENTRE,DUBAI INTERNATIONAL FINANCIAL CENTRE,0,35970284,0,0,0.000194254134953484
NORD/LB LUXEMBOURG,NORD/LB LUXEMBOURG,0,23882395,0,0,0.000194254134953484
ARQUIA BANCA,ARQUIA BANCA,0,5640045,0,0,0.000194254134953484
BANQUE CANTONALE DE GENEVE,BANQUE CANTONALE DE GENEVE,0,1611441,0,0,0.000194254134953484
HONGKONG & SHANGHAI BANGKOK,HONGKONG & SHANGHAI BANGKOK,0,39015357,0,0,0.000194254134953484
NOMURA CAPITAL PARTNERS,NOMURA CAPITAL PARTNERS,0,191708826,0,0,0.000194254134953484
KAGOSHIMAKEN SHINREN,KAGOSHIMAKEN SHINREN,0,11130994,0,0,0.000194254134953484
KYOTO-FU SHINYO NOGYO KYODO KUMIAI RENGOKAI,KYOTO-FU SHINYO NOGYO KYODO KUMIAI RENGOKAI,0,11130994,0,0,0.000194254134953484
BANK NEGARA INDONESIA,BANK NEGARA INDONESIA,0,27958332,0,0,0.000194254134953484
BANK OF HANGZHOU,BANK OF HANGZHOU,0,27958332,0,0,0.000194254134953484
SUSSER BANK,SUSSER BANK,0,23333333,0,0,0.000194254134953484
ACCESS HOLDINGS,ACCESS HOLDINGS,0,72381131,0,0,0.000194254134953484
ADNOC TRADING,ADNOC TRADING,0,72381131,0,0,0.000194254134953484
FIRST BANK OF NIGERIA,FIRST BANK OF NIGERIA,0,72381131,0,0,0.000194254134953484
MATRIX ENERGY GROUP,MATRIX ENERGY GROUP,0,72381131,0,0,0.000194254134953484
STANBIC IBTC BANK,STANBIC IBTC BANK,0,48799986,0,0,0.000194254134953484
UNITED BANK FOR AFRICA,UNITED BANK FOR AFRICA,0,85714464,0,0,0.000194254134953484
NOMURA INTERNATIONAL HONGKONG,NOMURA INTERNATIONAL HONGKONG,0,14846154,0,0,0.000194254134953484
GENERALI EUROPEAN DIRECT PRIVATE DEBT FUND 1,GENERALI EUROPEAN DIRECT PRIVATE DEBT FUND 1,0,10416992,0,0,0.000194254134953484
GROUPAMA SOCIAL IMPACT DEBT,GROUPAMA SOCIAL IMPACT DEBT,0,30765755,0,0,0.000194254134953484
PRO ACTION REBOND 2021 COMPARTIMENT DISTRIBUTION,PRO ACTION REBOND 2021 COMPARTIMENT DISTRIBUTION,0,30765755,0,0,0.000194254134953484
BANQUE ET CAISSE D'EPARGNE DE L'ETAT LUXEMBOURG,BANQUE ET CAISSE D'EPARGNE DE L'ETAT LUXEMBOURG,0,211165801,0,0,0.000194254134953484
EDMOND DE ROTHSCHILD SUISSE,EDMOND DE ROTHSCHILD SUISSE,0,164501668,0,0,0.000194254134953484
BELFIUS BANQUE,BELFIUS BANQUE,0,16323676,0,0,0.000194254134953484
CAISSE D'EPARGNE ET DE PREVOYANCE D'AUGVERGNE,CAISSE D'EPARGNE ET DE PREVOYANCE D'AUGVERGNE,0,7517181,0,0,0.000194254134953484
TAIWAN COOPERATIVE BANK HONG KONG,TAIWAN COOPERATIVE BANK HONG KONG,0,53750000,0,0,0.000194254134953484
,,0,578075876,0,0,0.000194254134953484
SHIN KONG FINANCIAL HOLDINGS,SHIN KONG FINANCIAL HOLDINGS,0,20312500,0,0,0.000194254134953484
AWA BANK,AWA BANK,0,22492722,0,0,0.000194254134953484
BANK OF OKINAWA,BANK OF OKINAWA,0,73424552,0,0,0.000194254134953484
HOKKAIDO SHINREN,HOKKAIDO SHINREN,0,4259596,0,0,0.000194254134953484
YAMAGATA BANK,YAMAGATA BANK,0,10168334,0,0,0.000194254134953484
YINGTAN RURAL COMMERCIAL BANK,YINGTAN RURAL COMMERCIAL BANK,0,10444221,0,0,0.000194254134953484
CHINA GUANGFA BANK MACAU,CHINA GUANGFA BANK MACAU,0,12264668,0,0,0.000194254134953484
UNITED OVERSEAS BANK HONGKONG,UNITED OVERSEAS BANK HONGKONG,0,62264668,0,0,0.000194254134953484
INVESTEC GROUP,INVESTEC GROUP,0,66291016,0,0,0.000194254134953484
PT BANK DKI,PT BANK DKI,0,7876497,0,0,0.000194254134953484
BANCALLIANCE,BANCALLIANCE,0,103463382,0,0,0.000194254134953484
INDUSTRIAL BANK OF KOREA LONDON,INDUSTRIAL BANK OF KOREA LONDON,0,23884425,0,0,0.000194254134953484
EXPORT FINANCE AUSTRALIA PTY,EXPORT FINANCE AUSTRALIA PTY,0,176287318,0,0,0.000194254134953484
STUDIO BANK,STUDIO BANK,0,16666667,0,0,0.000194254134953484
BANK LEUMI LE-ISRAEL BM,BANK LEUMI LE-ISRAEL BM,0,438459560,0,0,0.000194254134953484
CHANG HWA COMMERCIAL BANK KUNSHAN,CHANG HWA COMMERCIAL BANK KUNSHAN,0,9858336,0,0,0.000194254134953484
LAND BANK OF TAIWAN SHANGHAI,LAND BANK OF TAIWAN SHANGHAI,0,9858336,0,0,0.000194254134953484
BANCO COOPERATIVO ESPANOL,BANCO COOPERATIVO ESPANOL,0,186875418,0,0,0.000194254134953484
RIYAD BANK,RIYAD BANK,0,273795313,0,0,0.000194254134953484
AMALGAMATED BANK,AMALGAMATED BANK,0,69043798,0,0,0.000194254134953484
LYONNAISE DE BANQUE,LYONNAISE DE BANQUE,0,7467329,0,0,0.000194254134953484
BANK BUKOPIN,BANK BUKOPIN,0,6818182,0,0,0.000194254134953484
BANK RAKYAT INDONESIA,BANK RAKYAT INDONESIA,0,6818182,0,0,0.000194254134953484
RHB BANK SINGAPORE,RHB BANK SINGAPORE,0,6818182,0,0,0.000194254134953484
PT BANK JTRUST INDONESIA TBK,PT BANK JTRUST INDONESIA TBK,0,9451796,0,0,0.000194254134953484
COMMERCIAL BANK OF AFRICA,COMMERCIAL BANK OF AFRICA,0,2.5e+07,0,0,0.000194254134953484
CATHAY BANK,CATHAY BANK,0,54166667,0,0,0.000194254134953484
BANAMEX,BANAMEX,0,92182186,0,0,0.000194254134953484
BANK OF HAWAII,BANK OF HAWAII,0,110084033,0,0,0.000194254134953484
FIRST HAWAIIAN BANK,FIRST HAWAIIAN BANK,0,75309597,0,0,0.000194254134953484
SOUTHERN BANCORP BANK,SOUTHERN BANCORP BANK,0,57553980,0,0,0.000194254134953484
ALLIANZ,ALLIANZ,0,2996513,0,0,0.000194254134953484
HONG KONG MONETARY AUTHORITY,HONG KONG MONETARY AUTHORITY,0,2996513,0,0,0.000194254134953484
CONNECTICUT GREEN BANK,CONNECTICUT GREEN BANK,0,21043798,0,0,0.000194254134953484
BANK OF TIANJIN,BANK OF TIANJIN,0,74612103,0,0,0.000194254134953484
CAISSE D'EPARGNE BRETAGNE PAYS DE LOIRE,CAISSE D'EPARGNE BRETAGNE PAYS DE LOIRE,0,53031739,0,0,0.000194254134953484
OAKTREE CAPITAL MANAGEMENT,OAKTREE CAPITAL MANAGEMENT,0,1398198830,0,0,0.000194254134953484
CAISSE D'EPARGNE ET DE PREVOYANCE GRAND EST EUROPE,CAISSE D'EPARGNE ET DE PREVOYANCE GRAND EST EUROPE,0,19019239,0,0,0.000194254134953484
MAIF DETTE A IMPACT,MAIF DETTE A IMPACT,0,39368002,0,0,0.000194254134953484
TIKEHAU INVESTMENT MANAGEMENT SAS,TIKEHAU INVESTMENT MANAGEMENT SAS,0,19019239,0,0,0.000194254134953484
ZENCAP ASSET MANAGEMENT,ZENCAP ASSET MANAGEMENT,0,19019239,0,0,0.000194254134953484
PT BANK CTBC INDONESIA,PT BANK CTBC INDONESIA,0,27857143,0,0,0.000194254134953484
PT BANK UOB INDONESIA,PT BANK UOB INDONESIA,0,27857143,0,0,0.000194254134953484
JIANGSU RURAL COMMERCIAL BANK,JIANGSU RURAL COMMERCIAL BANK,0,58713301,0,0,0.000194254134953484
YAMANASHI CYUO BANK,YAMANASHI CYUO BANK,0,22493244,0,0,0.000194254134953484
CHANG HWA COMMERCIAL BANK MANILA,CHANG HWA COMMERCIAL BANK MANILA,0,28211873,0,0,0.000194254134953484
SPAREBANK 1 SMN,SPAREBANK 1 SMN,0,68313254,0,0,0.000194254134953484
AKA AUSFUHRKREDIT,AKA AUSFUHRKREDIT,0,54723307,0,0,0.000194254134953484
BANK OF JORDAN,BANK OF JORDAN,0,2e+07,0,0,0.000194254134953484
PT BANK DANAMON INDONESIA TBK,PT BANK DANAMON INDONESIA TBK,0,31505986,0,0,0.000194254134953484
ALAWWAL BANK,ALAWWAL BANK,0,122222222,0,0,0.000194254134953484
BANQUE SAUDI FRANSI SJSC,BANQUE SAUDI FRANSI SJSC,1e+09,221944444,24,0.0338616348454467,0.000255355135306774
SAUDI INVESTMENT BANK,SAUDI INVESTMENT BANK,0,432844869,0,0,0.000194254134953484
EQUITABLE BANK,EQUITABLE BANK,0,34573200,0,0,0.000194254134953484
BANK OF NANJING NANJING,BANK OF NANJING NANJING,0,57740332,0,0,0.000194254134953484
COMMONWEALTH BANK,COMMONWEALTH BANK,0,193119658,0,0,0.000194254134953484
BANK OF SHANGHAI (HONG KONG),BANK OF SHANGHAI (HONG KONG),0,203600897,0,0,0.000194254134953484
BERKSHIRE BANK,BERKSHIRE BANK,0,41118421,0,0,0.000194254134953484
BLUE RIDGE BANK,BLUE RIDGE BANK,0,18750000,0,0,0.000194254134953484
FORBRIGHT BANK,FORBRIGHT BANK,0,81221488,0,0,0.000194254134953484
INVESTORS BANK &,INVESTORS BANK &,0,48571429,0,0,0.000194254134953484
BANQUE POPULAIRE AQUITAINE CENTRE ATLANTIQUE,BANQUE POPULAIRE AQUITAINE CENTRE ATLANTIQUE,0,4574249,0,0,0.000194254134953484
AXIOM BANK,AXIOM BANK,0,51666667,0,0,0.000194254134953484
SERVISFIRST BANK,SERVISFIRST BANK,0,58621502,0,0,0.000194254134953484
KEB HANA GLOBAL FINANCE,KEB HANA GLOBAL FINANCE,0,16659674,0,0,0.000194254134953484
SIAM COMMERCIAL BANK PUBLIC SINGAPORE,SIAM COMMERCIAL BANK PUBLIC SINGAPORE,0,7671911,0,0,0.000194254134953484
ALLIED IRISH BANK,ALLIED IRISH BANK,0,26487778,0,0,0.000194254134953484
BANCO MONEX,BANCO MONEX,0,80126490,0,0,0.000194254134953484
INTERCAM BANCO,INTERCAM BANCO,0,66870665,0,0,0.000194254134953484
BANK OF PANSHIN,BANK OF PANSHIN,0,50957235,0,0,0.000194254134953484
SHINHAN,SHINHAN,0,28843684,0,0,0.000194254134953484
WESBANCO,WESBANCO,0,5e+07,0,0,0.000194254134953484
WASHINGTON,WASHINGTON,0,7.5e+07,0,0,0.000194254134953484
DAEGU BANK,DAEGU BANK,0,70119056,0,0,0.000194254134953484
BAYFRONT INFRASTRUCTURE MANAGEMENT,BAYFRONT INFRASTRUCTURE MANAGEMENT,0,19120649,0,0,0.000194254134953484
WESTBOURNE CAPITAL,WESTBOURNE CAPITAL,0,47123788,0,0,0.000194254134953484
PEOPLES,PEOPLES,0,83154506,0,0,0.000194254134953484
CAISSE DE DEPOT ET PLACEMENT DU QUEBEC,CAISSE DE DEPOT ET PLACEMENT DU QUEBEC,0,68333333,0,0,0.000194254134953484
FLAGSTAR BANCORP,FLAGSTAR BANCORP,0,44515334,0,0,0.000194254134953484
BANK OF NINGBO WUXI,BANK OF NINGBO WUXI,0,60924622,0,0,0.000194254134953484
NXT CAPITAL,NXT CAPITAL,0,66757599,0,0,0.000194254134953484
BANGKOK BANK BHD,BANGKOK BANK BHD,0,11217427,0,0,0.000194254134953484
BANK SINOPAC MACAU,BANK SINOPAC MACAU,0,33527549,0,0,0.000194254134953484
HEFEI SCIENCE & TECHNOLOGY RURAL COMMERCIAL BANK,HEFEI SCIENCE & TECHNOLOGY RURAL COMMERCIAL BANK,0,68969205,0,0,0.000194254134953484
ATLANTIC FORFAITING,ATLANTIC FORFAITING,0,36555227,0,0,0.000194254134953484
BLACKROCK,BLACKROCK,10150000005,73858896,15,0.497495200241027,0.000337444972806418
REVOLUTION ASSET MANAGEMENT,REVOLUTION ASSET MANAGEMENT,0,29939193,0,0,0.000194254134953484
SHINHAN BANK HONGKONG,SHINHAN BANK HONGKONG,0,29939193,0,0,0.000194254134953484
LBBW BANK IRELAND,LBBW BANK IRELAND,0,15729727,0,0,0.000194254134953484
GOVERNMENT SAVINGS BANK,GOVERNMENT SAVINGS BANK,0,145264381,0,0,0.000194254134953484
ANGELO GORDON &,ANGELO GORDON &,0,538625646,0,0,0.000194254134953484
FIRST SECURITY BANK,FIRST SECURITY BANK,0,3666667,0,0,0.000194254134953484
LAKESIDE BANK,LAKESIDE BANK,0,22416667,0,0,0.000194254134953484
NATIONAL WESTMINSTER BANCORP,NATIONAL WESTMINSTER BANCORP,0,158730796,0,0,0.000194254134953484
COMMERZBANK HAMBURG,COMMERZBANK HAMBURG,0,1e+07,0,0,0.000194254134953484
FEDERAL BANK,FEDERAL BANK,0,13181818,0,0,0.000194254134953484
RBL BANK,RBL BANK,0,33181818,0,0,0.000194254134953484
SOUTHWEST BANK,SOUTHWEST BANK,0,12500000,0,0,0.000194254134953484
BANCO DE BRAZIL,BANCO DE BRAZIL,0,33132666,0,0,0.000194254134953484
BANGKOK BANK PUBLIC HONG KONG,BANGKOK BANK PUBLIC HONG KONG,0,30275523,0,0,0.000194254134953484
JIANGSU XUYI RURAL COMMERCIAL BANK,JIANGSU XUYI RURAL COMMERCIAL BANK,0,8602232,0,0,0.000194254134953484
JA BANK HOKKAIDO,JA BANK HOKKAIDO,0,40714788,0,0,0.000194254134953484
PROVIDENT BANK,PROVIDENT BANK,0,46377843,0,0,0.000194254134953484
ADITYA BIRLA FINANCE,ADITYA BIRLA FINANCE,226499129,11844692,80,0,0.000238396996621454
SPC CAPITAL MARKETS,SPC CAPITAL MARKETS,0,168411743,0,0,0.000194254134953484
JOHNSON BANK,JOHNSON BANK,0,20750000,0,0,0.000194254134953484
EMIGRANT BANK,EMIGRANT BANK,0,1e+08,0,0,0.000194254134953484
SAUDI AWWAL BANK SJSC,SAUDI AWWAL BANK SJSC,0,150867494,0,0,0.000194254134953484
KKR CAPITAL MARKETS ASIA,KKR CAPITAL MARKETS ASIA,0,70388517,0,0,0.000194254134953484
FIRST MERCHANTS BANK,FIRST MERCHANTS BANK,0,89545032,0,0,0.000194254134953484
BANCO LATINOAMERICANO DE COMERCIO EXTERIOR,BANCO LATINOAMERICANO DE COMERCIO EXTERIOR,0,43374996,0,0,0.000194254134953484
FINABANK,FINABANK,0,48293471,0,0,0.000194254134953484
CHANG HWA COMMERCIAL BANK HONG KONG,CHANG HWA COMMERCIAL BANK HONG KONG,0,23764706,0,0,0.000194254134953484
BANCO DE CREDITO INVERSIONES,BANCO DE CREDITO INVERSIONES,0,59054799,0,0,0.000194254134953484
OCCIDENTAL BANK,OCCIDENTAL BANK,0,27195201,0,0,0.000194254134953484
TAIWAN FINANCE,TAIWAN FINANCE,0,32566618,0,0,0.000194254134953484
BANK MANDIRI,BANK MANDIRI,0,10906143,0,0,0.000194254134953484
BANK MASPION,BANK MASPION,0,10906143,0,0,0.000194254134953484
BANK MAYAPADA INTERNASIONAL,BANK MAYAPADA INTERNASIONAL,0,10906143,0,0,0.000194254134953484
BANK SBI INDONESIA,BANK SBI INDONESIA,0,10906143,0,0,0.000194254134953484
PT BANK RAKYAT INDONESIA,PT BANK RAKYAT INDONESIA,0,10906143,0,0,0.000194254134953484
PT BANK WOORI SAUDARA INDONESIA 1906 TBK,PT BANK WOORI SAUDARA INDONESIA 1906 TBK,0,4420877,0,0,0.000194254134953484
BYBLOS BANK EUROPE,BYBLOS BANK EUROPE,0,93489374,0,0,0.000194254134953484
CMB WING LUNG BANK SHANGHAI,CMB WING LUNG BANK SHANGHAI,0,29082090,0,0,0.000194254134953484
CTBC BANK SHANGHAI,CTBC BANK SHANGHAI,0,29082090,0,0,0.000194254134953484
UNITED OVERSEAS BANK (CHINA),UNITED OVERSEAS BANK (CHINA),0,89082090,0,0,0.000194254134953484
CAISSE D'EPARGNE LANGUEDOC ROUSSILLON,CAISSE D'EPARGNE LANGUEDOC ROUSSILLON,0,4212952,0,0,0.000194254134953484
BANCO COMERCIAL PORTUGUES,BANCO COMERCIAL PORTUGUES,0,71826445,0,0,0.000194254134953484
ARAB PETROLEUM INVESTMENTS,ARAB PETROLEUM INVESTMENTS,0,53426863,0,0,0.000194254134953484
BANCO DO BRASIL S.A. FRANCE,BANCO DO BRASIL S.A. FRANCE,0,9729730,0,0,0.000194254134953484
COMMERZBANK AKTIENGESELLSCHAFT,COMMERZBANK AKTIENGESELLSCHAFT,0,9729730,0,0,0.000194254134953484
COMMERZBANK AKTIENGESELLSCHAFT SINGAPORE,COMMERZBANK AKTIENGESELLSCHAFT SINGAPORE,0,9729730,0,0,0.000194254134953484
INDIAN BANK SINGAPORE,INDIAN BANK SINGAPORE,0,9729730,0,0,0.000194254134953484
RABOBANK SINGAPORE,RABOBANK SINGAPORE,0,53613350,0,0,0.000194254134953484
FEDERATED HERMES PROJECT AND TRADE FINANCE PRIMARY LOAN FUND,FEDERATED HERMES PROJECT AND TRADE FINANCE PRIMARY LOAN FUND,0,31227492,0,0,0.000194254134953484
PROJECT & TRADE FINANCE CORE FUND,PROJECT & TRADE FINANCE CORE FUND,0,37635394,0,0,0.000194254134953484
MISR BANK EUROPE,MISR BANK EUROPE,0,5630798,0,0,0.000194254134953484
BANCO BAI EUROPA,BANCO BAI EUROPA,0,24212908,0,0,0.000194254134953484
BANCA UBAE,BANCA UBAE,0,202114772,0,0,0.000194254134953484
BANKA KOMBETARE TREGTARE KOSOVE SH A,BANKA KOMBETARE TREGTARE KOSOVE SH A,0,194145844,0,0,0.000194254134953484
BRITISH ARAB COMMERCIAL BANK,BRITISH ARAB COMMERCIAL BANK,0,321229333,0,0,0.000194254134953484
BYBLOS BANK SAL,BYBLOS BANK SAL,0,20601125,0,0,0.000194254134953484
INTERNATIONAL BANK OF AZERBAIJAN JSC,INTERNATIONAL BANK OF AZERBAIJAN JSC,0,66156265,0,0,0.000194254134953484
ISBANK,ISBANK,0,62004687,0,0,0.000194254134953484
KENTBANK,KENTBANK,0,108856428,0,0,0.000194254134953484
OYAK ANKER BANK,OYAK ANKER BANK,0,99702433,0,0,0.000194254134953484
EVERBANK COMMERCIAL FINANCE,EVERBANK COMMERCIAL FINANCE,0,217395389,0,0,0.000194254134953484
JA BANK NIIGATA,JA BANK NIIGATA,0,5056293,0,0,0.000194254134953484
JA BANK TOKYO,JA BANK TOKYO,0,5056293,0,0,0.000194254134953484
KOCHI BANK,KOCHI BANK,0,5056293,0,0,0.000194254134953484
TURKIYE IHRACAT KREDI BANKASI AS,TURKIYE IHRACAT KREDI BANKASI AS,4297241463,3787997,0,0.102518733684063,0.000286904891320031
BANQUE DE COMMERCE ET DE PLACEMENTS,BANQUE DE COMMERCE ET DE PLACEMENTS,0,163752605,0,0,0.000194254134953484
COMMERCIAL BANK INTERNATIONAL PSC,COMMERCIAL BANK INTERNATIONAL PSC,0,97272090,0,0,0.000194254134953484
HALYK SAVINGS BANK OF KAZAKHSTAN JSC,HALYK SAVINGS BANK OF KAZAKHSTAN JSC,0,91299815,0,0,0.000194254134953484
NATIONAL BANK OF OMAN SAOG,NATIONAL BANK OF OMAN SAOG,300000005,83577562,321,0.00825384467850243,0.000538520970970815
ANADOLUBANK NEDERLAND,ANADOLUBANK NEDERLAND,0,111241009,0,0,0.000194254134953484
ATTIJARIWAFA BANK EUROPE,ATTIJARIWAFA BANK EUROPE,0,31401265,0,0,0.000194254134953484
BANKA KOMBETARE TREGTARE SHA,BANKA KOMBETARE TREGTARE SHA,0,110198082,0,0,0.000194254134953484
COMMERCIAL BANK OF KUWAIT SAK,COMMERCIAL BANK OF KUWAIT SAK,0,43878441,0,0,0.000194254134953484
HOUSING BANK FOR TRADE & FINANCE,HOUSING BANK FOR TRADE & FINANCE,0,86952117,0,0,0.000194254134953484
ODDO BHF,ODDO BHF,0,66805953,0,0,0.000194254134953484
UNION DE BANQUES ARABES ET FRANCAISES,UNION DE BANQUES ARABES ET FRANCAISES,0,124172754,0,0,0.000194254134953484
NORTHBROOK BANK &,NORTHBROOK BANK &,0,67174196,0,0,0.000194254134953484
NORTHERN BANK,NORTHERN BANK,0,52084961,0,0,0.000194254134953484
ABC INTERNATIONAL BANK,ABC INTERNATIONAL BANK,0,145635946,0,0,0.000194254134953484
ATTIJARIWAFA BANK,ATTIJARIWAFA BANK,0,55320818,0,0,0.000194254134953484
BPER BANK LUXEMBOURG,BPER BANK LUXEMBOURG,0,11681852,0,0,0.000194254134953484
ABU DHABI FUND FOR DEVELOPMENT,ABU DHABI FUND FOR DEVELOPMENT,0,16666667,0,0,0.000194254134953484
CRESCENT CAPITAL GROUP LP,CRESCENT CAPITAL GROUP LP,0,543551143,0,0,0.000194254134953484
IDBI BANK,IDBI BANK,0,267847163,0,0,0.000194254134953484
MEDIOBANCA INTERNATIONAL (LUXEMBOURG),MEDIOBANCA INTERNATIONAL (LUXEMBOURG),0,148814174,0,0,0.000194254134953484
BAYFRONT CAPITAL PARTNERS,BAYFRONT CAPITAL PARTNERS,0,16528868,0,0,0.000194254134953484
BANCO BTG PACTUAL,BANCO BTG PACTUAL,0,91097637,0,0,0.000194254134953484
ALPHA WAVE GLOBAL LP,ALPHA WAVE GLOBAL LP,0,24378828,0,0,0.000194254134953484
ASIA RESEARCH & CAPITAL MANAGEMENT,ASIA RESEARCH & CAPITAL MANAGEMENT,0,24378828,0,0,0.000194254134953484
CANYON CAPITAL ADVISORS,CANYON CAPITAL ADVISORS,0,38537234,0,0,0.000194254134953484
DAVIDSON KEMPNER ASIA,DAVIDSON KEMPNER ASIA,0,24378828,0,0,0.000194254134953484
FARALLON CAPITAL ASIA PTE,FARALLON CAPITAL ASIA PTE,0,24378828,0,0,0.000194254134953484
MACQUARIE PRINCIPAL FINANCE PTY,MACQUARIE PRINCIPAL FINANCE PTY,0,113767862,0,0,0.000194254134953484
REGAL FUNDS MANAGEMENT PTY,REGAL FUNDS MANAGEMENT PTY,0,24378828,0,0,0.000194254134953484
WASHINGTON H SOUL PATTINSON &,WASHINGTON H SOUL PATTINSON &,0,24378828,0,0,0.000194254134953484
CHONGQING RURAL COMMERCIAL BANK,CHONGQING RURAL COMMERCIAL BANK,0,24048593,0,0,0.000194254134953484
KOREAN DEVELOPMENT BANK,KOREAN DEVELOPMENT BANK,0,167699085,0,0,0.000194254134953484
SHINSEI &,SHINSEI &,0,42260659,0,0,0.000194254134953484
JEFFERIES &,JEFFERIES &,0,55061244,0,0,0.000194254134953484
RABOBANK AUSTRALIA,RABOBANK AUSTRALIA,0,51079448,0,0,0.000194254134953484
NANYANG COMMERCIAL BANK (CHINA),NANYANG COMMERCIAL BANK (CHINA),0,20788766,0,0,0.000194254134953484
NORINCHUKIN INTERNATIONAL,NORINCHUKIN INTERNATIONAL,0,52084961,0,0,0.000194254134953484
BANOBRAS,BANOBRAS,0,354285714,0,0,0.000194254134953484
NACIONAL FINANCIERA,NACIONAL FINANCIERA,0,354285714,0,0,0.000194254134953484
SHINKIN BANK,SHINKIN BANK,0,31250000,0,0,0.000194254134953484
FARM CREDIT CANADA,FARM CREDIT CANADA,0,21030043,0,0,0.000194254134953484
SOUTHSTATE BANK,SOUTHSTATE BANK,0,442095954,0,0,0.000194254134953484
BELL STATE BANK,BELL STATE BANK,0,68539110,0,0,0.000194254134953484
CAMDEN NATIONAL BANK,CAMDEN NATIONAL BANK,0,68539110,0,0,0.000194254134953484
BANK ONE,BANK ONE,0,13333333,0,0,0.000194254134953484
GHANA INTERNATIONAL BANK,GHANA INTERNATIONAL BANK,0,13333333,0,0,0.000194254134953484
BANK CENTERCREDIT JSC,BANK CENTERCREDIT JSC,0,23896662,0,0,0.000194254134953484
FEDERATED PROJECT AND TRADE FINANCE TENDER FUND,FEDERATED PROJECT AND TRADE FINANCE TENDER FUND,0,13637897,0,0,0.000194254134953484
OJSC NURBANK,OJSC NURBANK,0,7229995,0,0,0.000194254134953484
FINNISH FUND FOR INDUSTRIAL COOPERATION,FINNISH FUND FOR INDUSTRIAL COOPERATION,0,13503318,0,0,0.000194254134953484
GREEN FOR GROWTH FUND,GREEN FOR GROWTH FUND,0,13503318,0,0,0.000194254134953484
ILX FUND,ILX FUND,0,85290225,0,0,0.000194254134953484
JIANGSU GAOYOU RURAL COMMERCIAL BANK,JIANGSU GAOYOU RURAL COMMERCIAL BANK,0,18598437,0,0,0.000194254134953484
BPIFRANCE,BPIFRANCE,0,6250195,0,0,0.000194254134953484
NOMURA,NOMURA,0,78945430,0,0,0.000194254134953484
JIANGSU YANCHENG RURAL COMMERCIAL BANK,JIANGSU YANCHENG RURAL COMMERCIAL BANK,0,5166233,0,0,0.000194254134953484
NORTHWEST BANK &,NORTHWEST BANK &,0,99003071,0,0,0.000194254134953484
LIBERTY GROUP,LIBERTY GROUP,0,7365669,0,0,0.000194254134953484
ALLIANCEBERNSTEIN LP,ALLIANCEBERNSTEIN LP,1425000003,210568314,133,0.083211817482848,0.000225470762922733
CARLYLE,CARLYLE,0,210568314,0,0,0.000194254134953484
BANK OF CHAOYANG,BANK OF CHAOYANG,0,42224940,0,0,0.000194254134953484
BANK OF FUSHUN,BANK OF FUSHUN,0,42224940,0,0,0.000194254134953484
BANK OF HULUDAO,BANK OF HULUDAO,0,42224940,0,0,0.000194254134953484
SHENGJING BANK,SHENGJING BANK,0,42224940,0,0,0.000194254134953484
ESUN COMMERCIAL BANK,ESUN COMMERCIAL BANK,0,12208889,0,0,0.000194254134953484
METROPOLITAN BANK (CHINA),METROPOLITAN BANK (CHINA),0,12890471,0,0,0.000194254134953484
OLD MUTUAL FINANCE (PTY),OLD MUTUAL FINANCE (PTY),0,20989092,0,0,0.000194254134953484
BRIDGE BANK,BRIDGE BANK,0,1.5e+08,0,0,0.000194254134953484
HAPOALIM BANQUE LUXEMBOURG,HAPOALIM BANQUE LUXEMBOURG,0,10732971,0,0,0.000194254134953484
LUSO INTERNATIONAL BANK,LUSO INTERNATIONAL BANK,0,28262741,0,0,0.000194254134953484
CROSS RIVER BANK,CROSS RIVER BANK,0,40180500,0,0,0.000194254134953484
BARINGS PRIVATE CREDIT,BARINGS PRIVATE CREDIT,164999999,50449069,3,0,0.000200760612365501
US BANCORP,US BANCORP,0,90292179,0,0,0.000194254134953484
HUA XIA BANK NANJING,HUA XIA BANK NANJING,0,10101633,0,0,0.000194254134953484
FIDELITY INVESTMENTS INTERNATIONAL,FIDELITY INVESTMENTS INTERNATIONAL,0,14158406,0,0,0.000194254134953484
GOLDENTREE ASSET MANAGEMENT LP,GOLDENTREE ASSET MANAGEMENT LP,3e+07,14158406,1,0,0.000194346988926849
BANK OF THE RYUKYUS,BANK OF THE RYUKYUS,0,9563700,0,0,0.000194254134953484
GIFU KENSHINREN,GIFU KENSHINREN,0,9563700,0,0,0.000194254134953484
MIYAZAKI BANK,MIYAZAKI BANK,0,9563700,0,0,0.000194254134953484
BANCA MIFEL INSTITUCION DE BANCA MULTIPLE GRUPO FINANCIERO MIFEL,BANCA MIFEL INSTITUCION DE BANCA MULTIPLE GRUPO FINANCIERO MIFEL,1.75e+08,24570934,100,0,0.000359753020025645
BANCO VE POR MAS,BANCO VE POR MAS,0,24570934,0,0,0.000194254134953484
INBURSA,INBURSA,0,24570934,0,0,0.000194254134953484
CAL BANK,CAL BANK,0,60901067,0,0,0.000194254134953484
NEW YORK LIFE INVESTMENT MANAGEMENT,NEW YORK LIFE INVESTMENT MANAGEMENT,0,74857556,0,0,0.000194254134953484
REGIONS,REGIONS,0,34472496,0,0,0.000194254134953484
WSFS BANK,WSFS BANK,0,60617597,0,0,0.000194254134953484
BUSEY BANK,BUSEY BANK,0,15857143,0,0,0.000194254134953484
FIRST BANK OF GREENWICH,FIRST BANK OF GREENWICH,0,15857143,0,0,0.000194254134953484
SOUTHERN BANK,SOUTHERN BANK,0,15857143,0,0,0.000194254134953484
BANCO POPULAR,BANCO POPULAR,0,26417310,0,0,0.000194254134953484
SHINHAN BANK JAPAN,SHINHAN BANK JAPAN,0,23711388,0,0,0.000194254134953484
COGENT BANK,COGENT BANK,0,26104534,0,0,0.000194254134953484
SFI MARKETS BV,SFI MARKETS BV,0,138244575,0,0,0.000194254134953484
IWATE BANK,IWATE BANK,0,15282410,0,0,0.000194254134953484
SHINKUMI FEDERATION BANK,SHINKUMI FEDERATION BANK,0,15282410,0,0,0.000194254134953484
HOKUTO BANK,HOKUTO BANK,0,23355570,0,0,0.000194254134953484
SHIMANE BANK,SHIMANE BANK,0,13176833,0,0,0.000194254134953484
REPUBLIC BANCORP,REPUBLIC BANCORP,0,18287787,0,0,0.000194254134953484
BANC OF CALIFORNIA,BANC OF CALIFORNIA,0,1898035,0,0,0.000194254134953484
LCA BANK,LCA BANK,0,20648035,0,0,0.000194254134953484
TRANSPORTATION ALLIANCE BANK,TRANSPORTATION ALLIANCE BANK,0,1898035,0,0,0.000194254134953484
BURKE & HERBERT BANK,BURKE & HERBERT BANK,0,24305213,0,0,0.000194254134953484
CARTER BANK,CARTER BANK,0,24305213,0,0,0.000194254134953484
TOWNE BANK,TOWNE BANK,0,52779146,0,0,0.000194254134953484
UNITED COMMUNITY BANK,UNITED COMMUNITY BANK,0,43132713,0,0,0.000194254134953484
BANK OF QINGDAO,BANK OF QINGDAO,1.5e+08,29890408,4,0,0.000318728051047836
BANK OF WEIFANG,BANK OF WEIFANG,0,29890408,0,0,0.000194254134953484
HCC INTERNATIONAL INSURANCE,HCC INTERNATIONAL INSURANCE,0,62337256,0,0,0.000194254134953484
DAITO BANK,DAITO BANK,0,5908737,0,0,0.000194254134953484
NAGASAKI BANK,NAGASAKI BANK,0,10986170,0,0,0.000194254134953484
AVIVA LIFE & PENSION UK,AVIVA LIFE & PENSION UK,0,119044635,0,0,0.000194254134953484
BANK OF EAST ASIA SHANGHAI,BANK OF EAST ASIA SHANGHAI,0,24704989,0,0,0.000194254134953484
BUSAN BANK,BUSAN BANK,300000007,42413653,46,0,0.000410550215049528
XIAMEN INTERNATIONAL BANK,XIAMEN INTERNATIONAL BANK,0,75449130,0,0,0.000194254134953484
MASSACHUSETTS MUTUAL LIFE INSURANCE,MASSACHUSETTS MUTUAL LIFE INSURANCE,0,1142241487,0,0,0.000194254134953484
SCHELCHER PRINCE GESTION,SCHELCHER PRINCE GESTION,0,16602306,0,0,0.000194254134953484
OCBC BANK HONG KONG,OCBC BANK HONG KONG,0,52631579,0,0,0.000194254134953484
HBL BANK UK,HBL BANK UK,0,77546496,0,0,0.000194254134953484
JORDAN KUWAIT BANK,JORDAN KUWAIT BANK,0,124181321,0,0,0.000194254134953484
PASHA YATIRIM BANKASI AS,PASHA YATIRIM BANKASI AS,0,85101437,0,0,0.000194254134953484
RABITABANK ASJ,RABITABANK ASJ,0,43869000,0,0,0.000194254134953484
ABU DHABI EXPORTS OFFICE,ABU DHABI EXPORTS OFFICE,0,203802550,0,0,0.000194254134953484
ALTYN BANK,ALTYN BANK,0,40286861,0,0,0.000194254134953484
ARESBANK,ARESBANK,0,45618437,0,0,0.000194254134953484
DEMIRBANK TAS,DEMIRBANK TAS,0,40286861,0,0,0.000194254134953484
MBH BANK NYRT,MBH BANK NYRT,0,23267042,0,0,0.000194254134953484
THE COMMERCIAL BANK (PSQC) ],THE COMMERCIAL BANK (PSQC) ],0,23267042,0,0,0.000194254134953484
TURKISH BANK,TURKISH BANK,0,46770684,0,0,0.000194254134953484
XALQ BANK,XALQ BANK,0,23267042,0,0,0.000194254134953484
CAISSE D'EPARGNE ET DE PREVOYANCE HAUTS DE FRANCE,CAISSE D'EPARGNE ET DE PREVOYANCE HAUTS DE FRANCE,0,42923173,0,0,0.000194254134953484
INGEPAR,INGEPAR,0,78429331,0,0,0.000194254134953484
BANCO DAVIVIENDA,BANCO DAVIVIENDA,3e+08,8333333,46,0.110941034592318,0.000197808677821874
BANCO OCCIDENTE,BANCO OCCIDENTE,0,8333333,0,0,0.000194254134953484
BHD INTERNATIONAL BANK (PANAMA),BHD INTERNATIONAL BANK (PANAMA),0,8333333,0,0,0.000194254134953484
MERCANTIL BANK,MERCANTIL BANK,0,8333333,0,0,0.000194254134953484
MULTIBANK,MULTIBANK,119500000,8333333,80,0,0.000197618178631422
FIRST BANK CHICAGO,FIRST BANK CHICAGO,0,11170173,0,0,0.000194254134953484
WEBBANK,WEBBANK,0,11170173,0,0,0.000194254134953484
BANK UNITED,BANK UNITED,0,5e+07,0,0,0.000194254134953484
BANK OF RIZHAO,BANK OF RIZHAO,0,63323389,0,0,0.000194254134953484
INVESCO,INVESCO,1999999995,20706921,17,0.131724497481228,0.000215573786908964
INVESCO SENIOR SECURED MANAGEMENT,INVESCO SENIOR SECURED MANAGEMENT,0,44965397,0,0,0.000194254134953484
OFS CAPITAL MANAGEMENT,OFS CAPITAL MANAGEMENT,0,20706921,0,0,0.000194254134953484
SOUND POINT CAPITAL MANAGEMENT LP,SOUND POINT CAPITAL MANAGEMENT LP,100000001,20706921,114,0.0169553887521304,0.000195505128145493
BANK OF BEIJING SHANGHAI,BANK OF BEIJING SHANGHAI,0,34117100,0,0,0.000194254134953484
BOHAI BANK SHANGHAI,BOHAI BANK SHANGHAI,0,45989215,0,0,0.000194254134953484
BAIDURI BANK,BAIDURI BANK,0,31835337,0,0,0.000194254134953484
HARVEST PARTNERS,HARVEST PARTNERS,0,309573184,0,0,0.000194254134953484
PALMER SQUARE CAPITAL MANAGEMENT,PALMER SQUARE CAPITAL MANAGEMENT,1.75e+08,309573184,0,0,0.000195137470609613
STONE POINT CREDIT ADVISER,STONE POINT CREDIT ADVISER,0,309573184,0,0,0.000194254134953484
DEVELOPMENT BANK OF LATIN AMERICA AND THE CARIBBEAN,DEVELOPMENT BANK OF LATIN AMERICA AND THE CARIBBEAN,0,49500000,0,0,0.000194254134953484
ECO BUSINESS FUND,ECO BUSINESS FUND,0,49500000,0,0,0.000194254134953484
SBI CANADA BANK,SBI CANADA BANK,0,9604439,0,0,0.000194254134953484
BURGAN BANK KPSC,BURGAN BANK KPSC,799999995,26562500,5,0,0.000402805681146838
BANK OF SHARJAH PJSC,BANK OF SHARJAH PJSC,0,93248896,0,0,0.000194254134953484
BANCO KDB DO BRASIL,BANCO KDB DO BRASIL,0,9727301,0,0,0.000194254134953484
FRANKFURT AM MAIN,FRANKFURT AM MAIN,0,9662292,0,0,0.000194254134953484
BANCO BRADESCO,BANCO BRADESCO,0,14285714,0,0,0.000194254134953484
BANCO DE COSTA RICA,BANCO DE COSTA RICA,0,14285714,0,0,0.000194254134953484
CBUS SUPER,CBUS SUPER,0,20498153,0,0,0.000194254134953484
ARTEMID SENIOR LOAN IV SLP,ARTEMID SENIOR LOAN IV SLP,0,32971176,0,0,0.000194254134953484
BANK GABORONE,BANK GABORONE,0,6407902,0,0,0.000194254134953484
FIRST RAND BANK,FIRST RAND BANK,0,43697133,0,0,0.000194254134953484
ITAU BBA INTERNATIONAL,ITAU BBA INTERNATIONAL,0,13914858,0,0,0.000194254134953484
SANLAM LIFE INSURANCE,SANLAM LIFE INSURANCE,0,13914858,0,0,0.000194254134953484
ACCESS BANK UK,ACCESS BANK UK,0,7515828,0,0,0.000194254134953484
BANK WINDHOEK,BANK WINDHOEK,0,7515828,0,0,0.000194254134953484
PSP GROUP,PSP GROUP,0,47471722,0,0,0.000194254134953484
TCG SENIOR,TCG SENIOR,0,76411177,0,0,0.000194254134953484
FIRST ABU DHABI BANK HONG KONG,FIRST ABU DHABI BANK HONG KONG,0,64301116,0,0,0.000194254134953484
AJMAN BANK PJSC,AJMAN BANK PJSC,0,161662219,0,0,0.000194254134953484
BANK NIZWA,BANK NIZWA,0,7191631,0,0,0.000194254134953484
MS CAPITAL PARTNERS ADVISER,MS CAPITAL PARTNERS ADVISER,0,482588120,0,0,0.000194254134953484
ZIRAAT BANK INTERNATIONAL,ZIRAAT BANK INTERNATIONAL,0,32847474,0,0,0.000194254134953484
ARAB AFRICAN INTERNATIONAL BANK PJSC,ARAB AFRICAN INTERNATIONAL BANK PJSC,0,22466667,0,0,0.000194254134953484
INVESTBANK,INVESTBANK,0,35800000,0,0,0.000194254134953484
CLYDESDALE BANK,CLYDESDALE BANK,0,25874323,0,0,0.000194254134953484
DEMIRBANK (AZERDEMIRYOLBANK),DEMIRBANK (AZERDEMIRYOLBANK),0,4228352,0,0,0.000194254134953484
INDIAN OVERSEAS BANK,INDIAN OVERSEAS BANK,0,28717949,0,0,0.000194254134953484
SAUDI NATIONAL COMMERCIAL BANK,SAUDI NATIONAL COMMERCIAL BANK,0,13333333,0,0,0.000194254134953484
CAJA LABORAL POPULAR COOPERATIVA DE CREDITO,CAJA LABORAL POPULAR COOPERATIVA DE CREDITO,0,4744627,0,0,0.000194254134953484
CAJA RURAL DEL SUR,CAJA RURAL DEL SUR,0,4744627,0,0,0.000194254134953484
MABREY BANK,MABREY BANK,0,20250000,0,0,0.000194254134953484
LOTTE FL SINGAPORE PTE,LOTTE FL SINGAPORE PTE,0,31432653,0,0,0.000194254134953484
VIETINBANK JSC,VIETINBANK JSC,0,10116980,0,0,0.000194254134953484
KUMAMOTO BANK,KUMAMOTO BANK,0,12146848,0,0,0.000194254134953484
STIFEL NICOLAUS &,STIFEL NICOLAUS &,0,323555699,0,0,0.000194254134953484
AKBANK,AKBANK,0,7279147,0,0,0.000194254134953484
BANK MUSCAT INTERNATIONAL BSC,BANK MUSCAT INTERNATIONAL BSC,0,3352105,0,0,0.000194254134953484
MIDWEST BANKCENTRE,MIDWEST BANKCENTRE,0,12500000,0,0,0.000194254134953484
PARKSIDE FINANCIAL BANK &,PARKSIDE FINANCIAL BANK &,0,12500000,0,0,0.000194254134953484
ST LOUIS BANK,ST LOUIS BANK,0,12500000,0,0,0.000194254134953484
COMMUNITY STATE BANK,COMMUNITY STATE BANK,0,26145102,0,0,0.000194254134953484
BLUE OWL CREDIT INCOME,BLUE OWL CREDIT INCOME,0,2.2e+08,0,0,0.000194254134953484
MAYBANK HONG KONG,MAYBANK HONG KONG,0,86904149,0,0,0.000194254134953484
PRIVAL BANK,PRIVAL BANK,0,7500000,0,0,0.000194254134953484
CIBC WORLD MARKETS,CIBC WORLD MARKETS,0,1e+08,0,0,0.000194254134953484
CHAABI INTERNATIONAL BANK OFFSHORE,CHAABI INTERNATIONAL BANK OFFSHORE,0,30413450,0,0,0.000194254134953484
EBI GROUPE ECOBANK,EBI GROUPE ECOBANK,0,30413450,0,0,0.000194254134953484
BARINGS FINANCE,BARINGS FINANCE,0,413071219,0,0,0.000194254134953484
ALLIANZ GLOBAL INVESTORS,ALLIANZ GLOBAL INVESTORS,0,20348763,0,0,0.000194254134953484
AMUNDI DETTE SENIOR INITIATIVE IMPACT - DS 2020,AMUNDI DETTE SENIOR INITIATIVE IMPACT - DS 2020,0,9370766,0,0,0.000194254134953484
ARTEMID CA II SLP,ARTEMID CA II SLP,0,9370766,0,0,0.000194254134953484
CHUBB EUROPEAN GROUP,CHUBB EUROPEAN GROUP,0,96398846,0,0,0.000194254134953484
ZURICH INSURANCE GROUP,ZURICH INSURANCE GROUP,0,96398846,0,0,0.000194254134953484
CECABANK,CECABANK,0,74730596,0,0,0.000194254134953484
UNICAJA,UNICAJA,0,74730596,0,0,0.000194254134953484
NEXT COMMERCIAL BANK,NEXT COMMERCIAL BANK,0,13742291,0,0,0.000194254134953484
CAPITAL ONE FINANCIAL,CAPITAL ONE FINANCIAL,0,28936089,0,0,0.000194254134953484
STIFEL FINANCIAL,STIFEL FINANCIAL,750000003,83936089,177,0.0356643985937483,0.000394564785934527
MIDWESTONE BANK,MIDWESTONE BANK,0,23333333,0,0,0.000194254134953484
NANYANG COMMERCIAL BANK HONG KONG,NANYANG COMMERCIAL BANK HONG KONG,0,25096050,0,0,0.000194254134953484
OVERSEA-CHINESE HONG KONG,OVERSEA-CHINESE HONG KONG,0,61333275,0,0,0.000194254134953484
SPAREBANK 1 CAPITAL MARKETS,SPAREBANK 1 CAPITAL MARKETS,0,92871955,0,0,0.000194254134953484
OPTUM BANK,OPTUM BANK,0,47857143,0,0,0.000194254134953484
SVB FINANCIAL GROUP,SVB FINANCIAL GROUP,0,38636364,0,0,0.000194254134953484
FORTRESS CREDIT,FORTRESS CREDIT,0,146311256,0,0,0.000194254134953484
MACAO DEVELOPMENT BANK,MACAO DEVELOPMENT BANK,0,47862125,0,0,0.000194254134953484
AL RAJHI BANK,AL RAJHI BANK,0,96250000,0,0,0.000194254134953484
ALINMA BANK,ALINMA BANK,0,96250000,0,0,0.000194254134953484
BANGOR SAVINGS BANK,BANGOR SAVINGS BANK,0,17500000,0,0,0.000194254134953484
STRIDE BANK,STRIDE BANK,0,8821173,0,0,0.000194254134953484
SILK ROAD FUND,SILK ROAD FUND,0,31250000,0,0,0.000194254134953484
ASUKA SHINKUMI,ASUKA SHINKUMI,0,1704104,0,0,0.000194254134953484
UMPQUA BANK,UMPQUA BANK,0,42500000,0,0,0.000194254134953484
GLOBAL LOAN AGENCY SERVICES,GLOBAL LOAN AGENCY SERVICES,0,11918538,0,0,0.000194254134953484
CREDIT INDUSTRIEL ET COMMERCIAL FINANCE,CREDIT INDUSTRIEL ET COMMERCIAL FINANCE,0,33837288,0,0,0.000194254134953484
BANNER BANK,BANNER BANK,0,93491204,0,0,0.000194254134953484
BANK OF BAHRAIN & KUWAIT BSC,BANK OF BAHRAIN & KUWAIT BSC,0,58823529,0,0,0.000194254134953484
BOUBYAN BANK KSC,BOUBYAN BANK KSC,0,76478122,0,0,0.000194254134953484
QATAR INTERNATIONAL ISLAMIC BANK QSC,QATAR INTERNATIONAL ISLAMIC BANK QSC,0,76478122,0,0,0.000194254134953484
BRITISH COLUMBIA INVESTMENT MANAGEMENT,BRITISH COLUMBIA INVESTMENT MANAGEMENT,0,104707401,0,0,0.000194254134953484
PSP INVESTMENTS,PSP INVESTMENTS,0,129927604,0,0,0.000194254134953484
SYNOVUS FINANCIAL,SYNOVUS FINANCIAL,0,18750000,0,0,0.000194254134953484
EUROPE ARAB BANK,EUROPE ARAB BANK,0,77958273,0,0,0.000194254134953484
MIDWEST BANK,MIDWEST BANK,0,18827500,0,0,0.000194254134953484
SEB,SEB,0,132561260,0,0,0.000194254134953484
WILMINGTON SAVINGS FUND SOCIETY,WILMINGTON SAVINGS FUND SOCIETY,0,4.35e+08,0,0,0.000194254134953484
CIT FINANCE,CIT FINANCE,0,259285714,0,0,0.000194254134953484
HATTON NATIONAL BANK,HATTON NATIONAL BANK,0,22061111,0,0,0.000194254134953484
NATIONAL DEVELOPMENT BANK,NATIONAL DEVELOPMENT BANK,0,22061111,0,0,0.000194254134953484
SEYLAN BANK,SEYLAN BANK,0,22061111,0,0,0.000194254134953484
PRINCIPAL GLOBAL INVESTORS,PRINCIPAL GLOBAL INVESTORS,0,45735234,0,0,0.000194254134953484
RAKUTEN INTERNATIONAL COMMERCIAL BANK,RAKUTEN INTERNATIONAL COMMERCIAL BANK,0,10139268,0,0,0.000194254134953484
EUROPEAN FUND FOR SOUTHEAST EUROPE,EUROPEAN FUND FOR SOUTHEAST EUROPE,0,21786907,0,0,0.000194254134953484
COMMERCIAL BANK OF CEYLON,COMMERCIAL BANK OF CEYLON,0,10950000,0,0,0.000194254134953484
PAN ASIA BANK,PAN ASIA BANK,0,10950000,0,0,0.000194254134953484
KDB BANK,KDB BANK,0,33857143,0,0,0.000194254134953484
BANK OF DALIAN,BANK OF DALIAN,0,17597129,0,0,0.000194254134953484
OCBC WING HANG BANK (CHINA),OCBC WING HANG BANK (CHINA),0,17597129,0,0,0.000194254134953484
VIETNAM JOINT STOCK COMMERCIAL BANK FOR INDUSTRY AND TRADE (VIETINBANK),VIETNAM JOINT STOCK COMMERCIAL BANK FOR INDUSTRY AND TRADE (VIETINBANK),0,2e+07,0,0,0.000194254134953484
METRONET RAIL SSL FINANCE,METRONET RAIL SSL FINANCE,557630135,0,0,0,0.000262064852482247
METRONET RAIL BCV FINANCE,METRONET RAIL BCV FINANCE,557630135,0,0,0,0.000262064852482247
KK IZUNOSATO,KK IZUNOSATO,9047434,0,0,0,0.000359401405016043
KK TSUSHIMA MANAGEMENT,KK TSUSHIMA MANAGEMENT,177109993,0,0,0,0.00057202658898044
NASA,NASA,6139330,0,0,0,0.0001942851108463
REALTY ASSOCIATES FUND VIII LP,REALTY ASSOCIATES FUND VIII LP,5e+08,0,0,0,0.000525454895339201
HURRIKAN POWER FUNDING HOLDING GMBH,HURRIKAN POWER FUNDING HOLDING GMBH,83700000,0,0,0,0.000198805036994036
CONCESSION A25 FUNDING 2,CONCESSION A25 FUNDING 2,454220317,0,0,0,0.000213899982504552
GANGNAM FINANCE CENTER,GANGNAM FINANCE CENTER,12050770,0,0,0,0.000693651336787475
BRI WIND FARMS 1,BRI WIND FARMS 1,238549121,0,0,0,0.000762444852504477
ANDERSON BANCSHARES,ANDERSON BANCSHARES,1380355638,0,0,0,0.00109738319966639
HOLDING ENERGIES RENOUVELABLES SARL,HOLDING ENERGIES RENOUVELABLES SARL,204173048,0,0,0,0.000525328254275959
HOCHTIEF B2L PARTNER,HOCHTIEF B2L PARTNER,53517784,0,0,0,0.000198197280486215
PLATINA PARTNERS LLP,PLATINA PARTNERS LLP,64710356,0,0,0,0.000216549788194107
APULIA FINANCE 5 CESSIONI SRL IN LIQUIDAZIONE,APULIA FINANCE 5 CESSIONI SRL IN LIQUIDAZIONE,83335938,0,0,0,0.000524815407604555
ORIENTE FINANCING BV,ORIENTE FINANCING BV,337500000,0,0,0,0.000208608191597291
VIETNAM DEVELOPMENT BANK,VIETNAM DEVELOPMENT BANK,2.7e+08,0,0,0.0341822633107014,0.00020088754244025
NOMOSREGIOBANK OAO,NOMOSREGIOBANK OAO,618769340,0,0,0,0.000273285712405343
SKY CRAWLER LEASING,SKY CRAWLER LEASING,40299212,0,0,0,0.000196739189402309
INDUSTRIAL INFRASTRUCTURE FUND INVESTMENT,INDUSTRIAL INFRASTRUCTURE FUND INVESTMENT,135711515,0,0,0,0.000198601221088369
METROPOLITAN BANK AND TRUST,METROPOLITAN BANK AND TRUST,147129999,0,0,0,0.00156783510050861
KOUMEIKAN,KOUMEIKAN,7108698,0,0,0,0.000213892998256824
NOMURA REAL ESTATE MASTER FUND,NOMURA REAL ESTATE MASTER FUND,12924907,0,0,0,0.000194793642348806
CLEAN ENERGY FINANCE INVESTMENT AUTHORITY,CLEAN ENERGY FINANCE INVESTMENT AUTHORITY,26700000,0,0,0,0.00040618130108544
VULKAN ENERGIEWIRTSCHAFT ODERBRUCKE GMBH,VULKAN ENERGIEWIRTSCHAFT ODERBRUCKE GMBH,8541934,0,0,0,0.000213194770776275
ACTIUS IMMOBILIARIS FUNDACIO ESCOLA INTERNACIONAL DEL CAMP SL,ACTIUS IMMOBILIARIS FUNDACIO ESCOLA INTERNACIONAL DEL CAMP SL,6561663,0,0,0,0.00022685008717632
XINJIANG STATEOWNED ASSETS MANAGEMENT INVESTMENT,XINJIANG STATEOWNED ASSETS MANAGEMENT INVESTMENT,2760334000,0,0,0,0.000651852779923572
RUSHYDRO FINANCE,RUSHYDRO FINANCE,198235362,0,0,0,0.000195859242253087
ALTHAIA XARXA ASSISTENCIAL UNIVERSITARIA DE MANRESA FUNDACIO PRIVADA,ALTHAIA XARXA ASSISTENCIAL UNIVERSITARIA DE MANRESA FUNDACIO PRIVADA,48959864,0,0,0,0.000335835364030054
DVB BANK SE,DVB BANK SE,5208496,0,0,0,0.00019491123168703
IS CONTAINER PTE,IS CONTAINER PTE,320000001,0,0,0,0.000402684396969087
CASERONES FINANCE NETHERLANDS BV,CASERONES FINANCE NETHERLANDS BV,129999999,0,0,0,0.000248273045211379
TOYOTA FINANCE,TOYOTA FINANCE,151867650,0,0,0,0.000391815242077628
FINANCIERE ET DE PARTICIPATIONS ROULLIER CIE,FINANCIERE ET DE PARTICIPATIONS ROULLIER CIE,472931445,0,0,0,0.000249649133210257
PFI SENIOR FUNDING,PFI SENIOR FUNDING,326885216,0,0,0,0.000336377736423305
NB VED RUZ AO,NB VED RUZ AO,256407570,0,0,0,0.000304756362370223
HANSHIN ASSET MANAGEMENT,HANSHIN ASSET MANAGEMENT,234329411,0,0,0,0.000723202475191616
GUANGDONG HYDROPOWER YUNNAN INVESTMENT,GUANGDONG HYDROPOWER YUNNAN INVESTMENT,99372024,0,0,0,0.00019500747739955
METRO TOWERS,METRO TOWERS,31800000,0,0,0,0.00023371367711519
OOGTK LIBRA GMBH KG,OOGTK LIBRA GMBH KG,803711790,0,0,0.0424593416650685,0.000252725756314702
GOSFIELD WIND FINANCIAL,GOSFIELD WIND FINANCIAL,125395191,0,0,0,0.000223430171225555
INCORPORATED ADMINISTRATIVE AGENCY JAPAN HOUSING FINANCE AGENCY,INCORPORATED ADMINISTRATIVE AGENCY JAPAN HOUSING FINANCE AGENCY,2759144373,0,0,0,0.00341679381121465
PRIMA 200 FUNDCO NO 1,PRIMA 200 FUNDCO NO 1,30450364,0,0,0,0.000195370945500246
SWISS LIFE ASSET MANAGERS FRANCE,SWISS LIFE ASSET MANAGERS FRANCE,36459473,0,0,0,0.000195954408513461
C2C POWER FINANCING 3 LP,C2C POWER FINANCING 3 LP,617776690,0,0,0,0.000208563149393294
CPH PARIS CHAMPS ELYSEES,CPH PARIS CHAMPS ELYSEES,70835547,0,0,0,0.000359944997796156
CHINA CINDA ASSET MANAGEMENT,CHINA CINDA ASSET MANAGEMENT,2555208696,0,0,0,0.000287804462129575
NANJING JIANYE DISTRICT HIGH TECH INVESTMENT GROUP,NANJING JIANYE DISTRICT HIGH TECH INVESTMENT GROUP,276033401,0,0,0,0.000210212690400804
SOLAR STAR FUNDING,SOLAR STAR FUNDING,300999999,0,0,0,0.000201691234866098
FORESIGHT GROUP LLP,FORESIGHT GROUP LLP,157890780,0,0,0,0.000271274617509406
NEXTENERGY SOLAR FUND,NEXTENERGY SOLAR FUND,226811359,0,0,0,0.000284948762548069
TAKARA LEBEN INFRASTRUCTURE FUND,TAKARA LEBEN INFRASTRUCTURE FUND,288134935,0,0,0,0.000794252008086542
NANJING CHENGNAN HISTORICAL AND CULTURAL PROTECTION AND RENAISSANCE GROUP,NANJING CHENGNAN HISTORICAL AND CULTURAL PROTECTION AND RENAISSANCE GROUP,455455110,0,0,0,0.00034171362064186
YANGZHOU GUANGTONG TRANSPORTATION INVESTMENT,YANGZHOU GUANGTONG TRANSPORTATION INVESTMENT,135256366,0,0,0,0.000195663944439213
GAP AVIATION FINANCE DAL 737I LP,GAP AVIATION FINANCE DAL 737I LP,3.6e+08,0,0,0,0.000592704194021378
MADERO RESERVE SA DE CV SOFOM ENR,MADERO RESERVE SA DE CV SOFOM ENR,509760002,0,0,0.019181886733646,0.000688019523895766
SAVILLS INVESTMENT MANAGEMENT SOCIETA DI GESTIONE DEL RISPARMIO SPA,SAVILLS INVESTMENT MANAGEMENT SOCIETA DI GESTIONE DEL RISPARMIO SPA,171880372,0,0,0,0.000228534948707175
EMERALD STATE SOLAR,EMERALD STATE SOLAR,105472623,0,0,0,0.000362112400113121
XIANGSHAN MINGXIANG INFRASTRUCTURE INVESTMENT,XIANGSHAN MINGXIANG INFRASTRUCTURE INVESTMENT,42785176,0,0,0,0.00019478238303998
LHI LEASING GMBH,LHI LEASING GMBH,50834922,0,0,0,0.000204039864773838
JIUJIANG PORT CITY CONSTRUCTION INVESTMENT,JIUJIANG PORT CITY CONSTRUCTION INVESTMENT,69008350,0,0,0,0.000359818323526872
HAIYAN BAIXIN MORDEN SERVICE INVESTMENT,HAIYAN BAIXIN MORDEN SERVICE INVESTMENT,70388517,0,0,0,0.000195711042874124
SHANGHAI JUJIN CONSTRUCTION INDUSTRIAL,SHANGHAI JUJIN CONSTRUCTION INDUSTRIAL,136636532,0,0,0,0.000195137574944634
MARGINATA DUTCH FINANCE BV,MARGINATA DUTCH FINANCE BV,341600000,0,0,0,0.000198406707079535
NANTONG HAIFU INVESTMENT DEVELOPMENT,NANTONG HAIFU INVESTMENT DEVELOPMENT,58657098,0,0,0,0.00019462298246364
EVOLUTION RAIL FINANCE PTY,EVOLUTION RAIL FINANCE PTY,912844584,0,0,0,0.000207461540827424
SUNRISE FINANCING PARTNERSHIP,SUNRISE FINANCING PARTNERSHIP,6908398440,0,0,0.312801791353374,0.00046411911226835
SGET MIYAKO MEGA SOLAR,SGET MIYAKO MEGA SOLAR,104064883,0,0,0,0.00063558060442024
SBERBANK ROSSII PAO,SBERBANK ROSSII PAO,140493974,0,0,0,0.000195398478473237
QIANFENG INTERNATIONAL FINANCIAL LEASING,QIANFENG INTERNATIONAL FINANCIAL LEASING,220826720,0,0,0,0.000211776730021489
CHANGSHU KUNCHENG DEVELOPMENT INVESTMENT,CHANGSHU KUNCHENG DEVELOPMENT INVESTMENT,501690704,0,0,0,0.000201442614140917
LIYANG HENGJIA INVESTMENT INDUSTRIAL,LIYANG HENGJIA INVESTMENT INDUSTRIAL,133876199,0,0,0,0.000195205928543993
YANCHENG XINGGANG CONSTRUCTION INVESTMENT,YANCHENG XINGGANG CONSTRUCTION INVESTMENT,37264509,0,0,0,0.000194382548122461
AGRIAL FINANCES,AGRIAL FINANCES,1351083888,0,0,0,0.000321489423704979
DONGHAI COUNTY URBAN CONSTRUCTION INVESTMENT DEVELOPMENT GROUP,DONGHAI COUNTY URBAN CONSTRUCTION INVESTMENT DEVELOPMENT GROUP,110413360,0,0,0,0.000362775666844125
NEML LEVIATHAN FINANCE COMPANY,NEML LEVIATHAN FINANCE COMPANY,6.25e+08,0,0,0,0.00019932875397471
DONGFANG YINGDU SUNAC INVESTMENT,DONGFANG YINGDU SUNAC INVESTMENT,276033400,0,0,0,0.00019837263773196
JAPAN WIND DEVELOPMENT JOINT FUND KK,JAPAN WIND DEVELOPMENT JOINT FUND KK,154937314,0,0,0,0.000765746501456133
ALTICE US FINANCE I,ALTICE US FINANCE I,1265000003,0,0,0.075068620950072,0.000204955630326904
LAND AND AGRICULTURAL DEVELOPMENT BANK OF SOUTH AFRICA,LAND AND AGRICULTURAL DEVELOPMENT BANK OF SOUTH AFRICA,3e+08,0,0,0,0.000204468265638796
RENEWABLE JAPAN ENERGY INFRASTRUCTURE FUND,RENEWABLE JAPAN ENERGY INFRASTRUCTURE FUND,202442809,0,0,0,0.000345091980584415
GUANGZHOU LIANGYE INDUSTRIAL INVESTMENT,GUANGZHOU LIANGYE INDUSTRIAL INVESTMENT,220826720,0,0,0,0.000360804306032896
ENA LINE BUILDING KK,ENA LINE BUILDING KK,14863642,0,0,0,0.000359743406980002
BWF FINANCE PTY,BWF FINANCE PTY,105966636,0,0,0,0.000246174403290177
AMALFI FINANCE,AMALFI FINANCE,675854455,0,0,0,0.000471119005350706
HIRONO PROGRESS,HIRONO PROGRESS,7754944,0,0,0,0.000198570627849855
CONTAINER FINANCE OY,CONTAINER FINANCE OY,161827190,0,0,0,0.00027945857220348
JAPAN METROPOLITAN FUND INVESTMENT,JAPAN METROPOLITAN FUND INVESTMENT,588083235,0,0,0,0.000432956820019089
BAODING BAIGOU SHENGXIANG COMMERCIAL INVESTMENT,BAODING BAIGOU SHENGXIANG COMMERCIAL INVESTMENT,414050100,0,0,0,0.000201112067576262
NINGBO FENGHUA JINSHAN RIVER CONSTRUCTION INVESTMENT,NINGBO FENGHUA JINSHAN RIVER CONSTRUCTION INVESTMENT,127941481,0,0,0,0.000205444401342583
DMG MORI FINANCE GMBH,DMG MORI FINANCE GMBH,484390137,0,0,0,0.000540750909156559
SONNEDIX ALOE HOLDINGS,SONNEDIX ALOE HOLDINGS,233236456,0,0,0,0.000210108670815696
FOCUS FINANCIAL PARTNERS,FOCUS FINANCIAL PARTNERS,8699750001,0,0,0.142254835649565,0.000772280924783673
SUNRISE ASSET MANAGEMENT,SUNRISE ASSET MANAGEMENT,67999999,0,0,0,0.00022902793785923
CMB FINANCIAL LEASING,CMB FINANCIAL LEASING,370826721,0,0,0,0.000216854348804875
CDHTI ASSETS MANAGEMENT,CDHTI ASSETS MANAGEMENT,165620040,0,0,0,0.000197147912123314
ARCHROMA FINANCE SARL,ARCHROMA FINANCE SARL,1248973145,0,0,0.0227466437886588,0.000204084941157497
WILLOGOLECHE POWER FINANCE PTY,WILLOGOLECHE POWER FINANCE PTY,295161675,0,0,0,0.000201378918462163
RWH FINANCE PTY,RWH FINANCE PTY,59455256,0,0,0,0.000196388012592944
WHITEHAVEN FINANCE COMPANY PTY,WHITEHAVEN FINANCE COMPANY PTY,192430212,0,0,0,0.000236625202278598
EAST BANK CLUB VENTURE,EAST BANK CLUB VENTURE,6.5e+07,0,0,0,0.000388089097536347
AREVON ENERGY JV V,AREVON ENERGY JV V,628709099,0,0,0,0.000215602897629579
PIRAMAL FINANCE,PIRAMAL FINANCE,71068155,0,0,0,0.000441679765684995
POWERCHINA CONSTRUCTION QINGDAO INVESTMENT,POWERCHINA CONSTRUCTION QINGDAO INVESTMENT,110413360,0,0,0,0.000194948436140526
AQUASURE FINANCE PTY,AQUASURE FINANCE PTY,749358008,0,0,0,0.000327480476974836
CANADIAN SOLAR INFRASTRUCTURE FUND,CANADIAN SOLAR INFRASTRUCTURE FUND,392917148,0,0,0,0.000880571875594726
SOFTBANK,SOFTBANK,19214803105,0,0,0.248927615926133,0.000610604022048845
SUMBER RIBU SDN BHD,SUMBER RIBU SDN BHD,404995521,0,0,0,0.000437096436191183
DIDEROT FINANCEMENT 22,DIDEROT FINANCEMENT 22,30126462,0,0,0,0.000213320771370769
SPOWER FINANCE,SPOWER FINANCE,484066768,0,0,0,0.000206364971858799
NETWORK FINANCE COMPANY PTY,NETWORK FINANCE COMPANY PTY,2363121015,0,0,0,0.000428960411639636
NETS HOLDING AS,NETS HOLDING AS,3122354141,0,0,0.0108331707940097,0.000574444041417022
PAYSAFE GROUP,PAYSAFE GROUP,3046742605,0,0,0.108105926038608,0.000279430676218914
LIGHTHOUSE NETWORK,LIGHTHOUSE NETWORK,6.3e+08,0,0,0,0.000206399989124281
FINANCIERE BEXLEY,FINANCIERE BEXLEY,66147901,0,0,0,0.000227384621482625
ANISA SARL,ANISA SARL,346364991,0,0,0,0.000254368114493474
PLANET PAYMENT GROUP HOLDINGS,PLANET PAYMENT GROUP HOLDINGS,369803224,0,0,0,0.000216790501326222
VOLKSBANK OBERBERG EG,VOLKSBANK OBERBERG EG,67502108,0,0,0,0.000255345832234697
INDARA FINANCE PTY,INDARA FINANCE PTY,195030624,0,0,0,0.00025813264960277
JINDAL SAW MIDDLE EAST FZE,JINDAL SAW MIDDLE EAST FZE,4.4e+07,0,0,0,0.000218734352223814
DONGGUAN XINFENGTANG INVESTMENT,DONGGUAN XINFENGTANG INVESTMENT,503760954,0,0,0,0.000229062018278329
ECOBANK TRANSNATIONAL INCORPORATED,ECOBANK TRANSNATIONAL INCORPORATED,554169920,0,0,0.0377041931190813,0.0012637281506519
AUSTRALIAN UNITY FUNDS MANAGEMENT,AUSTRALIAN UNITY FUNDS MANAGEMENT,552586759,0,0,0,0.000270222332243604
TLC CITRON KK,TLC CITRON KK,61893246,0,0,0,0.00019518370539285
KM SUPPORT,KM SUPPORT,6747706,0,0,0,0.000359539598753566
TORTOISEECOFIN INVESTMENTS,TORTOISEECOFIN INVESTMENTS,302500000,0,0,0.0152131494435899,0.000198115480433288
VICTORY CAPITAL MANAGEMENT,VICTORY CAPITAL MANAGEMENT,1720738912,0,0,0,0.000205652183554208
TAR RIVERWALK SDN BHD,TAR RIVERWALK SDN BHD,41209406,0,0,0,0.000260289699458306
BANK RAZVITIYA KAZAKHSTANA AO,BANK RAZVITIYA KAZAKHSTANA AO,279626218,0,0,0,0.000362957067110633
PLASTECH BETEILIGUNGS GMBH,PLASTECH BETEILIGUNGS GMBH,14583788,0,0,0,0.000525065228521281
EIG MANAGEMENT COMPANY,EIG MANAGEMENT COMPANY,2.2e+08,0,0,0.019575711623843,0.000195443381651322
KHUSHHALI MICROFINANCE BANK,KHUSHHALI MICROFINANCE BANK,3602305,0,0,0,0.0013529176408849
AMERICAN TRAFFIC SOLUTIONS,AMERICAN TRAFFIC SOLUTIONS,9.75e+08,0,0,0,0.000198242255827637
CHINA STATE CONSTRUCTION BEIJING NORTH INVESTMENT DEVELOPMENT,CHINA STATE CONSTRUCTION BEIJING NORTH INVESTMENT DEVELOPMENT,892581601,0,0,0,0.000345525708657892
POINSETTIA FINANCE,POINSETTIA FINANCE,325009999,0,0,0,0.000207927927831202
OPENLINK FINANCIAL,OPENLINK FINANCIAL,827181641,0,0,0.0958783841640147,0.000205766375789479
STEPSTONE GROUP LP,STEPSTONE GROUP LP,4.5e+08,0,0,0.0112428649882394,0.000205332615903023
CALTEX FINANCE,CALTEX FINANCE,85610001,0,0,0,0.00019558013668651
MINISTERIO DAS FINANCAS DE ANGOLA,MINISTERIO DAS FINANCAS DE ANGOLA,652869325,0,0,0,0.000390232479069677
COMPASS GROUP DIVERSIFIED HOLDINGS,COMPASS GROUP DIVERSIFIED HOLDINGS,1499999997,0,0,0,0.000386470502527744
PROCREDIT HOLDING,PROCREDIT HOLDING,20833984,0,0,0,0.000194363606850726
MACQUARIE AIRFINANCE,MACQUARIE AIRFINANCE,3000000003,0,0,0.100855486093872,0.000387935332673384
NOMW CAPITAL,NOMW CAPITAL,1.5e+08,0,0,0,0.000244913703686009
ORCC FINANCING II,ORCC FINANCING II,249999999,0,0,0,0.000525851129359994
CRWF FINANCE PTY,CRWF FINANCE PTY,78927592,0,0,0,0.000211341317182087
WORLDLINE IGSA,WORLDLINE IGSA,1463587407,0,0,0.0307890117649129,0.000209565410244509
FINANCIERE DU MILLENIUM,FINANCIERE DU MILLENIUM,31250977,0,0,0,0.000195503689172137
NSW ELECTRICITY NETWORKS FINANCE PTY,NSW ELECTRICITY NETWORKS FINANCE PTY,1810534258,0,0,0,0.000264827709276447
GC AGILE INTERMEDIATE HOLDINGS,GC AGILE INTERMEDIATE HOLDINGS,1071381698,0,0,0.0579292531261417,0.000278958850540667
QAL FINANCE PTY,QAL FINANCE PTY,672368060,0,0,0,0.00020341007949744
MEZZANINE PARTNERS 2,MEZZANINE PARTNERS 2,36459472,0,0,0,0.000209393651734743
IQ EQ LUXEMBOURG,IQ EQ LUXEMBOURG,1961545397,0,0,0.0350073206910872,0.000347129927144004
GENUINE FINANCIAL HOLDINGS,GENUINE FINANCIAL HOLDINGS,1.425e+09,0,0,0.0393740259361202,0.000377113114809438
SONNEDIX SANTA LUCIA SRL,SONNEDIX SANTA LUCIA SRL,164380137,0,0,0,0.000244075602581171
ALAN ALLMAN ASSOCIATES FRANCE,ALAN ALLMAN ASSOCIATES FRANCE,10416992,0,0,0,0.000194355030839049
JEM PTY,JEM PTY,83213064,0,0,0,0.000195633321113369
MYRTIL SAS,MYRTIL SAS,195839456,0,0,0,0.000368743348546523
NAVISTAR FINANCIAL,NAVISTAR FINANCIAL,4e+08,0,0,0.0957104329587423,0.000197587426545226
KFW IPEXBANK GMBH,KFW IPEXBANK GMBH,52084961,0,0,0,0.00019948178524751
VERIFONE,VERIFONE,2.375e+09,0,0,0,0.000215584682372283
QPH FINANCE PTY,QPH FINANCE PTY,910142896,0,0,0,0.000290927481763804
CHARTER HALL SOCIAL INFRASTRUCTURE,CHARTER HALL SOCIAL INFRASTRUCTURE,65010207,0,0,0,0.00021172332192556
BOISSEE FINANCES,BOISSEE FINANCES,8333594,0,0,0,0.000194331204901501
LEAD AND BUSINESS,LEAD AND BUSINESS,11458691,0,0,0,0.000195088838241019
INDIAN RAILWAY FINANCE,INDIAN RAILWAY FINANCE,4694817522,0,0,0,0.00100205476182213
ORIGIS PIPELINE FUNDING IV,ORIGIS PIPELINE FUNDING IV,148477752,0,0,0,0.000195657178863612
CETERA FINANCIAL GROUP,CETERA FINANCIAL GROUP,3764788708,0,0,0.158232582366607,0.000267929326477707
SOUTHERN WAY FINANCE PTY,SOUTHERN WAY FINANCE PTY,593590895,0,0,0,0.000205642670656506
CDB AVIATION LEASE FINANCE DAC,CDB AVIATION LEASE FINANCE DAC,4936250000,0,0,0,0.000421384049359883
AUSGRID FINANCE PTY,AUSGRID FINANCE PTY,3098643887,0,0,0.00621739225340232,0.000376816099943194
GENESIS SPECIALIST CARE FINANCE UK,GENESIS SPECIALIST CARE FINANCE UK,564252860,0,0,0,0.000711571474451368
SOCIETE FINANCIERE BERT,SOCIETE FINANCIERE BERT,28798554,0,0,0,0.000209964710643037
SENTINEL FINANCING PTY,SENTINEL FINANCING PTY,7352340,0,0,0,0.000194477348850376
SEAPORT FINANCING,SEAPORT FINANCING,1.9e+08,0,0,0,0.00032646050392125
FIRST EAGLE INVESTMENT MANAGEMENT,FIRST EAGLE INVESTMENT MANAGEMENT,3209942052,0,0,0.292044146696839,0.000279934853092818
ALINTA ENERGY FINANCE PTY,ALINTA ENERGY FINANCE PTY,1105173512,0,0,0,0.000229318742113012
INVESCO ASSET MANAGEMENT,INVESCO ASSET MANAGEMENT,410950342,0,0,0,0.000303740633081181
BELRON FINANCE,BELRON FINANCE,455000001,0,0,0,0.000196478558261307
3C PERDIDO FINANCING,3C PERDIDO FINANCING,266199999,0,0,0,0.000198595291715397
F2I FONDI ITALIANI PER LE INFRASTRUTTURE SOCIETA DI GESTIONE DEL RISPARMIO IN FORMA A SPA,F2I FONDI ITALIANI PER LE INFRASTRUTTURE SOCIETA DI GESTIONE DEL RISPARMIO IN FORMA A SPA,112503516,0,0,0,0.000374329050182001
ASTORIA FINANCE,ASTORIA FINANCE,20833984,0,0,0,0.000212787061243516
RIALTO MANAGEMENT GROUP,RIALTO MANAGEMENT GROUP,216800000,0,0,0,0.000234102747813073
ECL SARL,ECL SARL,154252738,0,0,0,0.000548827636876889
CHINA SDIC HI TECH INDUSTRIAL INVESTMENT,CHINA SDIC HI TECH INDUSTRIAL INVESTMENT,35332276,0,0,0,0.000194503390012464
DIDEROT FINANCEMENT 27,DIDEROT FINANCEMENT 27,30584914,0,0,0,0.000213610919568326
SHANGHAI HANZHI INVESTMENT MANAGEMENT,SHANGHAI HANZHI INVESTMENT MANAGEMENT,119853702,0,0,0,0.000197422302131898
MOBILITEX,MOBILITEX,32292676,0,0,0,0.000275905850788433
MWF FINANCE PTY,MWF FINANCE PTY,218441458,0,0,0,0.000249267536847956
IRVINE COMPANY,IRVINE COMPANY,2.26e+09,0,0,0,0.000246777453629855
HONDA FINANCE,HONDA FINANCE,2584981260,0,0,0,0.00158040870682942
HISPASOLEO OSUNA SL,HISPASOLEO OSUNA SL,4064710,0,0,0,0.00019430078411886
KK MI CORPORATION,KK MI CORPORATION,37165116,0,0,0,0.000397501553089501
FINA FINANCE TRADING,FINA FINANCE TRADING,1108688306,0,0,0,0.000801068745804174
TILNEY BESTINVEST,TILNEY BESTINVEST,532568106,0,0,0.0735795717421565,0.000291469777541754
VOYAGER WIND I FINANCE,VOYAGER WIND I FINANCE,65276461,0,0,0,0.000194872609121532
ACRT FINANCE PTY,ACRT FINANCE PTY,1248195968,0,0,0,0.000215515439900432
TOP FINANCIERE N SAS,TOP FINANCIERE N SAS,555188958,0,0,0.0342184652193061,0.00020306449285827
BANCO DE LA PRODUCCION,BANCO DE LA PRODUCCION,2e+07,0,0,0,0.000365350808217878
DESRI SPRINGBOK,DESRI SPRINGBOK,485606616,0,0,0,0.000215615788150706
CUBICO HOLDINGS 2,CUBICO HOLDINGS 2,340843588,0,0,0,0.00021581505410828
SONANGOL FINANCE,SONANGOL FINANCE,5119796997,0,0,0.165735077296282,0.00282563554091444
MANDOR INVESTMENTS SL,MANDOR INVESTMENTS SL,34376076,0,0,0,0.000199957541177244
SIRIUS HOLDING,SIRIUS HOLDING,41667968,0,0,0,0.000273227646067925
DESRI LKV SOLAR FINANCING,DESRI LKV SOLAR FINANCING,38300001,0,0,0,0.000231047626083714
KAIZHONG GEWERBEIMMOBILIEN VERWALTUNGSGESELLSCHAFT MBH,KAIZHONG GEWERBEIMMOBILIEN VERWALTUNGSGESELLSCHAFT MBH,14583789,0,0,0,0.00036062622326458
SHOWA HOLDING,SHOWA HOLDING,93485847,0,0,0,0.000195860120260055
PIXEL HOLDING,PIXEL HOLDING,283342184,0,0,0,0.00033694641782792
BK FINANCIAL GROUP,BK FINANCIAL GROUP,10500000,0,0,0,0.000194503795526052
HARBOUR BENEFIT HOLDINGS,HARBOUR BENEFIT HOLDINGS,1.97e+08,0,0,0.0203674082654975,0.000283576560688988
PERPETUAL TRUSTEE COMPANY,PERPETUAL TRUSTEE COMPANY,1046472544,0,0,0.00942201866907633,0.000274209570732762
VERMONT AUS PTY,VERMONT AUS PTY,527232775,0,0,0.0113029713071847,0.000311850039063743
POLYCHEM ACQUISITION,POLYCHEM ACQUISITION,8e+07,0,0,0,0.000359579183051943
FINANCIERE H20,FINANCIERE H20,52084962,0,0,0,0.000371264330681703
GUANGDONG ENERGY FINANCIAL LEASING,GUANGDONG ENERGY FINANCIAL LEASING,91509188,0,0,0,0.000194981911575693
HENDERSON REAL ESTATE FINANCE,HENDERSON REAL ESTATE FINANCE,193873594,0,0,0,0.000230319720059463
MOMENTUM TRAINS FINANCE PTY,MOMENTUM TRAINS FINANCE PTY,644255100,0,0,0,0.000211383861740506
FINANCIERE FLORE,FINANCIERE FLORE,9041948,0,0,0,0.000194687108766792
STELLA DHL FINANCE PTY,STELLA DHL FINANCE PTY,173999816,0,0,0,0.000206489593891386
MILLORET STEEL,MILLORET STEEL,307962002,0,0,0,0.000383603046859767
NANJING FUHUIMAO INVESTMENT MANAGEMENT,NANJING FUHUIMAO INVESTMENT MANAGEMENT,48305844,0,0,0,0.000359453380419893
OCEAN FINANCIAL CENTRE PTE,OCEAN FINANCIAL CENTRE PTE,375129996,0,0,0,0.000507185024121515
FINANCIERE LBA,FINANCIERE LBA,99690616,0,0,0,0.000370103734233452
CONSULTIM GROUPE HOLDING,CONSULTIM GROUPE HOLDING,69793849,0,0,0,0.000481575201516361
EDUCIN BIDCO SAS,EDUCIN BIDCO SAS,421888185,0,0,0,0.000227423069839637
NINGBO JINSHI INVESTMENT CONSULTING,NINGBO JINSHI INVESTMENT CONSULTING,483058451,0,0,0,0.000248246077651824
RUGAO SHUIHUIHUIYUAN SCENIC AREA INVESTMENT DEVELOPMENT,RUGAO SHUIHUIHUIYUAN SCENIC AREA INVESTMENT DEVELOPMENT,62107515,0,0,0,0.000716556519629314
APOLLO COMMERCIAL REAL ESTATE FINANCE,APOLLO COMMERCIAL REAL ESTATE FINANCE,8e+08,0,0,0.033345586374,0.000245463148589811
INVERSIONES LAP PERU SAC,INVERSIONES LAP PERU SAC,59995348,0,0,0,0.000275292212574187
DBNGP FINANCE PTY,DBNGP FINANCE PTY,130020418,0,0,0,0.000202582635210413
CED SOUTHWEST HOLDCO FINANCING 1,CED SOUTHWEST HOLDCO FINANCING 1,560864936,0,0,0.0200731242296369,0.000390197484774872
FINANCIERE ALIZES,FINANCIERE ALIZES,40105420,0,0,0,0.000328214354398215
KSF FINANCE COMPANY PTY,KSF FINANCE COMPANY PTY,162522204,0,0,0,0.000196054073853016
KESTRA FINANCIAL,KESTRA FINANCIAL,1582500000,0,0,0.104342575732297,0.000223510774374594
ETSA UTILITIES FINANCE PTY,ETSA UTILITIES FINANCE PTY,130020412,0,0,0,0.000196216653124155
BENCIS CAPITAL PARTNERS BELGIUM,BENCIS CAPITAL PARTNERS BELGIUM,60418556,0,0,0,0.000194640521572379
BANCO ACTINVER FIDEICOMISO 3874,BANCO ACTINVER FIDEICOMISO 3874,1e+08,0,0,0,0.000218280602802958
SMART FINAL FUNDING,SMART FINAL FUNDING,340000003,0,0,0.00562990025192926,0.000224725253778327
EIGHT ADVISORY,EIGHT ADVISORY,98961426,0,0,0,0.000202693170273827
ZHONGHAI OCEAN SHIPPING SHANGHAI ASSET MANAGEMENT,ZHONGHAI OCEAN SHIPPING SHANGHAI ASSET MANAGEMENT,107653026,0,0,0,0.00036052470931986
NES US FUNDING 1,NES US FUNDING 1,30200000,0,0,0,0.000195011947958981
HUAIAN FINANCE CENTER INVESTMENT CONSTRUCTION,HUAIAN FINANCE CENTER INVESTMENT CONSTRUCTION,248430059,0,0,0,0.000360446381323066
SUZHOU WUJIANG DISTRICT CITY INVESTMENT DEVELOPMENT GROUP,SUZHOU WUJIANG DISTRICT CITY INVESTMENT DEVELOPMENT GROUP,173210959,0,0,0,0.000195180849938698
HANZHONG CITY INDUSTRIAL INVESTMENT,HANZHONG CITY INDUSTRIAL INVESTMENT,427851770,0,0,0,0.000197656859016304
TR1 ACQUISITION SAS,TR1 ACQUISITION SAS,103651020,0,0,0,0.000195088402554372
PULSE PARTNERS FINANCE PTY,PULSE PARTNERS FINANCE PTY,1477601664,0,0,0,0.000234308206780337
QIC FINANCE PTY,QIC FINANCE PTY,1300204130,0,0,0,0.000285913626257674
CHATEAUFORM HERITAGE,CHATEAUFORM HERITAGE,44793066,0,0,0,0.000194696641406765
TENEO HOLDINGS,TENEO HOLDINGS,1607500000,0,0,0.065516769084475,0.000397147161571919
FINANCIERE SBL SAS,FINANCIERE SBL SAS,40626271,0,0,0,0.000216394615686022
FINANCIERE EPSA SAS,FINANCIERE EPSA SAS,117712012,0,0,0,0.000240317425478221
DUTCH PROPCO,DUTCH PROPCO,104169922,0,0,0,0.000195102613872543
FINANCIERE VICENS,FINANCIERE VICENS,18958926,0,0,0,0.000285149457314152
GROUPE ROUGNON,GROUPE ROUGNON,235424024,0,0,0,0.000223749078031185
FUNDACION PUIGVERT,FUNDACION PUIGVERT,7500234,0,0,0,0.000359455765219562
ECD HOLDING SPA,ECD HOLDING SPA,91773703,0,0,0,0.000560504052183592
ACT ONE,ACT ONE,20833983,0,0,0,0.000210250060222221
FS DEBTCO,FS DEBTCO,203565658,0,0,0,0.000210827947966749
XTR GROUP GMBH,XTR GROUP GMBH,7812744,0,0,0,0.000524611456162675
BANCO INVEX FIDEICOMISO 3899,BANCO INVEX FIDEICOMISO 3899,100485270,0,0,0,0.000241455881356006
CPOF FINANCE PTY,CPOF FINANCE PTY,3806347603,0,0,0,0.000315625730104418
INFRASHORE FINANCE PTY,INFRASHORE FINANCE PTY,571959800,0,0,0,0.000205597991328935
INVESTMENT CORPORATION OF DUBAI,INVESTMENT CORPORATION OF DUBAI,1199999997,0,0,0.117626891754261,0.000399916917763872
BANCO ACTINVER FIDEICOMISO 2957,BANCO ACTINVER FIDEICOMISO 2957,123333333,0,0,0,0.000339797755386284
LIGNA ENR,LIGNA ENR,8541933,0,0,0,0.000194552056365872
OBRA CAPITAL,OBRA CAPITAL,2.75e+08,0,0,0.0318751702627598,0.00019808142762172
VENTAS CANADA FINANCE,VENTAS CANADA FINANCE,357653792,0,0,0,0.000365382263632003
LIXIL GROUP FINANCE,LIXIL GROUP FINANCE,452371720,0,0,0,0.000205668405798871
WEALTH ENHANCEMENT GROUP,WEALTH ENHANCEMENT GROUP,2.75e+08,0,0,0,0.000281947352972377
PORTERBROOK RAIL FINANCE,PORTERBROOK RAIL FINANCE,751860854,0,0,0,0.00027943323578559
SHRIRAM FINANCE,SHRIRAM FINANCE,1772444197,0,0,0.0578451587694761,0.0013120310640738
PERSONAE,PERSONAE,88544434,0,0,0,0.000204470900240959
YANDIN WF FINANCE PTY,YANDIN WF FINANCE PTY,237937356,0,0,0,0.000198482576205713
VERELST INTERNATIONAL,VERELST INTERNATIONAL,39777284,0,0,0,0.000194521545308261
MGREF 2 ALI GYM,MGREF 2 ALI GYM,211745656,0,0,0,0.000210441274853793
CALC ZHONGHE FINANCIAL LEASING,CALC ZHONGHE FINANCIAL LEASING,3.6e+07,0,0,0,0.000194378190635612
JANE STREET CAPITAL,JANE STREET CAPITAL,5.454e+09,0,0,0.157263463440351,0.00022054826653803
INTRAFI,INTRAFI,6.3e+08,0,0,0,0.000199010107531096
JURA INFRASTRUCTURE,JURA INFRASTRUCTURE,501240569,0,0,0,0.000531920596746098
TAIZHOU LUQIAO DISTRICT SOCIAL DEVELOPMENT GROUP,TAIZHOU LUQIAO DISTRICT SOCIAL DEVELOPMENT GROUP,84604237,0,0,0,0.00019454568040715
PRIVATE THEORY SPAIN SL,PRIVATE THEORY SPAIN SL,10416992,0,0,0,0.000195218485867699
LJPF,LJPF,376114773,0,0,0,0.000365763967557849
ENEL FINANCE AMERICA,ENEL FINANCE AMERICA,340000004,0,0,0.00973090477237866,0.000227144677620329
NRT FINANCE PTY,NRT FINANCE PTY,501654673,0,0,0,0.000204762695621286
NRT CSW FINANCE PTY,NRT CSW FINANCE PTY,676301184,0,0,0,0.000208421155424497
APA PILBARA FINANCE PTY,APA PILBARA FINANCE PTY,58509186,0,0,0,0.000235399567068918
WELL HARVEST WINNING ALUMINA REFINERY PT,WELL HARVEST WINNING ALUMINA REFINERY PT,565000001,0,0,0,0.000488480915967828
GRE FUND I HOLDCO,GRE FUND I HOLDCO,69600000,0,0,0,0.00019600061790655
NISSAN FINANCIAL SERVICES,NISSAN FINANCIAL SERVICES,766877772,0,0,0,0.000844409265248721
CHAILEASE FINANCE,CHAILEASE FINANCE,1991216483,0,0,0,0.000751826885946825
BANCO ACTINVER INSTITUCION DE BANCA MULTIPLE GRUPO FINANCIERO ACTINVER,BANCO ACTINVER INSTITUCION DE BANCA MULTIPLE GRUPO FINANCIERO ACTINVER,4736799994,0,0,0,0.00186231208277283
MERTUS 572 GMBH,MERTUS 572 GMBH,98440576,0,0,0.0236472853610441,0.000262504847149682
NSW PORTS FINANCE PTY,NSW PORTS FINANCE PTY,552586757,0,0,0,0.000364171833734283
LEVEL 3 FINANCING,LEVEL 3 FINANCING,3110500000,0,0,0.151776945361484,0.000292821660877766
MEC GLOBAL PARTNERS HOLDINGS,MEC GLOBAL PARTNERS HOLDINGS,399999999,0,0,0,0.000201655415775086
GALLOP FINANCE PTY,GALLOP FINANCE PTY,309845143,0,0,0,0.000227245257240402
GALLANT FINANCE PTY,GALLANT FINANCE PTY,854231187,0,0,0,0.000285209395126871
MEGAWATT FINANCING PTY,MEGAWATT FINANCING PTY,481075528,0,0,0,0.000199005364366274
CASTELLO SOCIETA DI GESTIONE DEL RISPARMIO SPA,CASTELLO SOCIETA DI GESTIONE DEL RISPARMIO SPA,169640719,0,0,0,0.000209922800631704
CHARTER HALL WHOLESALE MANAGEMENT,CHARTER HALL WHOLESALE MANAGEMENT,2443083567,0,0,0,0.000236309680762051
CC HOLDING SPFPL SAS,CC HOLDING SPFPL SAS,21771514,0,0,0,0.000194455480189017
BROADCAST AUSTRALIA FINANCE PTY,BROADCAST AUSTRALIA FINANCE PTY,384802565,0,0,0,0.000444458611284033
SAKARTVELOS BANKI SS,SAKARTVELOS BANKI SS,106999998,0,0,0,0.00069128115394418
CPF INVESTMENT,CPF INVESTMENT,3074499999,0,0,0,0.00193447642248588
SBG FINANCIAL HOLDING DAC,SBG FINANCIAL HOLDING DAC,153077699,0,0,0,0.000212665350796773
CONNECTEAST FINANCE PTY,CONNECTEAST FINANCE PTY,754118398,0,0,0,0.000213343634526757
STATE BANK OF INDIA,STATE BANK OF INDIA,1734174423,0,0,0.0246535633660051,0.000543525648407233
REAL ENERGY FUND,REAL ENERGY FUND,93240112,0,0,0,0.000196024760519728
REWE INTERNATIONAL FINANCE BV,REWE INTERNATIONAL FINANCE BV,445586842,0,0,0,0.000227398247365082
ELMTREE FUNDS,ELMTREE FUNDS,353605000,0,0,0,0.000221997016640481
EURAZEO SE,EURAZEO SE,1562548825,0,0,0.0639665234612024,0.000309907751110036
SMART EFFICIENCY SOLUTIONS SAS,SMART EFFICIENCY SOLUTIONS SAS,28438389,0,0,0,0.000259904062464995
STEINEL GMBH,STEINEL GMBH,31250976,0,0,0,0.000378797279543013
INLAND PRIVATE CAPITAL,INLAND PRIVATE CAPITAL,81405100,0,0,0,0.000201670190908063
BINHAI COMMUNICATIONS HOLDING GROUP,BINHAI COMMUNICATIONS HOLDING GROUP,39768132,0,0,0,0.000359463980467924
XACBANK JSC,XACBANK JSC,99999999,0,0,0,0.000551970825785149
SBLP WARNER CENTER,SBLP WARNER CENTER,150600000,0,0,0,0.000196602932783748
VIETNAM PROSPERITY JOINT STOCK COMMERCIAL BANK,VIETNAM PROSPERITY JOINT STOCK COMMERCIAL BANK,1995833827,0,0,0.00180137248451702,0.00146133406387102
GUANGZHOU FINANCIAL CITY STATION INTEGRATED TRANSPORTATION HUB,GUANGZHOU FINANCIAL CITY STATION INTEGRATED TRANSPORTATION HUB,131568560,0,0,0,0.000195104807359909
ARCLINE FM HOLDINGS,ARCLINE FM HOLDINGS,525000001,0,0,0,0.000466810274337918
TELENET INTERNATIONAL FINANCE RL,TELENET INTERNATIONAL FINANCE RL,4367981450,0,0,0.0824745406177855,0.000345841325095728
INVESTISSEMENT DANS LA FIBRE DES TERRITOIRES SAS,INVESTISSEMENT DANS LA FIBRE DES TERRITOIRES SAS,2447993171,0,0,0,0.000543901364675695
ONE HEALTH ASIA FINANCE,ONE HEALTH ASIA FINANCE,2.45e+08,0,0,0,0.000197488539193403
KAZ MINERALS FINANCE,KAZ MINERALS FINANCE,1000000001,0,0,0.0194633394216244,0.00054962882730449
ARENA LUXEMBOURG FINANCE RL,ARENA LUXEMBOURG FINANCE RL,104169922,0,0,0,0.000194729363298593
S4 FUNDING HOLDINGS,S4 FUNDING HOLDINGS,350000001,0,0,0,0.000218875430976255
NEUBERGER BERMAN,NEUBERGER BERMAN,1.725e+09,0,0,0.14947971861568,0.000222939541186127
FINANCIERE SAINT BENEZET SAS,FINANCIERE SAINT BENEZET SAS,41563801,0,0,0,0.000404492867025909
ZHUHAI MINGJUN INVESTMENT LP,ZHUHAI MINGJUN INVESTMENT LP,2760334001,0,0,0,0.00037495606284337
RPI 2019 INTERMEDIATE FINANCE TRUST,RPI 2019 INTERMEDIATE FINANCE TRUST,6040000005,0,0,0.286579085983242,0.000904290957276645
EDENRED SE,EDENRED SE,1822973630,0,0,0.0206369979395006,0.000298120588096837
WINTON SOLAR FARM FINANCE PTY,WINTON SOLAR FARM FINANCE PTY,73981616,0,0,0,0.000196566679404781
BANK NEGARA INDONESIA TBK PT,BANK NEGARA INDONESIA TBK PT,960000004,0,0,0.0418233573921301,0.000426812162595109
JAPAN INFRASTRUCTURE FUND INVESTMENT,JAPAN INFRASTRUCTURE FUND INVESTMENT,264510639,0,0,0,0.00051837789239098
NEXUS INFRASTRUCTURE FINANCE PTY,NEXUS INFRASTRUCTURE FINANCE PTY,260040825,0,0,0,0.000197992339961344
PIGMENTS SPAIN BIDCO,PIGMENTS SPAIN BIDCO,671895998,0,0,0.0167530988443039,0.000235619899167571
SWISS LIFE REF MAJOR PREMISES,SWISS LIFE REF MAJOR PREMISES,127816494,0,0,0,0.000231625967272858
BRITISH AND MALAYAN TRUSTEES,BRITISH AND MALAYAN TRUSTEES,180508096,0,0,0,0.000196216061301427
CANOE BIDCO PTY,CANOE BIDCO PTY,479125224,0,0,0.0138428630579901,0.000738338111836114
CITRON INVESTMENTS,CITRON INVESTMENTS,324999997,0,0,0,0.000251561812950881
TIDAL PRIVATE FINANCE INITIATIVE PORTFOLIO,TIDAL PRIVATE FINANCE INITIATIVE PORTFOLIO,253126488,0,0,0,0.000196783851591785
ARA INVESTMENT,ARA INVESTMENT,148566335,0,0,0,0.000196839931931152
DALRYMPLE BAY FINANCE PTY,DALRYMPLE BAY FINANCE PTY,227535722,0,0,0,0.000196731060178429
LHC INVESTMENT,LHC INVESTMENT,3.1e+07,0,0,0,0.000364659407656012
SIHL FINANCE,SIHL FINANCE,629488314,0,0,0,0.000219430283705817
FIRST AMERICAN PAYMENT SYSTEMS LP,FIRST AMERICAN PAYMENT SYSTEMS LP,3.15e+08,0,0,0,0.000196031740073747
SWI FUNDS PROPERTY HOLDINGS,SWI FUNDS PROPERTY HOLDINGS,7.5e+07,0,0,0,0.000227900802280276
HPHT FINANCE,HPHT FINANCE,1694743129,0,0,0,0.00021920809475074
FINANCIERE LAENNEC SAS,FINANCIERE LAENNEC SAS,150213027,0,0,0,0.000229836466355303
METHA LBMH,METHA LBMH,5435587,0,0,0,0.000524526738702638
BANK OF INDUSTRY,BANK OF INDUSTRY,2526120607,0,0,0.116584539741808,0.00155794659902401
HEALTHCARE ACTIVOS FINANCING SLU,HEALTHCARE ACTIVOS FINANCING SLU,588560063,0,0,0.00727806727496207,0.00048302599270327
OMOG JV,OMOG JV,100000001,0,0,0,0.000194929861169217
AN HUI ZHONGAN FINANCIAL LEASING,AN HUI ZHONGAN FINANCIAL LEASING,35145953,0,0,0,0.00019451064111583
LIANSHUI COUNTY INVESTMENT HOLDING GROUP,LIANSHUI COUNTY INVESTMENT HOLDING GROUP,33124008,0,0,0,0.00035944830400969
LINK ASSET MANAGEMENT,LINK ASSET MANAGEMENT,426434450,0,0,0,0.000200285164707428
RYOBI AP PRIVATE INVESTMENT,RYOBI AP PRIVATE INVESTMENT,12601787,0,0,0,0.00053000678481938
CORIANCE DIRECTION SAS,CORIANCE DIRECTION SAS,734397952,0,0,0,0.000383155314772852
NETWORK INTERNATIONAL,NETWORK INTERNATIONAL,525006533,0,0,0.0556300961674079,0.000332503571575599
ENERGY FUND FINANCE PTY,ENERGY FUND FINANCE PTY,733351770,0,0,0,0.000211761462715554
TOKAI TOKYO FINANCIAL HOLDINGS,TOKAI TOKYO FINANCIAL HOLDINGS,461419153,0,0,0,0.000761552388647201
BRIGHTWOOD CAPITAL FUND,BRIGHTWOOD CAPITAL FUND,257500000,0,0,0.0120109442274312,0.000379510996611733
UNIVERSAL SCIENTIFIC INDUSTRIAL FRANCE,UNIVERSAL SCIENTIFIC INDUSTRIAL FRANCE,135420897,0,0,0,0.000218799124895583
MAHINDRA AND MAHINDRA FINANCIAL SERVICES,MAHINDRA AND MAHINDRA FINANCIAL SERVICES,64624531,0,0,0,0.00019913906740931
INTERHOERBIGER FINANZ,INTERHOERBIGER FINANZ,130212402,0,0,0,0.00020927367863034
IMPACT OPERATIONS,IMPACT OPERATIONS,103128222,0,0,0,0.000313774452017033
BMW FINANCE,BMW FINANCE,208339844,0,0,0,0.000234359584986407
METROPISTAS INVESTMENT PARTNERS BORROWER,METROPISTAS INVESTMENT PARTNERS BORROWER,181600000,0,0,0,0.000319038425676533
BANKER STEEL,BANKER STEEL,1.5e+07,0,0,0,0.000360769070388384
HPM DIE HANDWERKSGRUPPE GMBH,HPM DIE HANDWERKSGRUPPE GMBH,78127441,0,0,0,0.000334572107448135
PNB HOUSING FINANCE,PNB HOUSING FINANCE,7.5e+07,0,0,0,0.000206260860009675
ENERGY INFRASTRUCTURE PARTNERS,ENERGY INFRASTRUCTURE PARTNERS,322926759,0,0,0.0235668979022397,0.000204190049086712
DEERFIELD DAKOTA HOLDING,DEERFIELD DAKOTA HOLDING,2524789516,0,0,0.125332779774465,0.000318923886693441
JIAXING EAST CONSTRUCTION DEVELOPMENT GROUP,JIAXING EAST CONSTRUCTION DEVELOPMENT GROUP,124215030,0,0,0,0.000196529568471982
ACCIONA,ACCIONA,5187104457,0,0,0.0459562734596124,0.000973564041372951
FINANCIERE AGACHE,FINANCIERE AGACHE,1562548831,0,0,0,0.000293521313778474
LELO SENSATION INVESTMENT,LELO SENSATION INVESTMENT,85419336,0,0,0,0.000197453328723582
EPIONE BIDCO,EPIONE BIDCO,151046386,0,0,0,0.00035998877896351
BPG INTERNATIONAL FINANCE,BPG INTERNATIONAL FINANCE,2.5e+08,0,0,0,0.000196838771887175
PACIFIC NATIONAL FINANCE PTY,PACIFIC NATIONAL FINANCE PTY,1755275581,0,0,0,0.000247833914982293
TANTALUM FUNDING,TANTALUM FUNDING,4.25e+08,0,0,0,0.000215130358490014
WALDORF ILAL INVESTORS,WALDORF ILAL INVESTORS,32796100,0,0,0,0.000237419757573197
KRYALOS SGR SPA,KRYALOS SGR SPA,204798068,0,0,0,0.000263586555370749
FREIGHTWAYS FINANCE,FREIGHTWAYS FINANCE,82509245,0,0,0,0.000195427961014683
CENTURIA PROPERTY FUNDS,CENTURIA PROPERTY FUNDS,572089820,0,0,0,0.000201942298700588
GROWTHPOINT FINANCE PTY,GROWTHPOINT FINANCE PTY,1172134025,0,0,0,0.000210006134032497
TAIXING XINYUAN AGRICULTURAL PRODUCTS PROCESSING INVESTMENT DEVELOPMENT,TAIXING XINYUAN AGRICULTURAL PRODUCTS PROCESSING INVESTMENT DEVELOPMENT,9661169,0,0,0,0.000359392944681885
IVY HILL MIDDLE MARKET CREDIT FUND XVII,IVY HILL MIDDLE MARKET CREDIT FUND XVII,750000001,0,0,0,0.000331420943366703
FINANCE LVS I,FINANCE LVS I,2e+08,0,0,0,0.000223427896593844
ABERDEEN STANDARD INVESTMENTS,ABERDEEN STANDARD INVESTMENTS,69781992,0,0,0,0.000253519933959067
NIELSEN FINANCE,NIELSEN FINANCE,1241069423,0,0,0.0260847115875288,0.000213884488295655
EASTERN AND SOUTHERN AFRICAN TRADE AND DEVELOPMENT BANK,EASTERN AND SOUTHERN AFRICAN TRADE AND DEVELOPMENT BANK,3594312062,0,0,0.178286241708595,0.00169288060022682
LINK FINANCE,LINK FINANCE,1670071040,0,0,0,0.00031056413760969
MFA FINANCIAL,MFA FINANCIAL,5e+08,0,0,0,0.000341539867860522
NEXI SPA,NEXI SPA,1423481987,0,0,0.0173350784171019,0.00121742909361493
COIMA CORE FUND I,COIMA CORE FUND I,76033626,0,0,0,0.000194776217901605
FUJIAN GULEI PORT ECONOMIC DEVELOPMENT,FUJIAN GULEI PORT ECONOMIC DEVELOPMENT,690083500,0,0,0,0.000290518445336735
CARDTRONICS,CARDTRONICS,499999998,0,0,0.0238953435759451,0.000198925462873917
SCW FINANCE,SCW FINANCE,144131375,0,0,0.010306510866454,0.000199111458069546
ALTERA GRAND BANKS SHIPPING AS,ALTERA GRAND BANKS SHIPPING AS,213619800,0,0,0,0.000226435743020504
FIRE INVESTMENTS HOLDCO SOCIEDAD LTDA,FIRE INVESTMENTS HOLDCO SOCIEDAD LTDA,23229893,0,0,0,0.000195839861511102
SAHIN AIRCRAFT FINANCE SAS,SAHIN AIRCRAFT FINANCE SAS,41231497,0,0,0,0.000196700591193816
DESRI FINANCING 3,DESRI FINANCING 3,2.1e+08,0,0,0,0.000240378239500157
HANOVRE FINANCEMENT 20,HANOVRE FINANCEMENT 20,122310000,0,0,0,0.000196500941459054
DIDEROT FINANCEMENT 28,DIDEROT FINANCEMENT 28,122289999,0,0,0,0.000269075940286213
VAS FINANCE,VAS FINANCE,348283166,0,0,0.00864038213759484,0.000664989531129726
JIAXING PENGLAI DEVELOPMENT INVESTMENT GROUP,JIAXING PENGLAI DEVELOPMENT INVESTMENT GROUP,165620040,0,0,0,0.000195140236931535
HELENA WATER FINANCE PTY,HELENA WATER FINANCE PTY,147875301,0,0,0,0.00019881495175697
KING LONG LONGHAI INVESTMENT,KING LONG LONGHAI INVESTMENT,307777241,0,0,0,0.00022774180798797
SE1 GENERATION 2,SE1 GENERATION 2,72900000,0,0,0,0.000200755888148352
BRASKEM NETHERLANDS FINANCE BV,BRASKEM NETHERLANDS FINANCE BV,654999997,0,0,0,0.000208008728183797
ACCESS BANK,ACCESS BANK,93800001,0,0,0,0.000442527236769588
SUNRUN MARS PORTFOLIO 2020A,SUNRUN MARS PORTFOLIO 2020A,2.7e+08,0,0,0.00511262680384417,0.000412637464938042
PAYMENTSENSE,PAYMENTSENSE,43858550,0,0,0,0.000194389882974602
GUANGZHOU BOHAO ENTERPRISE MANAGEMENT PARTNERSHIP LP,GUANGZHOU BOHAO ENTERPRISE MANAGEMENT PARTNERSHIP LP,414050100,0,0,0,0.000331514670839753
SHANGHAI CHANGGUANG INVESTMENT MANAGEMENT,SHANGHAI CHANGGUANG INVESTMENT MANAGEMENT,55206680,0,0,0,0.000203646663984473
CROMWELL VAC FINANCE PTY,CROMWELL VAC FINANCE PTY,147053088,0,0,0,0.000199631822350759
KARTAL AIRCRAFT FINANCE SAS,KARTAL AIRCRAFT FINANCE SAS,37459504,0,0,0,0.000194428141332014
JD TAURUS DEVELOPMENT HK,JD TAURUS DEVELOPMENT HK,221928004,0,0,0,0.000249970781868574
CHINA CONSTRUCTION XIAN NEW URBANIZATION INVESTMENT,CHINA CONSTRUCTION XIAN NEW URBANIZATION INVESTMENT,228997309,0,0,0,0.00019589251123078
ONCU GIRISIM SERMAYESI YATIRIM ORTAKLIGI AS,ONCU GIRISIM SERMAYESI YATIRIM ORTAKLIGI AS,49897393,0,0,0.00711129962558534,0.000403166047442571
FORTHILL PROPERTY,FORTHILL PROPERTY,60663330,0,0,0,0.000194926440713951
LANDMARK DIVIDEND GROWTH FUND N,LANDMARK DIVIDEND GROWTH FUND N,2.8e+08,0,0,0,0.000456670545805844
CNOOC CURTIS FUNDING NO 2 PTY,CNOOC CURTIS FUNDING NO 2 PTY,5.25e+08,0,0,0.0485367026341391,0.000200004765502011
BANK RAKYAT INDONESIA TBK PT,BANK RAKYAT INDONESIA TBK PT,2100000004,0,0,0.0223828403903385,0.00107997443065057
BENVIC GROUP SAS,BENVIC GROUP SAS,122399656,0,0,0,0.000970312777065593
MOZ LNG1 FINANCING,MOZ LNG1 FINANCING,14902499997,0,0,0.0819446077364113,0.00181776922172993
POWER FINANCE CORPORATION,POWER FINANCE CORPORATION,4233959560,0,0,0,0.00107972710285059
SOCIETE FINANCIERE BIGARD,SOCIETE FINANCIERE BIGARD,239590823,0,0,0,0.0002631956280467
PUBLIC SECTOR HOME FINANCING BOARD,PUBLIC SECTOR HOME FINANCING BOARD,671892495,0,0,0,0.000815906130787704
FRT FINANCE HK,FRT FINANCE HK,873575622,0,0,0,0.000230744695051634
PRIMONIAL REIM LUXEMBOURG,PRIMONIAL REIM LUXEMBOURG,416679688,0,0,0,0.000258413752820846
CHINA ENERGY CONSTRUCTION OVERSEAS INVESTMENT,CHINA ENERGY CONSTRUCTION OVERSEAS INVESTMENT,2.08e+08,0,0,0,0.000216885554900396
SONNEDIX CHILE INVERSIONES 1 SPA,SONNEDIX CHILE INVERSIONES 1 SPA,428932989,0,0,0,0.000233586472410517
CYPRESS CREEK FINANCIAL HOLDINGS,CYPRESS CREEK FINANCIAL HOLDINGS,213899999,0,0,0.0097324793977751,0.00024282633740642
ELAWAN FOTOVOLTAICA CAMPANARIO,ELAWAN FOTOVOLTAICA CAMPANARIO,75193027,0,0,0,0.000300088668509434
RESOLUTE INVESTMENT MANAGERS,RESOLUTE INVESTMENT MANAGERS,1.05e+08,0,0,0,0.000195000696288864
HZ20 CORPOARTE SL,HZ20 CORPOARTE SL,83335936,0,0,0,0.000306110039839245
MCO FINANCING LP,MCO FINANCING LP,5e+08,0,0,0,0.000198022750846948
REMITLY,REMITLY,1.5e+08,0,0,0.00547343102857566,0.000207718157330294
ETERNITY KK,ETERNITY KK,58633838,0,0,0,0.000210915705436148
YEVRAZIYSKIY BANK AO,YEVRAZIYSKIY BANK AO,207025050,0,0,0,0.000194967541447799
DOGGERBANK,DOGGERBANK,10562156436,0,0,0,0.000582379529304279
FOSHAN NANHAI BIRONG INDUSTRIAL INVESTMENT,FOSHAN NANHAI BIRONG INDUSTRIAL INVESTMENT,1188323786,0,0,0,0.000252992516214203
PARAT TECHNOLOGY GROUP GMBH,PARAT TECHNOLOGY GROUP GMBH,29688427,0,0,0,0.000359996378723171
PROGRESSIVE FINANCE HOLDINGS,PROGRESSIVE FINANCE HOLDINGS,349999998,0,0,0,0.000204299579780747
US CLAIMS LITIGATION FUNDING,US CLAIMS LITIGATION FUNDING,3e+07,0,0,0.00124364505086708,0.00025465438055508
STORYTELLER FINANCIAL SERVICES,STORYTELLER FINANCIAL SERVICES,350000001,0,0,0,0.000262789050844762
CHINA RAILWAY CONSTRUCTION INDUSTRY INFRASTRUCTURE INVESTMENT QINGDAO,CHINA RAILWAY CONSTRUCTION INDUSTRY INFRASTRUCTURE INVESTMENT QINGDAO,95231523,0,0,0,0.000195831459445907
PACIFIC PROPERTY FUND,PACIFIC PROPERTY FUND,98017945,0,0,0,0.000305336680401234
SIMPLICITY FINANCIAL MARKETING GROUP HOLDINGS,SIMPLICITY FINANCIAL MARKETING GROUP HOLDINGS,388400000,0,0,0.0319070456244648,0.000497006736915586
JURIS PARTNERSHIP FINANCE PTY,JURIS PARTNERSHIP FINANCE PTY,103579462,0,0,0,0.0001969831911404
AMVEST RESIDENTIAL CORE FUND CV,AMVEST RESIDENTIAL CORE FUND CV,598977050,0,0,0,0.000209371653419221
MIRVAC FINANCE PTY,MIRVAC FINANCE PTY,129249061,0,0,0,0.000233170047667182
BARON FINANCE,BARON FINANCE,89413448,0,0,0,0.00019476837326673
RIOCAN REALTY INVESTMENTS PARTNERSHIP THIRTEEN LP,RIOCAN REALTY INVESTMENTS PARTNERSHIP THIRTEEN LP,289699572,0,0,0,0.000202115225384928
WESTCONNEX FINANCE COMPANY PTY,WESTCONNEX FINANCE COMPANY PTY,3900612402,0,0,0,0.000381251087793488
CINCINNATI FINANCIAL,CINCINNATI FINANCIAL,3e+08,0,0,0,0.000380558118975599
HUGE CHOICE GROUP,HUGE CHOICE GROUP,143283360,0,0,0,0.000215597463463861
CGP HOLDING FINANCE 2,CGP HOLDING FINANCE 2,323049998,0,0,0,0.000305433524131593
ZCOLO ACQUIRER,ZCOLO ACQUIRER,850000002,0,0,0,0.00033623817310147
PACIFIC HYDRO FINANCE COMPANY PTY,PACIFIC HYDRO FINANCE COMPANY PTY,448570427,0,0,0,0.000201837179462406
CANBERRA METRO FINANCE PTY,CANBERRA METRO FINANCE PTY,185954070,0,0,0,0.000197118998053749
POPULUS FINANCIAL GROUP,POPULUS FINANCIAL GROUP,4.5e+08,0,0,0,0.000940085530923297
KEYTON FINANCE PTY,KEYTON FINANCE PTY,607845436,0,0,0,0.000379799929993598
WHITE LAND INVESTMENTS SL,WHITE LAND INVESTMENTS SL,19896455,0,0,0,0.000194708373061155
VICTORIA PLAZA FINANCE PTY,VICTORIA PLAZA FINANCE PTY,227535720,0,0,0,0.000360120634023708
JAPAN SYSTEMS,JAPAN SYSTEMS,32312266,0,0,0,0.000194699646629469
MERCURY TAIWAN HOLDINGS,MERCURY TAIWAN HOLDINGS,2785372571,0,0,0,0.000838815576710308
SONNEDIX ESPANA FINANCE 5 SL,SONNEDIX ESPANA FINANCE 5 SL,49548424,0,0,0,0.000194740248874713
VPAY,VPAY,9.5e+07,0,0,0,0.000195148269362756
IBERIAN PREMIUM FRUITS SL,IBERIAN PREMIUM FRUITS SL,61460255,0,0,0,0.000285519589102128
SYNCAPAY,SYNCAPAY,1.1e+09,0,0,0,0.000208719817577397
CERITY PARTNERS,CERITY PARTNERS,2064999999,0,0,0,0.000976146247506634
GRAND PARIS HARMONY HOLDING SCI,GRAND PARIS HARMONY HOLDING SCI,413346249,0,0,0,0.00019761643068802
XACTUS,XACTUS,2.5e+07,0,0,0,0.000195939135276069
LINQUAN ANJIAN TRANSPORTATION INVESTMENT MANAGEMENT,LINQUAN ANJIAN TRANSPORTATION INVESTMENT MANAGEMENT,85570354,0,0,0,0.000196276875644813
NANJING YANCHUANG DEVELOPMENT AND CONSTRUCTION,NANJING YANCHUANG DEVELOPMENT AND CONSTRUCTION,270512733,0,0,0,0.000364763210617196
STELLA EGRP FINANCE PTY,STELLA EGRP FINANCE PTY,129889552,0,0,0,0.000198915933241128
OASIS LEGAL FINANCE,OASIS LEGAL FINANCE,615499999,0,0,0,0.000731700332459368
NANJING QINHUAI TECHNOLOGY INNOVATION ENTREPRENEURSHIP DEVELOPMENT GROUP,NANJING QINHUAI TECHNOLOGY INNOVATION ENTREPRENEURSHIP DEVELOPMENT GROUP,38644676,0,0,0,0.000211045845700196
PANTHER PURCHASER LP,PANTHER PURCHASER LP,704999999,0,0,0.0217717495880326,0.000215554933519486
JIANGSU CHUANGHONG ASSET MANAGEMENT,JIANGSU CHUANGHONG ASSET MANAGEMENT,60727348,0,0,0,0.000195366569088734
CWTC MULTI FAMILY ICAV CW TC1 FUND,CWTC MULTI FAMILY ICAV CW TC1 FUND,75167498,0,0,0,0.000197137170958582
ASIA STANDARD FINANCE,ASIA STANDARD FINANCE,841458871,0,0,0,0.000297427574226588
BORALEX US SOLAR CIA FINANCING LP,BORALEX US SOLAR CIA FINANCING LP,177800000,0,0,0,0.000231068498377799
GUANGXI GUANGTOU GUIXU ENERGY DEVELOPMENT INVESTMENT,GUANGXI GUANGTOU GUIXU ENERGY DEVELOPMENT INVESTMENT,338140915,0,0,0,0.000195419365560866
FMS FINANCIAL MANAGEMENT SERVICES,FMS FINANCIAL MANAGEMENT SERVICES,6e+07,0,0,0,0.000267387734385731
GI DI RUSHMORE FINANCE MERGER SUB,GI DI RUSHMORE FINANCE MERGER SUB,3.1e+08,0,0,0,0.000221776123541007
ALIXPARTNERS LLP,ALIXPARTNERS LLP,2703344530,0,0,0.107097819247093,0.000214736601321459
TENCENT ASSET MANAGEMENT,TENCENT ASSET MANAGEMENT,8300000002,0,0,0,0.00035906390746848
NOBLE FINANCE,NOBLE FINANCE,6.75e+08,0,0,0.0249617327832715,0.000221892312749304
UNITED ASIA FINANCE,UNITED ASIA FINANCE,1895284596,0,0,0,0.000855621794935858
CHCPHN,CHCPHN,45237173,0,0,0,0.000219996491802213
TANGGUH HIRI FINANCE,TANGGUH HIRI FINANCE,417040000,0,0,0,0.000200225715082933
VELOCITY FINANCIAL,VELOCITY FINANCIAL,1.75e+08,0,0,0,0.000201852440011113
CED CALIFORNIA TEXAS FINANCING HOLDINGS,CED CALIFORNIA TEXAS FINANCING HOLDINGS,265835118,0,0,0.0199769209718833,0.000201401604484164
JAMES HAY PENSION TRUSTEES,JAMES HAY PENSION TRUSTEES,244348513,0,0,0.0602226369743405,0.000251021025469011
NOVATUS PORTFOLIO,NOVATUS PORTFOLIO,675000001,0,0,0,0.000267790117798917
AIC INCOME FUND,AIC INCOME FUND,267050000,0,0,0,0.000333008508325959
FINANCIERE BLEU,FINANCIERE BLEU,57293459,0,0,0,0.000220864514071369
MCDERMOTT AMAZON CHARTERING,MCDERMOTT AMAZON CHARTERING,2.85e+08,0,0,0,0.000200957861712687
NANJING RUNPUTONG ASSET MANAGEMENT,NANJING RUNPUTONG ASSET MANAGEMENT,260851563,0,0,0,0.000197238057042356
EURO ETHNIC FOODS BIDCO SAS,EURO ETHNIC FOODS BIDCO SAS,718772463,0,0,0.0402182367341981,0.000391423626220753
EXECUTIVE COMPANY,EXECUTIVE COMPANY,179999998,0,0,0,0.000262307807952038
TCW GROUP,TCW GROUP,582000001,0,0,0.0368216106967403,0.000211327608894851
TRANSNETWORK,TRANSNETWORK,627299998,0,0,0,0.000383638712579753
LENDINGPOINT CONSOLIDATED,LENDINGPOINT CONSOLIDATED,1.1e+08,0,0,0,0.00026159774204919
BLACK KNIGHT FINANCIAL SERVICES,BLACK KNIGHT FINANCIAL SERVICES,2.15e+09,0,0,0,0.000832564458798071
ION CORPORATE SOLUTIONS FINANCE RL,ION CORPORATE SOLUTIONS FINANCE RL,1705243652,0,0,0.123884229466011,0.000920381200530269
JIAXING HONGYUAN ASSETS HOLDING GROUP,JIAXING HONGYUAN ASSETS HOLDING GROUP,100752191,0,0,0,0.000194776830872232
MAI CAPITAL MANAGEMENT,MAI CAPITAL MANAGEMENT,5e+07,0,0,0,0.000196080801474577
DAE FUNDING,DAE FUNDING,3991000001,0,0,0.205929897822465,0.000773037792432576
EIV FUND ADVISORS IV,EIV FUND ADVISORS IV,4500000,0,0,0,0.000195226051209332
3I GROUP,3I GROUP,626550717,0,0,0.028375069331638,0.000208788385377957
HARRIS FARM MARKETS FINANCE PTY,HARRIS FARM MARKETS FINANCE PTY,149523476,0,0,0,0.000230715378946035
PRESIDIO III INVESTORS,PRESIDIO III INVESTORS,51285000,0,0,0.00354032531471504,0.0001947285917218
TPA V,TPA V,7e+07,0,0,0,0.000279840402202973
VALLEY CENTER FINANCE,VALLEY CENTER FINANCE,155799999,0,0,0,0.000196242338895786
FINANCIERE CEP SAS,FINANCIERE CEP SAS,1005239746,0,0,0,0.000353107143696775
DESRI WILLOW SPRINGS SOLAR FINANCING,DESRI WILLOW SPRINGS SOLAR FINANCING,100307016,0,0,0,0.000211930778459714
SI INVESTMENT,SI INVESTMENT,170899999,0,0,0,0.000210685117637243
IBEROSTAR SERVICIOS INTEGRALES SL,IBEROSTAR SERVICIOS INTEGRALES SL,422889121,0,0,0,0.000344485438588419
GRUPO IMPACTO Y TALENTO SL,GRUPO IMPACTO Y TALENTO SL,3125098,0,0,0,0.000194333010436376
SCHOCK HOLDING GMBH,SCHOCK HOLDING GMBH,133337498,0,0,0,0.000283115823843267
ALBERTA INVESTMENT MANAGEMENT,ALBERTA INVESTMENT MANAGEMENT,231447833,0,0,0,0.000348937002968801
LATROBE VALLEY POWER PTY,LATROBE VALLEY POWER PTY,286369960,0,0,0,0.000223635082450746
SINGAPORE LIFE HOLDINGS PTE,SINGAPORE LIFE HOLDINGS PTE,334274256,0,0,0,0.000540781882276075
DONGYANG HIGHSPEED RAILWAY NEW TOWN DEVELOPMENT AND INVESTMENT,DONGYANG HIGHSPEED RAILWAY NEW TOWN DEVELOPMENT AND INVESTMENT,414050100,0,0,0,0.000202175444129686
INDUSTRIAL AND FINANCIAL SYSTEMS IFS AB,INDUSTRIAL AND FINANCIAL SYSTEMS IFS AB,2049656075,0,0,0.0485936342984624,0.000240160876175178
HAINING CITY YANGUAN SCENERY AREA INTEGRATED DEVELOPMENT,HAINING CITY YANGUAN SCENERY AREA INTEGRATED DEVELOPMENT,41405010,0,0,0,0.000195484421197997
DANISH AGRO FINANCE AS,DANISH AGRO FINANCE AS,87502734,0,0,0,0.000208394299136988
HAIAN RUIHUA SHANTY TOWN RECONSTRUCTION INVESTMENT CONSTRUCTION,HAIAN RUIHUA SHANTY TOWN RECONSTRUCTION INVESTMENT CONSTRUCTION,129321648,0,0,0,0.000207429348376433
XUZHOU YUNGU INVESTMENT DEVELOPMENT,XUZHOU YUNGU INVESTMENT DEVELOPMENT,55206680,0,0,0,0.000194638926902634
WUXI HUIYUAN INVESTMENT DEVELOPMENT,WUXI HUIYUAN INVESTMENT DEVELOPMENT,124215030,0,0,0,0.000195103582908674
DONGTAI XIXI TOURIST CULTURAL SCENIC SPOT INVESTMENT DEVELOPMENT,DONGTAI XIXI TOURIST CULTURAL SCENIC SPOT INVESTMENT DEVELOPMENT,44165344,0,0,0,0.000199052014108835
CHINA RAILWAY TIANJIN RAIL TRANSIT INVESTMENT AND CONSTRUCTION,CHINA RAILWAY TIANJIN RAIL TRANSIT INVESTMENT AND CONSTRUCTION,1395486854,0,0,0,0.000201495345683121
FALCON HOLDING ACQUISITION,FALCON HOLDING ACQUISITION,178826894,0,0,0,0.000200113508580441
UNIT ENERGY FINANCEMENT,UNIT ENERGY FINANCEMENT,72606436,0,0,0,0.000254137145667154
FLF I AB HOLDINGS FINANCE LP,FLF I AB HOLDINGS FINANCE LP,2.5e+08,0,0,0,0.000314198761181727
WBA PORTFOLIO OWNER FUND V GALAXY,WBA PORTFOLIO OWNER FUND V GALAXY,88976100,0,0,0,0.000196533615786941
NEXUS CHILE HEALTH SPA,NEXUS CHILE HEALTH SPA,2.83e+08,0,0,0,0.000262572476802391
PLENARY HEALTH FINANCE PTY,PLENARY HEALTH FINANCE PTY,1470398684,0,0,0,0.000340985396819687
TRUST COMPANY,TRUST COMPANY,2068650780,0,0,0,0.000296600645703435
OXFORD FINANCE,OXFORD FINANCE,810500005,0,0,0,0.00128698334801449
ESR GROUP,ESR GROUP,2267647825,0,0,0,0.000638465890034914
COMPASS FUNDING SOLUTIONS,COMPASS FUNDING SOLUTIONS,1.5e+08,0,0,0,0.00019515073521387
BAJAJ FINANCE,BAJAJ FINANCE,9e+08,0,0,0,0.000212674835402686
CHINA MERCHANTS FINANCIAL LEASING HONG KONG HOLDING,CHINA MERCHANTS FINANCIAL LEASING HONG KONG HOLDING,979750002,0,0,0,0.000292916132198091
HIGHTOWER HOLDING,HIGHTOWER HOLDING,1876999999,0,0,0.101303243831166,0.000297291394982706
IBERDROLA FINANCIACION,IBERDROLA FINANCIACION,11354521488,0,0,0.211341953968857,0.000454903077860762
888 CAYMAN FINANCE,888 CAYMAN FINANCE,2145000002,0,0,0,0.000213214722239527
BROADRIDGE FINANCIAL SOLUTIONS,BROADRIDGE FINANCIAL SOLUTIONS,2800000003,0,0,0,0.000215274016367385
HR PATH AND,HR PATH AND,279696240,0,0,0,0.00044954452907743
BGAI FINANCE COMPANY PTY,BGAI FINANCE COMPANY PTY,266541845,0,0,0,0.000378098965764149
EURONEXT,EURONEXT,625019532,0,0,0,0.000218156889379887
IIF INTL HOLDING LP,IIF INTL HOLDING LP,2499999999,0,0,0,0.000226954975042471
CONCORD COPYRIGHTS NO1,CONCORD COPYRIGHTS NO1,8.2e+07,0,0,0,0.000201123362741792
ISPT FINANCE PTY,ISPT FINANCE PTY,1495234752,0,0,0,0.000312066384844645
BIGGE GROUP,BIGGE GROUP,579999997,0,0,0,0.000207172315662417
IMA FINANCIAL GROUP,IMA FINANCIAL GROUP,1841166602,0,0,0.130341402403494,0.000397911923478586
STONEMONT FINANCIAL GROUP,STONEMONT FINANCIAL GROUP,1.8e+07,0,0,0,0.000362441331723855
TRINSEO MATERIALS OPERATING SCA,TRINSEO MATERIALS OPERATING SCA,2189251294,0,0,0.0233367766373416,0.000431345651940738
SOUTH AFRICAN BANKERS SERVICES COMPANY,SOUTH AFRICAN BANKERS SERVICES COMPANY,23478068,0,0,0.00166044841911557,0.000200523227980537
UNITED PACIFIC BANK,UNITED PACIFIC BANK,6e+08,0,0,0.0879211076089985,0.000220324251733667
PORT OF NEWCASTLE INVESTMENTS PTY,PORT OF NEWCASTLE INVESTMENTS PTY,325051033,0,0,0.00788435485778272,0.000202283030513915
GL CAPITAL GROUP,GL CAPITAL GROUP,8e+07,0,0,0,0.000199624295264936
SELP FINANCE SA RL,SELP FINANCE SA RL,520849608,0,0,0,0.000201933424335118
KAIPING SIHANG CONSTRUCTION INVESTMENT,KAIPING SIHANG CONSTRUCTION INVESTMENT,214461307,0,0,0,0.000195401547963345
GRUPO BC GLOBAL SERVICES SL,GRUPO BC GLOBAL SERVICES SL,180474392,0,0,0,0.000318021455170579
NGR FINANCE PTY,NGR FINANCE PTY,413273912,0,0,0,0.000200368418637094
PLENARY FINANCE TC NO1 PTY,PLENARY FINANCE TC NO1 PTY,52008164,0,0,0,0.000707152965383046
JINGDAN NEW ENERGY INVETMENT SHANGHAI,JINGDAN NEW ENERGY INVETMENT SHANGHAI,8e+07,0,0,0,0.000194903171135331
FC RETAIL TRUSTEE PTE,FC RETAIL TRUSTEE PTE,437527856,0,0,0,0.000208001554304936
JIANGSU BAOYING JINGKAI HOLDINGS,JIANGSU BAOYING JINGKAI HOLDINGS,41405010,0,0,0,0.000194521844043671
TRUCK AND TRAILER INVEST,TRUCK AND TRAILER INVEST,75523192,0,0,0,0.000328942895178424
ALTEC CAPITAL SERVICES,ALTEC CAPITAL SERVICES,1e+08,0,0,0,0.000196762415568501
KK NISSEI MONOZUKURI HOLDINGS,KK NISSEI MONOZUKURI HOLDINGS,19387358,0,0,0,0.000204739360996709
REALTY ASSOCIATES FUND XI PORTFOLIO LP,REALTY ASSOCIATES FUND XI PORTFOLIO LP,649999998,0,0,0,0.000201447508311136
BERWIND FINANCIAL GROUP,BERWIND FINANCIAL GROUP,1300000001,0,0,0.0202965139874817,0.000290738079004176
DONNELLEY FINANCIAL SOLUTIONS,DONNELLEY FINANCIAL SOLUTIONS,499999999,0,0,0,0.000204342216070522
SSG ACQUISITION,SSG ACQUISITION,7.7e+07,0,0,0,0.000213429949169256
ARES CAPITAL JB FUNDING,ARES CAPITAL JB FUNDING,8e+08,0,0,0,0.000218617465889312
FINANCIERE DU GRAND COMPTOIR SAS,FINANCIERE DU GRAND COMPTOIR SAS,17917228,0,0,0,0.000195395462052941
ZHEJIANG HONGDA EDUCATION GROUP,ZHEJIANG HONGDA EDUCATION GROUP,69008349,0,0,0,0.000194911897926318
REST NOMINEES NO1 PTY,REST NOMINEES NO1 PTY,212583376,0,0,0,0.00019743212787531
AMERIPRISE FINANCIAL,AMERIPRISE FINANCIAL,1000000001,0,0,0.0759949026589983,0.000214912172169746
DELTA DORE FINANCE,DELTA DORE FINANCE,62501954,0,0,0,0.000239665282480224
ARESIA SAS,ARESIA SAS,192714355,0,0,0,0.00064222381426898
REGISTRY FINANCE PTY,REGISTRY FINANCE PTY,1137399858,0,0,0,0.000896314755039992
FLF II HOLDINGS FINANCE LP,FLF II HOLDINGS FINANCE LP,2.5e+08,0,0,0,0.000286824856652377
FV FINCO SRL,FV FINCO SRL,123858036,0,0,0,0.000209419750066908
VIEL ET COMPAGNIEFINANCE,VIEL ET COMPAGNIEFINANCE,208339845,0,0,0,0.000200696693875957
APPF COMMERCIAL FINANCE PTY,APPF COMMERCIAL FINANCE PTY,812627587,0,0,0,0.000207402276054534
INTERMEX WIRE TRANSFER,INTERMEX WIRE TRANSFER,707500001,0,0,0,0.000491161991625837
DP WORLD AUSTRALIA PTY,DP WORLD AUSTRALIA PTY,334802565,0,0,0,0.000264657359386407
LLITST FINANCE PTY,LLITST FINANCE PTY,260040824,0,0,0,0.000199623569664978
TIKEHAU CAPITAL SCA,TIKEHAU CAPITAL SCA,503140722,0,0,0,0.000246852838288138
PAYA HOLDINGS,PAYA HOLDINGS,295000002,0,0,0.128539484775994,0.000362219378979058
IEQ CAPITAL,IEQ CAPITAL,275000001,0,0,0,0.000529569899573028
TRANSITION FINANCE STRATEGIES,TRANSITION FINANCE STRATEGIES,4.6e+07,0,0,0,0.000194687084246395
OBRA LONGEVITY FUND LP,OBRA LONGEVITY FUND LP,2.25e+08,0,0,0,0.000481455975098858
NUTRIDRY,NUTRIDRY,16354677,0,0,0,0.000195037278926549
NTT FINANCE AMERICAS,NTT FINANCE AMERICAS,123999999,0,0,0,0.000347327162812732
OLYMPIC BUYER,OLYMPIC BUYER,509999999,0,0,0,0.00021576302371424
EVERI PAYMENTS,EVERI PAYMENTS,7.25e+08,0,0,0,0.000220929513780396
YANGZHOU WEICHENG INVESTMENT DEVELOPMENT,YANGZHOU WEICHENG INVESTMENT DEVELOPMENT,120074529,0,0,0,0.000207083620128815
NOBIAN FINANCE BV,NOBIAN FINANCE BV,1222954878,0,0,0.0151547947804056,0.000223933881625383
ASTRA SLR FINANCE PTY,ASTRA SLR FINANCE PTY,466285757,0,0,0,0.000199726785957686
STAR MOUNTAIN LOWER MIDDLEMARKET CAPITAL,STAR MOUNTAIN LOWER MIDDLEMARKET CAPITAL,5e+07,0,0,0,0.000226142683638018
HIPPOCRATES HOLDING SPA,HIPPOCRATES HOLDING SPA,1112013915,0,0,0.0171525203691147,0.000500665328047127
CAPITAL BANK,CAPITAL BANK,5.2e+07,0,0,0,0.000225353559433933
INFRONT LUXEMBOURG FINANCE RL,INFRONT LUXEMBOURG FINANCE RL,416679688,0,0,0,0.00036025318413826
MAJOR LEAGUE BASEBALL FACILITY FUND,MAJOR LEAGUE BASEBALL FACILITY FUND,575999998,0,0,0.0132512901197035,0.000212795816652167
MILLMERRAN FINANCE COMPANY PTY,MILLMERRAN FINANCE COMPANY PTY,236637150,0,0,0,0.000201528262287701
CLARION LION PROPERTIES FUND HOLDINGS LP,CLARION LION PROPERTIES FUND HOLDINGS LP,499999998,0,0,0,0.000197955562586522
CDB AVIATION FUNDING 2021,CDB AVIATION FUNDING 2021,659999998,0,0,0,0.000223394310321274
FEC FINANCE,FEC FINANCE,319540865,0,0,0,0.000205171960782362
CNO FINANCIAL GROUP,CNO FINANCIAL GROUP,2.5e+08,0,0,0.0109468620571513,0.000208854477518766
CIBANCO INSTITUCION DE BANCA MULTIPLE,CIBANCO INSTITUCION DE BANCA MULTIPLE,685000003,0,0,0.0174124909355158,0.00087190664080398
BUNGE ASSETS FUNDING,BUNGE ASSETS FUNDING,599999994,0,0,0.0196246894632227,0.000201293951354145
TOYOTA INDUSTRIES COMMERCIAL FINANCE,TOYOTA INDUSTRIES COMMERCIAL FINANCE,499999998,0,0,0.0264145318873028,0.000202099267599354
BUNGE LIMITED FINANCE,BUNGE LIMITED FINANCE,1.5215e+10,0,0,1,0.000619172686886716
BANCO SOFISA SA,BANCO SOFISA SA,1.25e+08,0,0,0,0.000554175221699236
GRAN AMERICAS USME PROVISION SAS,GRAN AMERICAS USME PROVISION SAS,45200988,0,0,0,0.000194789874503028
MONEYGRAM INTERNATIONAL,MONEYGRAM INTERNATIONAL,1880500000,0,0,0.0538981942163252,0.000368897970043966
PHAROS SEA,PHAROS SEA,1e+08,0,0,0,0.000195170614616217
BERRYBANK DEVELOPMENT PTY,BERRYBANK DEVELOPMENT PTY,274473094,0,0,0,0.000241947218771422
SUNRISE BIDCO SARL,SUNRISE BIDCO SARL,625019535,0,0,0,0.000232547250287652
FEDERATED HERMES,FEDERATED HERMES,350000002,0,0,0.0244680703536908,0.000403514924476958
PENNANTPARK SENIOR SECURED LOAN FUND I,PENNANTPARK SENIOR SECURED LOAN FUND I,249999999,0,0,0.00973095208610714,0.000361577431760867
ALBION FINANCING,ALBION FINANCING,1441066640,0,0,0.0422897688408003,0.000378499300404358
AMP AUSTRALIA FINANCE PTY,AMP AUSTRALIA FINANCE PTY,67935666,0,0,0,0.000197831075946113
HCRX INVESTMENTS HOLDCO LP,HCRX INVESTMENTS HOLDCO LP,2079999998,0,0,0.133752589653768,0.000345478961206394
GLOBAL ATLANTIC FINANCIAL GROUP,GLOBAL ATLANTIC FINANCIAL GROUP,1e+09,0,0,0,0.000229028534680708
SULOGLU WEPP ACQUISITION FINANCE,SULOGLU WEPP ACQUISITION FINANCE,2.6e+07,0,0,0.00370547996896789,0.000303111720453317
ACLEDA BANK,ACLEDA BANK,315000003,0,0,0,0.000311646172195282
JUMP FINANCIAL,JUMP FINANCIAL,5e+08,0,0,0,0.000195667187337231
DYSONKISSNERMORAN,DYSONKISSNERMORAN,2.75e+08,0,0,0,0.000197546388557847
TRG FARRINGTON,TRG FARRINGTON,37500000,0,0,0,0.000222855299829567
LIFEMILES US FINANCE,LIFEMILES US FINANCE,5e+08,0,0,0.073960689728212,0.000198765011372133
AUSTRALIAN REGISTRY FINANCE PTY,AUSTRALIAN REGISTRY FINANCE PTY,1244295355,0,0,0,0.000216385313053247
WILMINGTON INVESTMENT LP,WILMINGTON INVESTMENT LP,6.25e+08,0,0,0,0.000721319252486593
VIETNAM TECHNOLOGICAL AND COMMERCIAL JOINT STOCK BANK,VIETNAM TECHNOLOGICAL AND COMMERCIAL JOINT STOCK BANK,1600000001,0,0,0.00851208124575124,0.000962017534662306
FRC GENESIS FUND HOLDINGS,FRC GENESIS FUND HOLDINGS,7e+07,0,0,0,0.000222462378928445
JAPAN LOGISTICS FUND,JAPAN LOGISTICS FUND,25849812,0,0,0,0.000202338165271455
BENTLEY INVESTMENT,BENTLEY INVESTMENT,143061515,0,0,0,0.000199231731058932
SDL II FINANCE,SDL II FINANCE,1375100000,0,0,0,0.000221042608244877
MIDCAP FUNDING,MIDCAP FUNDING,1764999994,0,0,0,0.00102111076387881
WALKER PARRAMATTA SQUARE FINANCE PTY,WALKER PARRAMATTA SQUARE FINANCE PTY,1872293953,0,0,0,0.000721268809769569
TIEN PHONG COMMERCIAL JOINT STOCK BANK,TIEN PHONG COMMERCIAL JOINT STOCK BANK,295030621,0,0,0,0.000218215537833139
ICL FINANCE BV,ICL FINANCE BV,1810424809,0,0,0.0477662789060714,0.000271886263270652
MILLENAIRE FINANCEMENT 17,MILLENAIRE FINANCEMENT 17,322508356,0,0,0,0.000197714771508234
PROJECT SATURN FUND V,PROJECT SATURN FUND V,56200000,0,0,0,0.000241742528670079
LIGHTEDGE SOLUTIONS,LIGHTEDGE SOLUTIONS,1.9e+08,0,0,0,0.0002132103482256
LOCHARD ENERGY PTY,LOCHARD ENERGY PTY,1066817491,0,0,0,0.000269302595205269
REMITLY GLOBAL,REMITLY GLOBAL,325000001,0,0,0.0222451269248896,0.000217504371626758
CFG FINANCE PTY,CFG FINANCE PTY,68260716,0,0,0.00420717469725133,0.000201917458538405
ELAWAN EOLICA FRONTONES SL,ELAWAN EOLICA FRONTONES SL,97567356,0,0,0,0.000198879757907962
ESR INVESTMENT PANAPAC FUND SCSP,ESR INVESTMENT PANAPAC FUND SCSP,1e+08,0,0,0,0.000196251765596699
BBR PARTNERS,BBR PARTNERS,137000001,0,0,0,0.000196631382532858
MARLINS FUNDING,MARLINS FUNDING,350000002,0,0,0,0.000204003398496438
NVENT FINANCE RL,NVENT FINANCE RL,1700000004,0,0,0.103356699134869,0.000207456231025552
CHINA LESSO FINANCE,CHINA LESSO FINANCE,1302285810,0,0,0.0514707069243056,0.000334434021709145
GORILLA SPORTS HOLDING,GORILLA SPORTS HOLDING,2604248,0,0,0,0.000194904110272249
IPCAAF MOB PORTFOLIO I,IPCAAF MOB PORTFOLIO I,105891000,0,0,0,0.000364340223425952
KENEDIX,KENEDIX,129249061,0,0,0,0.000276628247356085
FRIEDKIN FINANCIAL GROUP,FRIEDKIN FINANCIAL GROUP,4e+08,0,0,0,0.00019558552119404
SJ4 BURBANK,SJ4 BURBANK,1.92e+08,0,0,0,0.000197191490407082
KKR PINNACLE INVESTOR LP,KKR PINNACLE INVESTOR LP,1610000004,0,0,0,0.000340033709511336
YIEH PHUI HONG KONG HOLDINGS,YIEH PHUI HONG KONG HOLDINGS,1.14e+08,0,0,0,0.000242413245025074
JACK OHIO FINANCE,JACK OHIO FINANCE,275000001,0,0,0.0173985274486271,0.000197723494898517
ARROW GLOBAL,ARROW GLOBAL,1874031219,0,0,0.122590936950108,0.000234150267915017
SHERWOOD FINANCING,SHERWOOD FINANCING,357133905,0,0,0.0233621401749983,0.000201857136234623
SUN LIFE FINANCIAL,SUN LIFE FINANCIAL,4e+08,0,0,0.0147921379456424,0.000202478209203604
TRINITY ACQUISITION,TRINITY ACQUISITION,1499999998,0,0,0.0519477078528616,0.000232323743814154
CREEKBANK MION001 HOLDINGS LP,CREEKBANK MION001 HOLDINGS LP,129899855,0,0,0,0.000382402083519423
K WAH FINANCIAL SERVICES,K WAH FINANCIAL SERVICES,2569340070,0,0,0,0.000346478814557937
APOLLO FINCO,APOLLO FINCO,412511328,0,0,0,0.000200907109095447
GRESHAM HOUSE ENERGY STORAGE FUND,GRESHAM HOUSE ENERGY STORAGE FUND,419788976,0,0,0,0.000203860939190608
BROOKFIELD RUBY FINANCE PTY,BROOKFIELD RUBY FINANCE PTY,177737904,0,0,0,0.000195774404810026
DESRI HIGHLAND SOLAR FINANCING HOLDINGS,DESRI HIGHLAND SOLAR FINANCING HOLDINGS,175827861,0,0,0,0.000288700950207823
FINANCIERE DE LA SALICORNE SAS,FINANCIERE DE LA SALICORNE SAS,41667970,0,0,0,0.000194593507574605
DEVOTEAM GROUP,DEVOTEAM GROUP,276050292,0,0,0,0.000208476998535239
XPS PENSIONS GROUP,XPS PENSIONS GROUP,125310144,0,0,0.011585030850227,0.00019974202706476
CIRRUS HOLDINGS 2 PTY,CIRRUS HOLDINGS 2 PTY,94264800,0,0,0,0.000236735335237922
LINCOLN STUDENT PROPERTY,LINCOLN STUDENT PROPERTY,57654440,0,0,0,0.000359889317443425
RESTAURANT BRANDS IBERIA,RESTAURANT BRANDS IBERIA,531266602,0,0,0.0280767909066205,0.00052126938931495
FOLLOW INTERNATIONAL,FOLLOW INTERNATIONAL,659999991,0,0,0,0.000616608873288581
DOWNER GROUP FINANCE PTY,DOWNER GROUP FINANCE PTY,910142889,0,0,0,0.000212992485898847
BERLIN BRANDS GROUP BIDCO GMBH,BERLIN BRANDS GROUP BIDCO GMBH,67710450,0,0,0,0.000251162265938925
CARMILA,CARMILA,1422961132,0,0,0,0.000262499766095962
ACCRETIVE CAPITAL,ACCRETIVE CAPITAL,4.7e+07,0,0,0,0.000195960940944728
MSRDC TUNNELS,MSRDC TUNNELS,508919052,0,0,0,0.000699319318209708
400 WEST ELM OWNER,400 WEST ELM OWNER,97130000,0,0,0,0.000195686135441976
MOUNTAINEER MERGER,MOUNTAINEER MERGER,2e+08,0,0,0,0.000199100786789917
ARES INDUSTRIAL REAL ESTATE FUND OP LP,ARES INDUSTRIAL REAL ESTATE FUND OP LP,1150000003,0,0,0,0.000410190134301212
VOLTAGE BIDCO GMBH,VOLTAGE BIDCO GMBH,385428711,0,0,0,0.000233995417861473
NEW HORIZONS BAKERY,NEW HORIZONS BAKERY,72500001,0,0,0,0.00019701209664498
CHAMBRE DE COMMERCE ET DINDUSTRIE TERRITORIALE SEINE ESTUAIRE,CHAMBRE DE COMMERCE ET DINDUSTRIE TERRITORIALE SEINE ESTUAIRE,188130879,0,0,0,0.000202175483235389
JD STAR DEVELOPMENT X HK,JD STAR DEVELOPMENT X HK,470096000,0,0,0,0.000205291818729735
STELLA NEL FINANCE PTY,STELLA NEL FINANCE PTY,2732996000,0,0,0,0.00176583212703117
ALLSPRING BUYER,ALLSPRING BUYER,1.52e+09,0,0,0.0872623736631954,0.000206770665048604
EVO PAYMENTS INTERNATIONAL,EVO PAYMENTS INTERNATIONAL,788000004,0,0,0.0161891732782427,0.000248540501013054
BUANA FINANCE TBK PT,BUANA FINANCE TBK PT,92942659,0,0,0,0.000918543479558312
PORTICO INVESTMENT NETHERLANDS III BV,PORTICO INVESTMENT NETHERLANDS III BV,178682667,0,0,0,0.000360575323743082
ARA ASSET MANAGEMENT,ARA ASSET MANAGEMENT,1000000002,0,0,0,0.000332122062467458
KKR REAL ESTATE FINANCE TRUST,KKR REAL ESTATE FINANCE TRUST,5e+07,0,0,0,0.00019448223743066
WESTERN SOUTHERN FINANCIAL GROUP,WESTERN SOUTHERN FINANCIAL GROUP,499999995,0,0,0.0349543856702751,0.000203617654514549
ORIENTAL GENERATION,ORIENTAL GENERATION,51386800,0,0,0,0.0001966154128615
CHARTER HALL OFFICE FINANCE PTY,CHARTER HALL OFFICE FINANCE PTY,325051034,0,0,0,0.000203813419174149
SUN HUNG KAI PROPERTIES FINANCIAL SERVICES,SUN HUNG KAI PROPERTIES FINANCIAL SERVICES,10258090206,0,0,0.207365796845807,0.000672473806573887
HBS ACQUISITION,HBS ACQUISITION,125000001,0,0,0.0154084771499787,0.000195287532176359
ADAMS AUS FINCO PTY,ADAMS AUS FINCO PTY,90148104,0,0,0,0.000240255969106508
HORIZON INVESTMENTS,HORIZON INVESTMENTS,20500000,0,0,0,0.000197474303578102
BROWN ADVISORY,BROWN ADVISORY,3e+08,0,0,0,0.000298949656198281
AUGUSTA FUND 1 LP,AUGUSTA FUND 1 LP,400000001,0,0,0,0.000288032378641046
PROLOGIS INTERNATIONAL FUNDING III SARL,PROLOGIS INTERNATIONAL FUNDING III SARL,833359373,0,0,0,0.000215965892314709
PRIME PROPERTY FUNDING,PRIME PROPERTY FUNDING,749999999,0,0,0,0.000212558008434746
LORGISTIQUE SAS,LORGISTIQUE SAS,20313135,0,0,0,0.00020817837406969
EDP I HK,EDP I HK,277090479,0,0,0,0.000199296802569604
PEF 1 JNG HOLDING SL,PEF 1 JNG HOLDING SL,13542090,0,0,0,0.000214951720228546
LENDLEASE FINANCE,LENDLEASE FINANCE,2080326611,0,0,0,0.000790756062296245
CHOFU BIOPOWER,CHOFU BIOPOWER,234108828,0,0,0,0.00066322973793121
EVERBRIGHT FINANCIAL LEASING,EVERBRIGHT FINANCIAL LEASING,430413358,0,0,0,0.000512824745375126
MILLENAIRE FINANCEMENT 19 SAS,MILLENAIRE FINANCEMENT 19 SAS,5967895,0,0,0,0.000194281856938175
MILLENAIRE FINANCEMENT 21 SAS,MILLENAIRE FINANCEMENT 21 SAS,5365793,0,0,0,0.000194279060062153
MILLENAIRE FINANCEMENT 20 SAS,MILLENAIRE FINANCEMENT 20 SAS,5667885,0,0,0,0.000194280463335803
HPS STRATEGIC INVESTMENT PARTNERS V LP,HPS STRATEGIC INVESTMENT PARTNERS V LP,1250000002,0,0,0,0.000205191651165804
FORTKN FINANCE PTY,FORTKN FINANCE PTY,207065312,0,0,0,0.000239489075998956
ARLA FOODS FINANCE AS,ARLA FOODS FINANCE AS,416679690,0,0,0,0.000325525914159382
SINOOCEAN PRIME OFFICE PARTNERS I LP,SINOOCEAN PRIME OFFICE PARTNERS I LP,4.5e+08,0,0,0,0.000199699207622351
NORTHAB,NORTHAB,774999999,0,0,0,0.000203267166459283
LAO VIET BANK,LAO VIET BANK,8e+07,0,0,0,0.000215106212492088
SPARK FINANCE,SPARK FINANCE,247903033,0,0,0,0.000197690528558645
ANGEL CITY BELL,ANGEL CITY BELL,159700002,0,0,0,0.000210613035967516
MERIT ENERGY COMPANY,MERIT ENERGY COMPANY,3.1e+08,0,0,0,0.000521759049884441
COLONIAL FIRST STATE INVESTMENTS,COLONIAL FIRST STATE INVESTMENTS,1548672492,0,0,0.0258418929779882,0.000395714374226883
LINCOLN INVESTMENT CAPITAL HOLDINGS,LINCOLN INVESTMENT CAPITAL HOLDINGS,7.5e+07,0,0,0,0.00019529833224946
NOUCOR GROUP SL,NOUCOR GROUP SL,80210837,0,0,0,0.000588292586446744
BAPCOR FINANCE PTY,BAPCOR FINANCE PTY,520081652,0,0,0.0135714481949714,0.00102464651480428
EDUCA BIDCO SL,EDUCA BIDCO SL,98499999,0,0,0,0.000199117784819519
LONSDALE FINANCE PTY,LONSDALE FINANCE PTY,900391358,0,0,0,0.000292011762405725
IU GROUP,IU GROUP,677104493,0,0,0,0.00019634986303876
HUDSON ADVISORS LP,HUDSON ADVISORS LP,3.15e+08,0,0,0.052467843833811,0.000199144363765604
BRICKWORKS FINANCE PTY,BRICKWORKS FINANCE PTY,347523308,0,0,0,0.000480921070087183
POWERDC HOLDCO PTE,POWERDC HOLDCO PTE,232473890,0,0,0,0.000200452458903707
FOOTBALL FUNDING II,FOOTBALL FUNDING II,4.063e+09,0,0,0.0845609084782698,0.000580788248978522
SALTER BROTHERS ASSET MANAGEMENT PTY,SALTER BROTHERS ASSET MANAGEMENT PTY,299046951,0,0,0,0.000226595351645539
CARMEL PARTNERS INVESTMENT FUND VIII LP,CARMEL PARTNERS INVESTMENT FUND VIII LP,399999999,0,0,0,0.000209100888526925
BOYU CAPITAL FUND V LP,BOYU CAPITAL FUND V LP,1.22e+09,0,0,0,0.000209786308449195
DELIN PROPERTY ASSET MANAGEMENT UK,DELIN PROPERTY ASSET MANAGEMENT UK,189422586,0,0,0,0.000360426545227531
HCF FINCO PTY,HCF FINCO PTY,126379840,0,0,0,0.000196464224820875
CANICA AS,CANICA AS,135495234,0,0,0,0.000214458944128141
BOYU CAPITAL GROWTH FUND I LP,BOYU CAPITAL GROWTH FUND I LP,2.3e+08,0,0,0,0.000196705273726896
DETTMER ASSET HOLDING GMBH,DETTMER ASSET HOLDING GMBH,104169920,0,0,0,0.000375006723093353
CALAO FINANCEMENT SNC,CALAO FINANCEMENT SNC,25729972,0,0,0,0.00019500147944762
AFRICAN EXPORT IMPORT BANK,AFRICAN EXPORT IMPORT BANK,3935908015,0,0,0.0883600509274887,0.00149459328008559
HAITONG UNITRUST INTERNATIONAL FINANCIAL LEASING,HAITONG UNITRUST INTERNATIONAL FINANCIAL LEASING,973017735,0,0,0,0.000224756568068315
REITAN AS,REITAN AS,812971410,0,0,0,0.000370026628743662
MIWT FINANCE PTY,MIWT FINANCE PTY,581841351,0,0,0,0.000477781998216517
BOUBYAN BANK KSCP,BOUBYAN BANK KSCP,5e+08,0,0,0,0.000322364345352368
ALTALINK INVESTMENTS LP,ALTALINK INVESTMENTS LP,214592275,0,0,0,0.000212471843217055
SRV JOINT GAS TWO,SRV JOINT GAS TWO,154100000,0,0,0,0.000199392376879298
SOCIETE FINANCIERE DE DEVELOPPEMENT SAS,SOCIETE FINANCIERE DE DEVELOPPEMENT SAS,25979977,0,0,0,0.000195506295750348
BW US MULTIGOVERNMENT PROPERTY FUND LP,BW US MULTIGOVERNMENT PROPERTY FUND LP,1.2e+08,0,0,0,0.000205951101984806
CRESCENT FINANCE PTY,CRESCENT FINANCE PTY,583466606,0,0,0,0.000532143306634569
WHARF FINANCE,WHARF FINANCE,269780706,0,0,0,0.000199977452602305
SEMI FINANCE II PTY,SEMI FINANCE II PTY,104943160,0,0,0,0.000194710662787704
ARM RESOURCE PARTNERS,ARM RESOURCE PARTNERS,5.7e+08,0,0,0,0.000404101630402312
CONTINENTAL 599 FUND,CONTINENTAL 599 FUND,40300000,0,0,0,0.000270301086839863
CLARE SOLAR FARM FINANCE PTY,CLARE SOLAR FARM FINANCE PTY,72955700,0,0,0,0.000195580379738646
FORUM SERVICIOS FINANCIEROS,FORUM SERVICIOS FINANCIEROS,402499999,0,0,0,0.00169081458212492
WIDEOPENWEST FINANCE,WIDEOPENWEST FINANCE,1.18e+09,0,0,0.0287592345311628,0.000299504360215642
SP LYNDHURST FINANCE PTY,SP LYNDHURST FINANCE PTY,588342369,0,0,0,0.000215642634904803
EXPORT IMPORT BANK OF INDIA,EXPORT IMPORT BANK OF INDIA,2610197752,0,0,0,0.00108574070638115
BAHANA PEMBINAAN USAHA INDONESIA PERUSAHAAN PERSEROAN PT,BAHANA PEMBINAAN USAHA INDONESIA PERUSAHAAN PERSEROAN PT,296156272,0,0,0,0.000701008873741772
FREEPORT LNG INVESTMENTS LLLP,FREEPORT LNG INVESTMENTS LLLP,1149999998,0,0,0,0.000206917304145275
RLGH FINANCE BERMUDA,RLGH FINANCE BERMUDA,3499999996,0,0,0.145740979718329,0.000341275157149749
FREEPORT LNG DEVELOPMENT LP,FREEPORT LNG DEVELOPMENT LP,1187000001,0,0,0,0.000208132943255247
SCOUT ENERGY GROUP III LP,SCOUT ENERGY GROUP III LP,99899997,0,0,0,0.000318853201304401
RAIZEN FUELS FINANCE SA,RAIZEN FUELS FINANCE SA,1208339846,0,0,0.0330096113978123,0.000207227532465004
FINANCIERE GRANDE CORNICHE SAS,FINANCIERE GRANDE CORNICHE SAS,5104326,0,0,0,0.0001942778454992
HELIOS INVESTMENTS AUSTRALIA PTY,HELIOS INVESTMENTS AUSTRALIA PTY,336102768,0,0,0,0.000298350771420024
REALTY ASSOCIATES FUND XII PORTFOLIO LP,REALTY ASSOCIATES FUND XII PORTFOLIO LP,912000002,0,0,0,0.00037348237173438
ISKAY PET SL,ISKAY PET SL,198964550,0,0,0,0.000216234762027737
HO CHI MINH CITY DEVELOPMENT JOINT STOCK COMMERCIAL BANK,HO CHI MINH CITY DEVELOPMENT JOINT STOCK COMMERCIAL BANK,145000002,0,0,0,0.000230133234402937
REFRESH BUYER,REFRESH BUYER,162999999,0,0,0,0.000365895248286137
ZHANGJIAGANG JINHUAFANG INVESTMENT DEVELOPMENT,ZHANGJIAGANG JINHUAFANG INVESTMENT DEVELOPMENT,120074529,0,0,0,0.000195075267977226
CONTINENTAL 609 FUND,CONTINENTAL 609 FUND,44718750,0,0,0,0.000213112656990097
KAWAKIN FINANCE,KAWAKIN FINANCE,43220887,0,0,0,0.000359519460946743
CHAILEASE INTERNATIONAL FINANCIAL SERVICES PTE,CHAILEASE INTERNATIONAL FINANCIAL SERVICES PTE,1112500000,0,0,0,0.000440016006069091
BEACON POINTE ADVISORS,BEACON POINTE ADVISORS,470000002,0,0,0,0.000870180240332212
LYRIC FUND II ACQUISITION I LP,LYRIC FUND II ACQUISITION I LP,149999999,0,0,0,0.000209150516644731
CHAILEASE INTERNATIONAL FINANCIAL LEASING,CHAILEASE INTERNATIONAL FINANCIAL LEASING,3011005435,0,0,0,0.00110677533925949
REICH TANG,REICH TANG,3.75e+08,0,0,0,0.000354170001116934
CHI FU INVESTMENTS CHINA,CHI FU INVESTMENTS CHINA,29829342,0,0,0,0.000198005606664594
CCCC FIRST HIGHWAY ENGINEERING HEBI INVESTMENT CONSTRUCTION,CCCC FIRST HIGHWAY ENGINEERING HEBI INVESTMENT CONSTRUCTION,253260646,0,0,0,0.000206398756388086
NANJING QIXIA MOUNTAIN CULTURAL TOURISM INVESTMENT DEVELOPMENT,NANJING QIXIA MOUNTAIN CULTURAL TOURISM INVESTMENT DEVELOPMENT,1242150299,0,0,0,0.000354164385847667
OHIO EQUITY FUND FOR HOUSING XXXI LP,OHIO EQUITY FUND FOR HOUSING XXXI LP,7.5e+07,0,0,0,0.000197553296799674
GAOYOU STATEOWNED ASSETS INVESTMENT MANAGEMENT HOLDING GROUP,GAOYOU STATEOWNED ASSETS INVESTMENT MANAGEMENT HOLDING GROUP,138016700,0,0,0,0.000208315195037502
CONTINENTAL 518 FUND,CONTINENTAL 518 FUND,44700000,0,0,0,0.000360775618313916
VIRTU FINANCIAL,VIRTU FINANCIAL,1495000001,0,0,0.0450081036979452,0.000212552263036252
NPOV FORT WORTH PROJECT 3,NPOV FORT WORTH PROJECT 3,39600000,0,0,0,0.000197846379272746
PRIME PROPERTY FUND ASIA LP,PRIME PROPERTY FUND ASIA LP,2e+08,0,0,0,0.000198654262400833
INFLUENCE X MUSIC IIA LP,INFLUENCE X MUSIC IIA LP,5e+07,0,0,0,0.000197789978999165
CELLNEX FINANCE,CELLNEX FINANCE,4183130529,0,0,0.0799944412117326,0.000881199273915111
PUBLIC FINANCIAL HOLDINGS,PUBLIC FINANCIAL HOLDINGS,141313704,0,0,0,0.000213001712185815
ETERNAL NANYANG INVESTMENT,ETERNAL NANYANG INVESTMENT,1.1e+08,0,0,0,0.00020119295209163
ARTICLE STUDENT LIVING STATION COLUMBIA,ARTICLE STUDENT LIVING STATION COLUMBIA,38500000,0,0,0,0.000219721462922202
EDUWEST FINANCE COMPANY PTY,EDUWEST FINANCE COMPANY PTY,214852746,0,0,0,0.000196402533497505
NANTONG KAIYUAN ASSET MANAGEMENT,NANTONG KAIYUAN ASSET MANAGEMENT,27603340,0,0,0,0.000249950833583112
NZ HEALTHCARE INVESTMENTS,NZ HEALTHCARE INVESTMENTS,226320883,0,0,0,0.000459650702453866
BEIJING HAIDIAN STATE OWNED CAPITAL OPERATION,BEIJING HAIDIAN STATE OWNED CAPITAL OPERATION,4623559450,0,0,0,0.000741615514296515
SPARTAN BIDCO PTY,SPARTAN BIDCO PTY,1.48e+08,0,0,0,0.000202034806422841
NANTONG RUCHENG NEW DISTRICT INVESTMENT DEVELOPMENT,NANTONG RUCHENG NEW DISTRICT INVESTMENT DEVELOPMENT,234621489,0,0,0,0.000196623480475944
PATCHWAY HOLDINGS HK,PATCHWAY HOLDINGS HK,1663776156,0,0,0,0.000257796927738668
GROUPE BAELEN SAS,GROUPE BAELEN SAS,4166796,0,0,0,0.000201203920407765
IBT INTERNATIONAL FINANCIAL LEASING,IBT INTERNATIONAL FINANCIAL LEASING,465116279,0,0,0,0.000331960014818739
77R INVESTMENTS PTE,77R INVESTMENTS PTE,350059428,0,0,0,0.000201644708770367
USFP AIRPORT DEVELOPMENT,USFP AIRPORT DEVELOPMENT,59500000,0,0,0,0.000311518353988396
UNIFIN FINANCIERA SAB DE CV,UNIFIN FINANCIERA SAB DE CV,7.5e+07,0,0,0,0.000382249108299028
MACE FINANCE,MACE FINANCE,12531014,0,0,0,0.000194540219287933
DESRI PROJECT FINANCING 2,DESRI PROJECT FINANCING 2,149999999,0,0,0,0.000197134477999116
FAIRFIELD DEARBORN,FAIRFIELD DEARBORN,4.3e+07,0,0,0,0.00036188538495295
FORESIGHT AUSTRALIA FUNDS MANAGEMENT,FORESIGHT AUSTRALIA FUNDS MANAGEMENT,69274876,0,0,0,0.000195289752459099
MILIONE SPA,MILIONE SPA,666687498,0,0,0,0.000278898863119109
VITOL FINANCE BV,VITOL FINANCE BV,977122919,0,0,0,0.000302594667503963
LIYANG LICHENG PARK CONSTRUCTION INVESTMENT,LIYANG LICHENG PARK CONSTRUCTION INVESTMENT,186322545,0,0,0,0.000214945094860494
FIBRA EXI,FIBRA EXI,24508603,0,0,0,0.000194813668872887
WHP GLOBAL,WHP GLOBAL,625000001,0,0,0,0.000199586468705874
50TH 5TH LIC,50TH 5TH LIC,2.2e+08,0,0,0,0.000196022006349178
CR CNIC INVESTMENT,CR CNIC INVESTMENT,350868402,0,0,0,0.000205763966981077
RIVERNORTH CAPITAL MANAGEMENT,RIVERNORTH CAPITAL MANAGEMENT,5.5e+07,0,0,0,0.000204233380361959
CHINA MERCHANTS SHEKOU SANYA DEVELOPMENT,CHINA MERCHANTS SHEKOU SANYA DEVELOPMENT,193223380,0,0,0,0.00020019517158802
NATIONAL BANK OF EGYPT SAE,NATIONAL BANK OF EGYPT SAE,2106000003,0,0,0.125120602038485,0.000846530115091569
DONGFENG NISSAN FINANCE LEASING,DONGFENG NISSAN FINANCE LEASING,62107515,0,0,0,0.000209245748919024
WUXI CHENGBEI INVESTMENT DEVELOPMENT,WUXI CHENGBEI INVESTMENT DEVELOPMENT,299496239,0,0,0,0.000334142981449429
STOLT TANKERS FINANCE,STOLT TANKERS FINANCE,414999998,0,0,0.0109620307461738,0.000259267961670961
NISOURCE FINANCE,NISOURCE FINANCE,1849999993,0,0,0.0238255232107081,0.000244030236765308
SAGEBRUSH STORAGE FINANCE,SAGEBRUSH STORAGE FINANCE,332062204,0,0,0,0.000206930350372025
PRATT FINANCE PTY,PRATT FINANCE PTY,325051032,0,0,0.0116218344290426,0.000199143515591393
RELIANCE RAIL FINANCE PTY,RELIANCE RAIL FINANCE PTY,1300204065,0,0,0,0.000293224384991946
TPG RE FINANCE 24,TPG RE FINANCE 24,2.5e+08,0,0,0.0136835775714392,0.000367571185091776
BRADFORD CAPITAL SL,BRADFORD CAPITAL SL,65106202,0,0,0,0.00020795011701117
BUREAUS INVESTMENT GROUP PORTFOLIO NO 15,BUREAUS INVESTMENT GROUP PORTFOLIO NO 15,1.8e+08,0,0,0,0.00061890066010906
LB CONSOLIDATED,LB CONSOLIDATED,110000001,0,0,0,0.000236182672479255
WINDCREST FINANCE KK,WINDCREST FINANCE KK,190965491,0,0,0,0.000219436473412173
DEA CAPITAL REAL ESTATE SGR SPA,DEA CAPITAL REAL ESTATE SGR SPA,665273912,0,0,0,0.000328178185823232
CAPE FINANCE CORPORATION,CAPE FINANCE CORPORATION,51099325,0,0,0.00396099844392801,0.000556078702983803
POWER SUSTAINABLE INFRASTRUCTURE CANADA FUND I LP,POWER SUSTAINABLE INFRASTRUCTURE CANADA FUND I LP,375536480,0,0,0,0.000246460316258743
GD CP METRO,GD CP METRO,77785000,0,0,0,0.000197844060022906
HANAMI INVESTMENT FUND,HANAMI INVESTMENT FUND,73231456,0,0,0,0.000206923056072792
COREBRIDGE FINANCIAL,COREBRIDGE FINANCIAL,8000000002,0,0,0.47903836455485,0.000327492158210265
CBOE GLOBAL MARKETS,CBOE GLOBAL MARKETS,1650039065,0,0,0.0799158290223886,0.000222303257099002
KAR WASH HOLDINGS,KAR WASH HOLDINGS,4.1e+07,0,0,0.00188849804020557,0.000233762133730291
FORESIGHT SOLAR FUND,FORESIGHT SOLAR FUND,187965216,0,0,0,0.000209599207110587
ROADMAP HOLDINGS KK,ROADMAP HOLDINGS KK,1757787257,0,0,0,0.000235528750683181
CLEARLAKE CAPITAL GROUP LP,CLEARLAKE CAPITAL GROUP LP,7.9e+08,0,0,0,0.000197628393551975
RA PARENT HOLDINGS LP,RA PARENT HOLDINGS LP,120000001,0,0,0,0.000254585242827422
BCEGI HONG KONG,BCEGI HONG KONG,121999995,0,0,0,0.000212438344503136
ATLANTIC LIFE SCIENCE FUND WLS I,ATLANTIC LIFE SCIENCE FUND WLS I,2.5e+08,0,0,0,0.000228688034613395
ACADIAN ASSET MANAGEMENT,ACADIAN ASSET MANAGEMENT,2.65e+08,0,0,0.0384712350052937,0.000201713691928489
HATTHA BANK,HATTHA BANK,7.5e+07,0,0,0,0.000197591080539443
BANK DHOFAR SAOG,BANK DHOFAR SAOG,1050000002,0,0,0.0202732759989336,0.000658873446708931
SUMMER FINANCE COMPANY PTY,SUMMER FINANCE COMPANY PTY,638256393,0,0,0,0.000240889091993891
CLOVER BEATS MUSIC HOLDINGS II,CLOVER BEATS MUSIC HOLDINGS II,137500000,0,0,0,0.000197156999468784
FUNDRISE MF FACILITY 1 BORROWER,FUNDRISE MF FACILITY 1 BORROWER,1.75e+08,0,0,0,0.000199882888933045
SYDNEY AIRPORT FINANCE COMPANY PTY,SYDNEY AIRPORT FINANCE COMPANY PTY,1560244950,0,0,0.0189775402700188,0.000213926313816143
FOREIGN TRADE BANK OF LATIN AMERICA,FOREIGN TRADE BANK OF LATIN AMERICA,1338730001,0,0,0,0.00092778959962871
EURALIS FINANCES,EURALIS FINANCES,354177737,0,0,0,0.000209897673823565
IEE21 EUROPE SL,IEE21 EUROPE SL,56251758,0,0,0,0.00022013513036239
VIENTO FUNDING II,VIENTO FUNDING II,250200000,0,0,0,0.000204307614776051
CASTOR FUNDING,CASTOR FUNDING,16285383,0,0,0,0.000197533952886196
VIETINBANK SECURITIES JSC,VIETINBANK SECURITIES JSC,5e+07,0,0,0,0.000194516859301457
FOSUN INTERNATIONAL,FOSUN INTERNATIONAL,2451492931,0,0,0.0214608287215917,0.00198436589303684
LESHAN XIEXIN NEW ENERGY TECHNOLOGY,LESHAN XIEXIN NEW ENERGY TECHNOLOGY,483058451,0,0,0,0.000217941306319099
HONDA CANADA FINANCE,HONDA CANADA FINANCE,1430615162,0,0,0,0.000242833549677475
GRAND PACIFIC FINANCE,GRAND PACIFIC FINANCE,99999999,0,0,0,0.000366639520616757
PUBLIC BANK BHD,PUBLIC BANK BHD,3.7e+08,0,0,0,0.000201280797968906
DIDEROT FINANCEMENT 33,DIDEROT FINANCEMENT 33,101299999,0,0,0,0.000285118599462268
MACQUARIE INTERNATIONAL FINANCE,MACQUARIE INTERNATIONAL FINANCE,4243890341,0,0,0.175032496087882,0.000682567129561571
GLP CHINA FINANCING HOLDING,GLP CHINA FINANCING HOLDING,1.85e+08,0,0,0,0.000237330882911225
ASANA PARTNERS FUND II REIT 10,ASANA PARTNERS FUND II REIT 10,499999999,0,0,0,0.000369416450749346
HEITMAN,HEITMAN,9.5e+07,0,0,0,0.000197507251325902
RUDONG DINGNENG ENERGY INVESTMENT,RUDONG DINGNENG ENERGY INVESTMENT,27603340,0,0,0,0.000249950833583112
MERCHANTS HEALTHCARE FUND SPE I,MERCHANTS HEALTHCARE FUND SPE I,1.8e+08,0,0,0,0.000304568287224007
NET PROTECTIONS HOLDINGS,NET PROTECTIONS HOLDINGS,77549437,0,0,0,0.000202436139022465
AMK MICROFINANCE INSTITUTION,AMK MICROFINANCE INSTITUTION,360000002,0,0,0,0.000270355821946309
1000137577 ONTARIO,1000137577 ONTARIO,28612304,0,0,0,0.000207080268004284
CENTURY INVESTMENTS,CENTURY INVESTMENTS,550000003,0,0,0,0.000265996349841862
SIRIUS CAPITAL PARTNERS AB OY,SIRIUS CAPITAL PARTNERS AB OY,116670312,0,0,0,0.000204968577742325
INFINITE FINANCE,INFINITE FINANCE,1117453370,0,0,0,0.0012713406771409
KB PRASAC BANK,KB PRASAC BANK,491999999,0,0,0,0.00141025577044174
RITCHIE BROS US FINANCE LP,RITCHIE BROS US FINANCE LP,3869999997,0,0,0.0470344920021396,0.000303033339581607
ZHEJIANG NANHU INTERNATIONAL CLUB,ZHEJIANG NANHU INTERNATIONAL CLUB,146297702,0,0,0,0.00019565198608007
EMPLOYEES PROVIDENT FUND BOARD,EMPLOYEES PROVIDENT FUND BOARD,474386564,0,0,0,0.000418069431603779
TURKIYE VARLIK FONU YONETIMI AS,TURKIYE VARLIK FONU YONETIMI AS,2404702384,0,0,0.255571335468395,0.00786713485662308
DONGGUAN BAOWANG INVESTMENT,DONGGUAN BAOWANG INVESTMENT,124215030,0,0,0,0.000200021721646243
STONELAKE CAPITAL PARTNERS,STONELAKE CAPITAL PARTNERS,2.25e+08,0,0,0,0.000196639819326006
HOMECO DNR FINANCE PTY,HOMECO DNR FINANCE PTY,2090078141,0,0,0,0.000373418378346309
MAGAZINE PERICO LP,MAGAZINE PERICO LP,41031284,0,0,0,0.000194413128054828
PRIMARY PRODUCTS FINANCE,PRIMARY PRODUCTS FINANCE,1734000001,0,0,0.0501277796542151,0.00024214907057304
PW FUND B LP,PW FUND B LP,1000000001,0,0,0,0.000202649009681829
RETIRE AUSTRALIA FINANCE PTY,RETIRE AUSTRALIA FINANCE PTY,292545928,0,0,0,0.000361564112473854
ROUND HILL MUSIC ROYALTY FUND III PLUS LP,ROUND HILL MUSIC ROYALTY FUND III PLUS LP,3.5e+07,0,0,0,0.000197240066610146
BGO DIVERSIFIED US PROPERTY FUND OPERATING LP,BGO DIVERSIFIED US PROPERTY FUND OPERATING LP,9e+08,0,0,0,0.000302013238059921
JIANGSU TAC FINANCIAL LEASING,JIANGSU TAC FINANCIAL LEASING,452004696,0,0,0,0.000771549480924366
ENERGYAUSTRALIA FINANCE PTY,ENERGYAUSTRALIA FINANCE PTY,1157181675,0,0,0,0.000377387023179634
NU PAGAMENTOS INSTITUICAO DE PAGAMENTO,NU PAGAMENTOS INSTITUICAO DE PAGAMENTO,637860888,0,0,0.0938836647968525,0.000200611700927279
OBTON GROUP HOLDING AS,OBTON GROUP HOLDING AS,166971735,0,0,0,0.00035767175165666
STELLA FHR FINANCE PTY,STELLA FHR FINANCE PTY,702500292,0,0,0,0.000297929413711169
CCS POWER FINANCE,CCS POWER FINANCE,300800001,0,0,0.0184283472876541,0.000262585712135483
GRIDIRON FUNDING,GRIDIRON FUNDING,149999998,0,0,0,0.000199667765542094
CONTINENTAL 555 FUND,CONTINENTAL 555 FUND,64125000,0,0,0,0.000278654278583034
INNOVATIVE FUNDING SERVICES,INNOVATIVE FUNDING SERVICES,5e+07,0,0,0,0.000195154616823535
BRIGHTHOUSE FINANCIAL,BRIGHTHOUSE FINANCIAL,999999994,0,0,0.0420529061608316,0.000203306176711308
SICHUAN DEVELOPMENT ASSET MANAGEMENT INVESTMENT MANAGEMENT,SICHUAN DEVELOPMENT ASSET MANAGEMENT INVESTMENT MANAGEMENT,93989373,0,0,0,0.000359591912621331
YULON FINANCE,YULON FINANCE,586591319,0,0,0,0.000267807543009475
HEDGESERV HOLDING LP,HEDGESERV HOLDING LP,55500000,0,0,0,0.000198940710877028
RPI INTERMEDIATE FINANCE PARTNERSHIP LP,RPI INTERMEDIATE FINANCE PARTNERSHIP LP,8.5e+08,0,0,0,0.000270298619964552
AUTUMN FINANCE COMPANY PTY,AUTUMN FINANCE COMPANY PTY,636765858,0,0,0,0.0002081038362393
FIERA CAPITAL,FIERA CAPITAL,501832616,0,0,0,0.000214825313273756
RIGHT LANE,RIGHT LANE,793410120,0,0,0,0.000315377042071268
GSRP STANTON,GSRP STANTON,73200000,0,0,0,0.000195121729596031
TRANSURBAN FINANCE COMPANY PTY,TRANSURBAN FINANCE COMPANY PTY,536334207,0,0,0.0222310654944304,0.000200117215769355
JINAN LICHENG DISTRICT STATEOWNED ASSETS OPERATION,JINAN LICHENG DISTRICT STATEOWNED ASSETS OPERATION,59347181,0,0,0,0.000194678738260459
ICBCIL FINANCE,ICBCIL FINANCE,2700000005,0,0,0,0.00101259184830665
LASALLE PROPERTY FUND REIT,LASALLE PROPERTY FUND REIT,7e+08,0,0,0,0.000197190522435275
MRP GOLDEN FINANCE,MRP GOLDEN FINANCE,834875998,0,0,0,0.000381806817122808
IGNITE MUSIC FUND II SPE I LP,IGNITE MUSIC FUND II SPE I LP,200000002,0,0,0,0.000212218746910591
HONG KONG HOTEL REIT FINANCE,HONG KONG HOTEL REIT FINANCE,213255228,0,0,0,0.000210319918924649
MLGPF SPRINGBROOK INVESTMENT,MLGPF SPRINGBROOK INVESTMENT,51500000,0,0,0,0.000208923186708984
LEGAL GENERAL GROUP,LEGAL GENERAL GROUP,526302599,0,0,0,0.0002049550093736
CONTINENTAL 562 FUND,CONTINENTAL 562 FUND,64400000,0,0,0,0.000245962193894644
OPTUS FINANCE PTY,OPTUS FINANCE PTY,910142892,0,0,0.0280478316848123,0.000251088577173025
SUZHOU WUZHONG HENGXUN ASSET MANAGEMENT,SUZHOU WUZHONG HENGXUN ASSET MANAGEMENT,57967014,0,0,0,0.000194677196358168
NEW WORLD FINANCE,NEW WORLD FINANCE,706568517,0,0,0,0.00020409763772734
TRANSURBAN QUEENSLAND FINANCE PTY,TRANSURBAN QUEENSLAND FINANCE PTY,900391357,0,0,0,0.000537171478930846
KOMATSU FINANCE AMERICA,KOMATSU FINANCE AMERICA,1e+09,0,0,0.0528290641444091,0.000213165850523121
BLUE OWL,BLUE OWL,9.36e+09,0,0,0.179654882161309,0.000461426836438719
FINANCIERE GROUPE PEGASE,FINANCIERE GROUPE PEGASE,5208496,0,0,0,0.000198507693444848
SEGM HEMERA,SEGM HEMERA,11458690,0,0,0,0.000199768949733569
SEMBCORP FINANCIAL SERVICES PTE,SEMBCORP FINANCIAL SERVICES PTE,964316955,0,0,0,0.000216788871095442
SONA COMPANY PTE,SONA COMPANY PTE,3.3e+08,0,0,0.012203513805155,0.000386306431330829
FINANCIERE AGORA SAS,FINANCIERE AGORA SAS,78127442,0,0,0,0.000196656357805777
GENERALFINANCE SPA,GENERALFINANCE SPA,138545994,0,0,0,0.00124829618212504
MACQUARIE ASSET MANAGEMENT PTY,MACQUARIE ASSET MANAGEMENT PTY,918310875,0,0,0.00123816827055355,0.00052844355175125
GEELY SWEDEN FINANCIALS AB,GEELY SWEDEN FINANCIALS AB,2083398432,0,0,0,0.000803006598998085
WHEELOCK FINANCE,WHEELOCK FINANCE,475327913,0,0,0,0.000221358911483061
AGORE KIINTEISTOT KY,AGORE KIINTEISTOT KY,114203308,0,0,0,0.000204742019907991
MILLSTREAM SL,MILLSTREAM SL,18333906,0,0,0,0.000197804350643177
PAYPAL HOLDINGS,PAYPAL HOLDINGS,5387747187,0,0,0.147733688605657,0.000267975473809294
FOSUN INDUSTRIAL,FOSUN INDUSTRIAL,639590822,0,0,0,0.000384895940631797
BIG ADVANCE,BIG ADVANCE,127500000,0,0,0,0.000379507408111694
SCENTRE MANAGEMENT,SCENTRE MANAGEMENT,939397487,0,0,0,0.000265482916068986
TRADELANE PROPERTIES US INDUSTRIAL FUND II LP,TRADELANE PROPERTIES US INDUSTRIAL FUND II LP,1e+08,0,0,0,0.000305833760256738
US REAL ESTATE INVESTMENT FUND REIT,US REAL ESTATE INVESTMENT FUND REIT,4.5e+08,0,0,0,0.00027913733781739
SWEETWATER FRANCHISE GROUP,SWEETWATER FRANCHISE GROUP,5e+07,0,0,0,0.000363337736198373
AQ SAGE BUYER,AQ SAGE BUYER,3.06e+08,0,0,0,0.000210341198937425
ADVENT INTERNATIONAL GPE IX LP,ADVENT INTERNATIONAL GPE IX LP,3e+09,0,0,0,0.000264380103351822
MILLENNIUM MOOVE,MILLENNIUM MOOVE,450000001,0,0,0.0424409287815572,0.000198330248797407
HWABAO FINANCE LEASING,HWABAO FINANCE LEASING,301290458,0,0,0,0.000332692964418384
CHAILEASE INTERNATIONAL FINANCIAL SERVICE,CHAILEASE INTERNATIONAL FINANCIAL SERVICE,1e+08,0,0,0,0.000194758683378403
PRIVATE DEBT INVESTORS FEEDER BORROWER II,PRIVATE DEBT INVESTORS FEEDER BORROWER II,500000001,0,0,0,0.000372852506483469
YIXING DINGSHU GENERAL AVIATION INDUSTRIAL PARK DEVELOPMENT,YIXING DINGSHU GENERAL AVIATION INDUSTRIAL PARK DEVELOPMENT,103512526,0,0,0,0.000218395052198795
RMHSLB INVESTMENTS 1,RMHSLB INVESTMENTS 1,155000001,0,0,0,0.000247368419154165
FPA WHITEHAWK III PLUS MASTER FUND LP,FPA WHITEHAWK III PLUS MASTER FUND LP,5e+07,0,0,0,0.000219867655126437
ARROWMARK FINANCIAL,ARROWMARK FINANCIAL,69999999,0,0,0,0.000296278832668987
MANCHESTER AIRPORT GROUP FINANCE,MANCHESTER AIRPORT GROUP FINANCE,739329840,0,0,0,0.000231127428118978
TABCORP FINANCE PTY,TABCORP FINANCE PTY,617596962,0,0,0.0119309141318261,0.000205549851604459
LK FINANCE PTY,LK FINANCE PTY,617596962,0,0,0,0.000204595433575828
APOLLO A1,APOLLO A1,132999999,0,0,0,0.000206087434488711
500 CARE LANE NM,500 CARE LANE NM,112500000,0,0,0,0.000273068219858823
CHOLAMANDALAM INVESTMENT AND FINANCE COMPANY,CHOLAMANDALAM INVESTMENT AND FINANCE COMPANY,4.5e+08,0,0,0,0.000205064334696132
QINGDAO CHENGTONG INTEGRATION INVESTMENT,QINGDAO CHENGTONG INTEGRATION INVESTMENT,400248431,0,0,0,0.000209099156610335
INSPIRA FINANCIAL TRUST,INSPIRA FINANCIAL TRUST,3.29e+09,0,0,0,0.000823736077410262
INVENERGY RENEWABLES FINANCE GLOBAL,INVENERGY RENEWABLES FINANCE GLOBAL,7.5e+08,0,0,0,0.000203533321085669
W2W FINANCE,W2W FINANCE,118999999,0,0,0,0.000198727359866618
KOTAK MAHINDRA BANK,KOTAK MAHINDRA BANK,100000001,0,0,0,0.000226237075298827
GARDA DIVERSIFIED PROPERTY FUND,GARDA DIVERSIFIED PROPERTY FUND,182028578,0,0,0,0.000361018751633726
MESIROW FINANCIAL,MESIROW FINANCIAL,7.5e+07,0,0,0,0.000243865812814624
TUDOR GROUP HOLDINGS,TUDOR GROUP HOLDINGS,2.05e+08,0,0,0.0158395885515358,0.000196253519979951
ALIDADE CAPITAL FUND IV LP,ALIDADE CAPITAL FUND IV LP,129300000,0,0,0,0.000202551420437626
FINANCIERE DU VERN SAS,FINANCIERE DU VERN SAS,7291893,0,0,0,0.000367478232693941
TIKAL RE FUND,TIKAL RE FUND,104169922,0,0,0,0.000202291386177673
BANK TABUNGAN NEGARA TBK PT,BANK TABUNGAN NEGARA TBK PT,1e+08,0,0,0,0.000303549347271758
ASTRA SEDAYA FINANCE PT,ASTRA SEDAYA FINANCE PT,6.2e+08,0,0,0.0118337103565139,0.000440147756659232
NMB BANK,NMB BANK,2.5e+07,0,0,0,0.000195366450148804
MINISTERE DE LECONOMIE ET DES FINANCES DU BENIN,MINISTERE DE LECONOMIE ET DES FINANCES DU BENIN,154171485,0,0,0,0.000194970290238866
HOTAI FINANCE,HOTAI FINANCE,1958189199,0,0,0,0.000650378797557926
CITATION OIL GAS,CITATION OIL GAS,3000000003,0,0,0,0.000775940109081738
HERITAGE GROUP,HERITAGE GROUP,8e+08,0,0,0,0.000199410735369911
FISERV,FISERV,6000000006,0,0,0.100855486093872,0.000464534631111133
FAROPOINT INDUSTRIAL VALUE FUND III LP,FAROPOINT INDUSTRIAL VALUE FUND III LP,5.3e+08,0,0,0,0.000244278416912788
ZHANGJIAGANG BINJIANG NEW TOWN INVESTMENT DEVELOPMENT,ZHANGJIAGANG BINJIANG NEW TOWN INVESTMENT DEVELOPMENT,121454696,0,0,0,0.000196479003271152
MERLONE GEIER PARTNERS FUND XIII,MERLONE GEIER PARTNERS FUND XIII,1e+08,0,0,0,0.000195403922809011
PISA ACQUISITION FINANCE PTY,PISA ACQUISITION FINANCE PTY,1961492793,0,0,0,0.000305443383162358
KKY,KKY,1059924448,0,0,0,0.000324979016173151
JIANGSU JINXI INVESTMENT,JIANGSU JINXI INVESTMENT,496860120,0,0,0,0.000202376533133307
SHANGHAI CAOHEJING BEIYANG ARTIFICIAL INTELLIGENCE TOWN DEVELOPMENT,SHANGHAI CAOHEJING BEIYANG ARTIFICIAL INTELLIGENCE TOWN DEVELOPMENT,197363881,0,0,0,0.000197414374003981
NORTHERNPATHWAYS FINANCE PTY,NORTHERNPATHWAYS FINANCE PTY,458321958,0,0,0,0.00020558724652358
ILLUMINE FINCO,ILLUMINE FINCO,162500000,0,0,0,0.000327063525542619
CORPAY,CORPAY,6957000003,0,0,0.0642785283785951,0.000295633782064919
CONTINENTAL 659 FUND,CONTINENTAL 659 FUND,50268750,0,0,0,0.000227506362039913
CHANGZHOU KANGHUI INVESTMENT DEVELOPMENT,CHANGZHOU KANGHUI INVESTMENT DEVELOPMENT,207025050,0,0,0,0.000359858614325711
REALTY VALUE FUND XI LP,REALTY VALUE FUND XI LP,549999999,0,0,0,0.000199014630567141
VIET NAM INTERNATIONAL COMMERCIAL JOINT STOCK BANK,VIET NAM INTERNATIONAL COMMERCIAL JOINT STOCK BANK,724999999,0,0,0.00677595623151352,0.00063930777631886
PRIME PROPERTY FUND,PRIME PROPERTY FUND,2e+08,0,0,0,0.000196508957532319
FINANCIERE MEDIASCIENCE SAS,FINANCIERE MEDIASCIENCE SAS,15625488,0,0,0,0.000213168355544823
COSTA GROUP HOLDINGS PTY,COSTA GROUP HOLDINGS PTY,422566343,0,0,0,0.000246320311449797
MARTELLO RE HOLDINGS LIMITED,MARTELLO RE HOLDINGS LIMITED,6.6e+08,0,0,0,0.000201707209920675
RIVER FUEL FUNDING COMPANY 3,RIVER FUEL FUNDING COMPANY 3,1.2e+08,0,0,0,0.000196057603434382
COIMA SGR SPA,COIMA SGR SPA,660853985,0,0,0,0.000369565684242749
UNION BESITZ HOLDING GMBH KG,UNION BESITZ HOLDING GMBH KG,62501954,0,0,0,0.000404546770344092
SANIMA BANK,SANIMA BANK,2e+07,0,0,0,0.00019514398710974
CHONGZHOU CHONGXING INVESTMENT,CHONGZHOU CHONGXING INVESTMENT,48305845,0,0,0,0.000359484124750198
CMTG FUNDING II,CMTG FUNDING II,1.5e+08,0,0,0,0.000194845450677716
ANEMOI BIDCO,ANEMOI BIDCO,93752928,0,0,0,0.000195975250793675
DEAS PROPERTY FUND FINLAND I KY,DEAS PROPERTY FUND FINLAND I KY,168651573,0,0,0,0.000251637508732772
DRA GROWTH INCOME FUND X,DRA GROWTH INCOME FUND X,1.88e+08,0,0,0,0.000196118630057362
ALLEGRO FUNDS PTY,ALLEGRO FUNDS PTY,256652552,0,0,0,0.000293094417558609
BRIGHTMORE BRANDS,BRIGHTMORE BRANDS,1.58e+08,0,0,0,0.000259097340594753
SORMANO INVESTMENT HOLDINGS PTE,SORMANO INVESTMENT HOLDINGS PTE,3.75e+08,0,0,0,0.00020550695020767
JACCS MITRA PINASTHIKA MUSTIKA FINANCE INDONESIA PT,JACCS MITRA PINASTHIKA MUSTIKA FINANCE INDONESIA PT,229959940,0,0,0,0.00046766918182778
AHLI UNITED BANK BSCC,AHLI UNITED BANK BSCC,1899999999,0,0,0.0260620654679006,0.000951820135746092
BROOKFIELD,BROOKFIELD,2666310275,0,0,0.0964195512663086,0.000235583337814914
BRISTOL BAY NATIVE,BRISTOL BAY NATIVE,3.5e+08,0,0,0,0.00036101285484872
LV2M INVESTISSEMENT,LV2M INVESTISSEMENT,11458692,0,0,0,0.00019432686326395
ARCHERY DEVELOPMENT SAS,ARCHERY DEVELOPMENT SAS,5568924,0,0,0,0.000194365694218834
EMMES BLOCKER,EMMES BLOCKER,409999999,0,0,0,0.000274734999722582
ALLERAY GROUPE SAS,ALLERAY GROUPE SAS,11458691,0,0,0,0.000200645787409869
PLASTEM SAS,PLASTEM SAS,9375294,0,0,0,0.000207483997620022
FIRST AGRI HOLDINGS TAIWAN,FIRST AGRI HOLDINGS TAIWAN,64617177,0,0,0,0.00021021874963965
PERENTI FINANCE PTY,PERENTI FINANCE PTY,243788272,0,0,0,0.000620300591785156
TERRAGRO INTERNATIONAL,TERRAGRO INTERNATIONAL,3.5e+08,0,0,0,0.000195460231863063
TRIDENT ENERGY FINANCE,TRIDENT ENERGY FINANCE,5.65e+08,0,0,0.0441372217705797,0.000346405934884509
LANDMARK ACQUISITION FUND 35 AMAZON 2 LP,LANDMARK ACQUISITION FUND 35 AMAZON 2 LP,8.5e+07,0,0,0,0.00020150568326252
GENERATE CAPITAL PBC,GENERATE CAPITAL PBC,1098499999,0,0,0.00643195179705278,0.0002267831655501
EXAIL HOLDING SAS,EXAIL HOLDING SAS,244799318,0,0,0,0.000333007877968714
ONEAMERICA FINANCIAL PARTNERS,ONEAMERICA FINANCIAL PARTNERS,2e+08,0,0,0.0191389939246655,0.000197976810570555
CASTLE PACIFIC,CASTLE PACIFIC,244087304,0,0,0,0.000218895194511213
BK PARTNERS GROUP SAS,BK PARTNERS GROUP SAS,30313446,0,0,0,0.000205402085202343
TRUSTAGE FINANCIAL GROUP,TRUSTAGE FINANCIAL GROUP,1.2e+09,0,0,0,0.000229537780790833
AHAM ASSET MANAGEMENT BHD,AHAM ASSET MANAGEMENT BHD,154535275,0,0,0,0.000367456033627906
KONECRANES FINANCE OY,KONECRANES FINANCE OY,416679686,0,0,0,0.000311041474393613
AADHAR HOUSING FINANCE,AADHAR HOUSING FINANCE,9e+07,0,0,0,0.000217886219896096
URBAN FUND III LP,URBAN FUND III LP,35700000,0,0,0,0.000209303780556104
DW LSP 550 TF,DW LSP 550 TF,3.06e+08,0,0,0,0.00019841697455259
TAISHIN FINANCIAL LEASING CHINA,TAISHIN FINANCIAL LEASING CHINA,89710856,0,0,0,0.000212613566081662
PING AN INTERNATIONAL FINANCIAL LEASING TIANJIN,PING AN INTERNATIONAL FINANCIAL LEASING TIANJIN,807701331,0,0,0,0.000272096068162574
WOODSIDE FINANCE,WOODSIDE FINANCE,3000000003,0,0,0,0.000514071629174328
AVRIL,AVRIL,718772464,0,0,0,0.000248352837265169
SPHERECOMMERCE,SPHERECOMMERCE,87500000,0,0,0,0.000195517075031836
QINGDAO DONGAN INVESTMENT DEVELOPMENT,QINGDAO DONGAN INVESTMENT DEVELOPMENT,91091022,0,0,0,0.000359585074113882
FUNDACIO PRIVADA HOSPITAL ASIL DE GRANOLLERS,FUNDACIO PRIVADA HOSPITAL ASIL DE GRANOLLERS,8854443,0,0,0,0.000194673673263868
BANK SAHABAT SAMPOERNA PT,BANK SAHABAT SAMPOERNA PT,37824810,0,0,0,0.000204186125207464
AVANTAGE,AVANTAGE,30875965,0,0,0,0.000194429299282658
DOCOON INVEST SAS,DOCOON INVEST SAS,4166797,0,0,0,0.000194337606162461
FCE BANK,FCE BANK,864639980,0,0,0.035558948454911,0.000252035791877421
FLAGSHIP HEALTHCARE OPERATING PARTNERSHIP LP,FLAGSHIP HEALTHCARE OPERATING PARTNERSHIP LP,264999999,0,0,0,0.000309152725387992
PT INDOMOBIL FINANCE INDONESIA,PT INDOMOBIL FINANCE INDONESIA,727000001,0,0,0,0.00177592686111864
ADD HOLDING SAS,ADD HOLDING SAS,12437890,0,0,0,0.000221804430653529
POVATAJ CONSTRUCTIONS SAS,POVATAJ CONSTRUCTIONS SAS,23438231,0,0,0,0.000212778948491365
RENAISSANCE FINANCIERE SAS,RENAISSANCE FINANCIERE SAS,766245000,0,0,0.0920084856007927,0.000286035937367518
SYNCHRONY FINANCIAL,SYNCHRONY FINANCIAL,499999998,0,0,0.0308169539301539,0.000197248317434128
KK TK HOLDINGS,KK TK HOLDINGS,9952180,0,0,0,0.000199142777886681
ACCORD FINANCIAL,ACCORD FINANCIAL,312231762,0,0,0,0.00020539481498088
ALTICE FINANCING,ALTICE FINANCING,166671874,0,0,0,0.000195837845166641
HEYUN INTERNATIONAL FINANCIAL LEASING,HEYUN INTERNATIONAL FINANCIAL LEASING,534124630,0,0,0,0.000481393681050778
FINANCIERE MONT BLANC SAS,FINANCIERE MONT BLANC SAS,31250977,0,0,0,0.000218741963128557
JSPC1 KK,JSPC1 KK,35543493,0,0,0,0.000579521159320814
FINANCIERE SDH,FINANCIERE SDH,291675784,0,0,0,0.000379432903965513
STOCKBRIDGE NICHE LOGISTICS FUND OP LP,STOCKBRIDGE NICHE LOGISTICS FUND OP LP,2e+08,0,0,0,0.000197072962785772
ALMAZORA ACQUISITIONS SLU,ALMAZORA ACQUISITIONS SLU,401054200,0,0,0,0.000249317145422014
BARINGS CORE PROPERTY FUND REIT II,BARINGS CORE PROPERTY FUND REIT II,5e+08,0,0,0,0.000198822982499077
BRP BESS HOLDINGS,BRP BESS HOLDINGS,160924784,0,0,0,0.000195532692743789
COIMA OPPORTUNITY LORENZINI FUND,COIMA OPPORTUNITY LORENZINI FUND,88023584,0,0,0,0.0002533607021064
TANNER SERVICIOS FINANCIEROS,TANNER SERVICIOS FINANCIEROS,2.88e+08,0,0,0,0.000962719558335985
FRESHWORLD HOLDING IV GMBH,FRESHWORLD HOLDING IV GMBH,208339840,0,0,0.00301857630568914,0.000197737535031421
CENTURIA NZ INDUSTRIAL FUND,CENTURIA NZ INDUSTRIAL FUND,67079645,0,0,0,0.000208559776563794
TOUAX CONTAINERS ASSET FINANCE,TOUAX CONTAINERS ASSET FINANCE,100500000,0,0,0,0.000224284505572632
MILAN TROPHY RE FUND 4,MILAN TROPHY RE FUND 4,160942530,0,0,0,0.000212182602810361
DISA DESARROLLO SOSTENIBLE SL,DISA DESARROLLO SOSTENIBLE SL,147133557,0,0,0,0.000197174544479395
UNIKAL TECH PARTNERS SL,UNIKAL TECH PARTNERS SL,45834765,0,0,0,0.00022379418527837
CARRUM ASSET FINANCE GMBH,CARRUM ASSET FINANCE GMBH,218756836,0,0,0,0.000208933532962414
TATA CAPITAL FINANCIAL SERVICES,TATA CAPITAL FINANCIAL SERVICES,2.7e+08,0,0,0,0.000232136437305627
COMMERCIAL BANK OF KUWAIT KPSC,COMMERCIAL BANK OF KUWAIT KPSC,3.71e+08,0,0,0,0.00032215213476589
STONEPEAK PARTNERS LP,STONEPEAK PARTNERS LP,914057153,0,0,0,0.000213951420352396
TAIPING SINOPEC FINANCIAL LEASING,TAIPING SINOPEC FINANCIAL LEASING,160000001,0,0,0,0.000325786004515187
CHARTER DW WATTERS CREEK VILLAGE,CHARTER DW WATTERS CREEK VILLAGE,89856249,0,0,0,0.000529239663621961
AMB CANADA INVESTMENTS,AMB CANADA INVESTMENTS,214592275,0,0,0,0.000201675161733772
FLOATING INFRASTRUCTURE HOLDINGS FINANCE,FLOATING INFRASTRUCTURE HOLDINGS FINANCE,6e+07,0,0,0.00720656653645874,0.000215336060288106
ARTISAN PARTNERS HOLDINGS LP,ARTISAN PARTNERS HOLDINGS LP,499999999,0,0,0.0594832812109112,0.000198249959576748
AMTRUST FINANCIAL SERVICES,AMTRUST FINANCIAL SERVICES,1300000002,0,0,0,0.000220800157803717
GLOBAL PAYMENTS,GLOBAL PAYMENTS,5749999998,0,0,0.0740523021255604,0.000294889762776842
BASKETBALL FUNDING,BASKETBALL FUNDING,1576218000,0,0,0.0343867516746792,0.000343720037255902
ARGOS NORTH AMERICA,ARGOS NORTH AMERICA,749999999,0,0,0,0.000205104998812263
CHARTER HALL AUSTRALIAN CONVENIENCE RETAIL FINANCE PTY,CHARTER HALL AUSTRALIAN CONVENIENCE RETAIL FINANCE PTY,292545930,0,0,0,0.000254136983406871
GUOYAO RONGHUI FINANCIAL LEASING,GUOYAO RONGHUI FINANCIAL LEASING,376095511,0,0,0,0.000404110896993078
ES 1B FINANCE,ES 1B FINANCE,9.59e+08,0,0,0,0.000278569852165671
CCCC FINANCIAL LEASING,CCCC FINANCIAL LEASING,151818370,0,0,0,0.000212589133736668
EXPORTIMPORT BANK OF KOREA,EXPORTIMPORT BANK OF KOREA,1086044910,0,0,0,0.000291596062013583
GUANGXI HERUI EDUCATION INVESTMENT,GUANGXI HERUI EDUCATION INVESTMENT,181629977,0,0,0,0.000195225893454485
NIPPON BUILDING FUND,NIPPON BUILDING FUND,258498129,0,0,0,0.000767042792505658
WISE PAYMENTS,WISE PAYMENTS,375930427,0,0,0.0271902822163285,0.00021254367963774
PRESTIGE CAPITAL FINANCE,PRESTIGE CAPITAL FINANCE,70000001,0,0,0,0.000241658132735535
SANTOS FINANCE,SANTOS FINANCE,1849999998,0,0,0.0513650005776665,0.00035892395161841
DRAGONFLY FINANCIAL TECHNOLOGIES,DRAGONFLY FINANCIAL TECHNOLOGIES,57500001,0,0,0,0.000205294547508445
EQT INFRASTRUCTURE V FUND,EQT INFRASTRUCTURE V FUND,594843390,0,0,0.0169650297407287,0.000278907333734507
BANISTMO,BANISTMO,320000001,0,0,0.0307412360170005,0.000332622474655764
CARMEL PARTNERS INVESTMENT FUND VII LP,CARMEL PARTNERS INVESTMENT FUND VII LP,399999999,0,0,0,0.000314714645321593
BOLT ENERGY FINANCECO,BOLT ENERGY FINANCECO,594999995,0,0,0,0.00022387557979968
MCCAIN CAPITAL,MCCAIN CAPITAL,350500712,0,0,0,0.000234034672599766
VISTA EQUITY PARTNERS FUND VIII LP,VISTA EQUITY PARTNERS FUND VIII LP,2569999998,0,0,0,0.000218695829966365
KK OE HOLDINGS,KK OE HOLDINGS,208853561,0,0,0,0.000228464295822853
1364720 BC,1364720 BC,132331903,0,0,0,0.000201211101589685
JAPAN FINANCE ORGANIZATION FOR MUNICIPALITIES,JAPAN FINANCE ORGANIZATION FOR MUNICIPALITIES,1660850461,0,0,0,0.00131759747132435
AL RAJHI BANKING AND INVESTMENT CORPORATION SJSC,AL RAJHI BANKING AND INVESTMENT CORPORATION SJSC,5221000001,0,0,0.284402866354818,0.00168078759939971
GID MAINSTAY FUND AGGREGATOR,GID MAINSTAY FUND AGGREGATOR,3.5e+08,0,0,0,0.000245733007085413
MIKAWAYA HOLDINGS,MIKAWAYA HOLDINGS,8.5e+07,0,0,0,0.00036073706962047
CANARY WHARF FINANCE,CANARY WHARF FINANCE,125310144,0,0,0.00936227764966747,0.000195522497695101
MCCAIN FINANCE,MCCAIN FINANCE,603130796,0,0,0.0370588271406007,0.000203059648721753
YUNNAN ENERGY INVESTMENT H K,YUNNAN ENERGY INVESTMENT H K,289821813,0,0,0,0.00023472537668762
FORD FINANCIAL LEASING SHANGHAI,FORD FINANCIAL LEASING SHANGHAI,69008350,0,0,0,0.000233227011988592
WENZHOU LONGWAN DISTRICT ZHENXIN INVESTMENT,WENZHOU LONGWAN DISTRICT ZHENXIN INVESTMENT,262231730,0,0,0,0.000196339675508116
LONGPOINT REALTY FUND II LP,LONGPOINT REALTY FUND II LP,448400000,0,0,0,0.000245930655439786
PLUTUS BIDCO,PLUTUS BIDCO,545099121,0,0,0,0.00032837740440319
SEASHELL BIDCO SL,SEASHELL BIDCO SL,239590821,0,0,0,0.000224159378761255
GMO FINANCIAL HOLDINGS,GMO FINANCIAL HOLDINGS,169962518,0,0,0,0.000197799715483676
BAIRD FINANCIAL,BAIRD FINANCIAL,1239999997,0,0,0,0.000500377399905607
TRIPLE FLAG INTERNATIONAL,TRIPLE FLAG INTERNATIONAL,5e+08,0,0,0,0.000201418562183242
VITERRA USA FINANCE,VITERRA USA FINANCE,2500000005,0,0,0,0.000546733231044933
STEWARD PARTNERS GLOBAL ADVISORY,STEWARD PARTNERS GLOBAL ADVISORY,1.4e+08,0,0,0.0179080818950132,0.000281325163267588
BANCO CONSORCIO,BANCO CONSORCIO,85499999,0,0,0.00579033950162168,0.000223393019213729
PRIMALEND CAPITAL PARTNERS LP,PRIMALEND CAPITAL PARTNERS LP,3.6e+08,0,0,0,0.000653515299483535
BFI FINANCE INDONESIA TBK PT,BFI FINANCE INDONESIA TBK PT,250819159,0,0,0,0.0013921950129813
KINGSETT CANADIAN REAL ESTATE INCOME FUND LP,KINGSETT CANADIAN REAL ESTATE INCOME FUND LP,3.84e+08,0,0,0,0.000198771562052097
NORMAN BISSETT AND ASSOCIATES GROUP,NORMAN BISSETT AND ASSOCIATES GROUP,33145509,0,0,0.00447258874741884,0.000373748500037969
MERCEDESBENZ FINANCE,MERCEDESBENZ FINANCE,84011889,0,0,0,0.000732334940754788
ONTARI HOLDINGS,ONTARI HOLDINGS,272746780,0,0,0,0.000209501426893285
CCCC FINANCE LEASING GUANGZHOU,CCCC FINANCE LEASING GUANGZHOU,41405010,0,0,0,0.000197802028080342
SAI GON HA NOI COMMERCIAL JOINT STOCK BANK,SAI GON HA NOI COMMERCIAL JOINT STOCK BANK,3.15e+08,0,0,0.00370371163717649,0.000325552798326411
PATRIM ONE HOLDING SAS,PATRIM ONE HOLDING SAS,28646728,0,0,0,0.000237190238179656
EMERALD ENERGY FINANCE PTY,EMERALD ENERGY FINANCE PTY,44759528,0,0,0,0.000194983550908248
WPH CRANBOURNE INVESTMENTS PTY,WPH CRANBOURNE INVESTMENTS PTY,107266842,0,0,0,0.000216430511522462
VANGUARD GROUP,VANGUARD GROUP,1.5e+09,0,0,0.138676293240397,0.000206715938523526
CK HUTCHISON GROUP TELECOM FINANCE,CK HUTCHISON GROUP TELECOM FINANCE,1354208986,0,0,0.0229984020470731,0.000545723624535147
SOUTHEAST ASIA COMMERCIAL JOINT STOCK BANK,SOUTHEAST ASIA COMMERCIAL JOINT STOCK BANK,1.75e+08,0,0,0,0.000218396799853606
LENDLEASE EUROPE FINANCE,LENDLEASE EUROPE FINANCE,501240575,0,0,0,0.000210257350179241
SHERIDAN INVESTMENT PARTNERS 3 LP,SHERIDAN INVESTMENT PARTNERS 3 LP,38335000,0,0,0,0.000204416594088056
GEOTEK HOLDINGS,GEOTEK HOLDINGS,2.6e+07,0,0,0,0.00020886085593485
JONES FINANCIAL COMPANIES LLLP,JONES FINANCIAL COMPANIES LLLP,500000004,0,0,0.0166330436245209,0.000333571512285027
BEST PROSPER INVESTMENT,BEST PROSPER INVESTMENT,200922393,0,0,0,0.000204177730591432
SKIN ARTISTS SAS,SKIN ARTISTS SAS,20833984,0,0,0,0.000236117309711127
HOUSING DEVELOPMENT FINANCE CORPORATION,HOUSING DEVELOPMENT FINANCE CORPORATION,1100000003,0,0,0,0.000362895010389777
MANNING NAPIER,MANNING NAPIER,120000001,0,0,0,0.000196469641351093
CALIENGER HOLDINGS,CALIENGER HOLDINGS,1.9e+08,0,0,0.0155673012750323,0.00119287025600932
CHICAGO PACIFIC FOUNDERS FUND III LP,CHICAGO PACIFIC FOUNDERS FUND III LP,1.95e+08,0,0,0,0.000201104122867543
FORTEGRA FINANCIAL,FORTEGRA FINANCIAL,199999998,0,0,0,0.000230538460440418
BDT CAPITAL PARTNERS FUND 4 LP,BDT CAPITAL PARTNERS FUND 4 LP,974999999,0,0,0,0.000209189571029336
PEERMONT GLOBAL INVESTMENT,PEERMONT GLOBAL INVESTMENT,238647663,0,0,0.0329212479737045,0.000275295390571962
EURONET WORLDWIDE,EURONET WORLDWIDE,1250000004,0,0,0,0.000254366155371444
SCIENCE CITY GZ FINANCIAL LEASING,SCIENCE CITY GZ FINANCIAL LEASING,98983508,0,0,0,0.000213232867772537
EDGECONNEX PAN EUROPEAN FINANCE BV,EDGECONNEX PAN EUROPEAN FINANCE BV,2844984733,0,0,0,0.000579297442781352
AIRE INVESTMENTS BIDCO SL,AIRE INVESTMENTS BIDCO SL,302092772,0,0,0.0693196194968849,0.00026123646360598
EXTE TECHNOLOGIES SL,EXTE TECHNOLOGIES SL,81252539,0,0,0,0.000398791014115492
AEON FINANCIAL SERVICE,AEON FINANCIAL SERVICE,58162078,0,0,0,0.000360017550590412
APEX ENERGY INTERMEDIATE HOLDINGS,APEX ENERGY INTERMEDIATE HOLDINGS,349999999,0,0,0,0.000284372244028203
CITCO FUNDING,CITCO FUNDING,1544879000,0,0,0.0463645909296572,0.000224045376038879
PZENA INVESTMENT MANAGEMENT,PZENA INVESTMENT MANAGEMENT,2e+08,0,0,0,0.00020062771404138
OHIO EQUITY FUND GP 32A,OHIO EQUITY FUND GP 32A,5e+07,0,0,0,0.000196101845682891
SOLINA GROUP SERVICES,SOLINA GROUP SERVICES,3.2e+08,0,0,0,0.000206427530263743
NORTHLEAF CAPITAL PARTNERS,NORTHLEAF CAPITAL PARTNERS,527887633,0,0,0,0.00021834045745832
SAUDI UNITED INVESTMENT,SAUDI UNITED INVESTMENT,20000000009,0,0,0.716863376865808,0.000569016682121795
RETTIG OY AB,RETTIG OY AB,104169920,0,0,0,0.000223362953206766
SKANSKA FINANCIAL SERVICES AB,SKANSKA FINANCIAL SERVICES AB,520849609,0,0,0,0.000229176802618955
GROUPE ALLIANCE ECONOMIE SAS,GROUPE ALLIANCE ECONOMIE SAS,7062720,0,0,0,0.000195199514063984
FRONTIER 20 HOLDINGS,FRONTIER 20 HOLDINGS,220579999,0,0,0,0.000209035319196892
PROSE MORENO VALLEY OWNER,PROSE MORENO VALLEY OWNER,88104999,0,0,0,0.000416429955126617
CIMC FINANCIAL LEASING HONG KONG,CIMC FINANCIAL LEASING HONG KONG,1362673999,0,0,0,0.000854596250884426
OTR PROJECT INVESTORS,OTR PROJECT INVESTORS,6.4e+07,0,0,0,0.000205222945256645
BRAVO HOLDCO MEXICO S DE RL DE CV,BRAVO HOLDCO MEXICO S DE RL DE CV,544999999,0,0,0,0.000205265727095569
CSRA OPPORTUNITY ZONE FUND VI OWNER,CSRA OPPORTUNITY ZONE FUND VI OWNER,8e+07,0,0,0,0.000239263937879196
GLAZER INVESTMENTS,GLAZER INVESTMENTS,50000001,0,0,0,0.000244374258007883
SILVER POINT SPECIALTY CREDIT III MASTER FUND LP,SILVER POINT SPECIALTY CREDIT III MASTER FUND LP,1.8e+08,0,0,0,0.000302924032668871
RUGAO GAOHUI CONSTRUCTION INVESTMENT,RUGAO GAOHUI CONSTRUCTION INVESTMENT,110413360,0,0,0,0.000205024469467215
ALIPAY HONG KONG HOLDING,ALIPAY HONG KONG HOLDING,2999999996,0,0,0.0863234713320907,0.000385894903503923
OAKTREE REAL ESTATE INCOME FUND HOLDCO I,OAKTREE REAL ESTATE INCOME FUND HOLDCO I,4.75e+08,0,0,0,0.000248024623365588
RC YORKVILLE LP,RC YORKVILLE LP,293276106,0,0,0,0.000198797906298849
CHANGSHU JIANGNAN YUJU ASSET MANAGEMENT,CHANGSHU JIANGNAN YUJU ASSET MANAGEMENT,79083568,0,0,0,0.000194905768643043
AFFILIATED MANAGERS GROUP,AFFILIATED MANAGERS GROUP,1600000003,0,0,0.0851613045139926,0.000215728493401156
ORIENT COMMERCIAL JOINT STOCK BANK,ORIENT COMMERCIAL JOINT STOCK BANK,1e+08,0,0,0,0.000198703395734763
LIBERTY PURCHASER,LIBERTY PURCHASER,399999999,0,0,0,0.000340519328101657
INVESTCORP HOLDINGS CLOSED BSC,INVESTCORP HOLDINGS CLOSED BSC,4.4e+08,0,0,0,0.00049151436869039
PERPETUAL,PERPETUAL,1712152664,0,0,0.418397438202936,0.000558133796442536
ALPHA TRAINS FINANCE,ALPHA TRAINS FINANCE,1367751077,0,0,0,0.000298404522633906
WATKINS ASSOCIATED INDUSTRIES,WATKINS ASSOCIATED INDUSTRIES,1.4e+08,0,0,0,0.000210251157823935
GOLDEN PLAINS WF1 FINANCE PTY,GOLDEN PLAINS WF1 FINANCE PTY,1053165349,0,0,0,0.000456904007373461
BOCOM FINANCIAL LEASING,BOCOM FINANCIAL LEASING,664999999,0,0,0,0.000606239797119897
M FINANCE,M FINANCE,208339844,0,0,0,0.000204802562384697
MADISON RESOURCE FUNDING,MADISON RESOURCE FUNDING,1.2e+08,0,0,0,0.000315295444403277
HART LEGACY,HART LEGACY,4e+07,0,0,0,0.000361709903421159
BANCO GUAYAQUIL,BANCO GUAYAQUIL,89000002,0,0,0,0.000711910952590017
VIETNAM MARITIME COMMERCIAL JOINT STOCK BANK,VIETNAM MARITIME COMMERCIAL JOINT STOCK BANK,1e+08,0,0,0,0.00019521792316746
FAR TRUST INTERNATIONAL FINANCE,FAR TRUST INTERNATIONAL FINANCE,40692852,0,0,0,0.00023054851370847
HENAN LANYUAN EXPRESSWAY DONGBATOU YELLOW RIVER BRIDGE INVESTMENT MANAGEMENT,HENAN LANYUAN EXPRESSWAY DONGBATOU YELLOW RIVER BRIDGE INVESTMENT MANAGEMENT,772893520,0,0,0,0.000203584537155523
FRASERS PROPERTY HOLDINGS THAILAND,FRASERS PROPERTY HOLDINGS THAILAND,72632190,0,0,0,0.00036043570534435
GUANGZHOU ZHIDU INVESTMENT HOLDING GROUP,GUANGZHOU ZHIDU INVESTMENT HOLDING GROUP,136454350,0,0,0,0.000196484816212403
CONCESSOC 31,CONCESSOC 31,458310866,0,0,0,0.000363063393474877
DREAM ASSET MANAGEMENT,DREAM ASSET MANAGEMENT,389842629,0,0,0,0.000255033874287114
CHAILEASE INTERNATIONAL FINANCIAL SERVICES LIBERIA,CHAILEASE INTERNATIONAL FINANCIAL SERVICES LIBERIA,88655000,0,0,0,0.000202823295599423
TERRAVET REAL ESTATE FUND III LP,TERRAVET REAL ESTATE FUND III LP,50000001,0,0,0,0.00020336027804477
NEWQUEST ASIA FUND V LP,NEWQUEST ASIA FUND V LP,7.5e+07,0,0,0,0.000210452739217609
BASALT INFRASTRUCTURE PARTNERS LLP,BASALT INFRASTRUCTURE PARTNERS LLP,491897281,0,0,0,0.000556511791589109
SOUTHERN SUN INVESTMENTS PTY,SOUTHERN SUN INVESTMENTS PTY,116009281,0,0,0.00851083685055838,0.000225766968497422
IFM INVESTORS,IFM INVESTORS,1417352527,0,0,0,0.00038082065405372
GUGGENHEIM PARTNERS,GUGGENHEIM PARTNERS,785000002,0,0,0.0449338832906674,0.000364990254389069
ESR FINANCE,ESR FINANCE,1254827003,0,0,0,0.000292979415401278
SPIRE US LP,SPIRE US LP,1.1e+08,0,0,0,0.000200162344469388
HARMAR PARENT,HARMAR PARENT,1.35e+08,0,0,0,0.000231718669808865
DESRI EQUIPMENT FINANCING BORROWER,DESRI EQUIPMENT FINANCING BORROWER,1.4e+08,0,0,0,0.000196461935955412
PARKLIFE METRO FINANCE PTY,PARKLIFE METRO FINANCE PTY,1743573744,0,0,0,0.000342746971296488
GSO ENERGY SELECT OPPORTUNITIES FUND LP,GSO ENERGY SELECT OPPORTUNITIES FUND LP,3.5e+08,0,0,0,0.00019910112637585
BTRS HOLDINGS,BTRS HOLDINGS,414999999,0,0,0.00637176166501473,0.000657785509519665
JETSTREAM DEVELOPPEMENT,JETSTREAM DEVELOPPEMENT,13542089,0,0,0,0.000195863010457597
KARACA ENGINE FINANCE,KARACA ENGINE FINANCE,19844370,0,0,0,0.000194346315751124
THIESS GROUP FINANCE PTY,THIESS GROUP FINANCE PTY,1076678460,0,0,0,0.00110302946850148
GOODNIGHT I CLASS B MEMBER,GOODNIGHT I CLASS B MEMBER,43006659,0,0,0,0.000195655398250123
PRIMAFRIO IBERICA GROUP SL,PRIMAFRIO IBERICA GROUP SL,546892090,0,0,0,0.000195946838405429
CBS FINANCIAL SERVICES,CBS FINANCIAL SERVICES,14217395,0,0,0,0.000386160001995107
SAXUM MINERAL FUND I HOLDINGS,SAXUM MINERAL FUND I HOLDINGS,1.2e+08,0,0,0,0.000510723098564475
QS SOLAR FUND,QS SOLAR FUND,78985589,0,0,0,0.000195343164182634
MOURA SF FINANCE PTY,MOURA SF FINANCE PTY,135806322,0,0,0,0.000196277766400222
MILLENAIRE FINANCEMENT 23,MILLENAIRE FINANCEMENT 23,174400000,0,0,0,0.000252600704965137
PATRIOT HYDRO FUNDING,PATRIOT HYDRO FUNDING,389999998,0,0,0,0.00021299857024833
CANADIAN PAYMENTS ASSOCIATION,CANADIAN PAYMENTS ASSOCIATION,336194564,0,0,0,0.000197823000281756
EQUIFY FINANCIAL,EQUIFY FINANCIAL,2.75e+08,0,0,0,0.000743748135795475
DAMASCO GESTION DE ACTIVOS SL,DAMASCO GESTION DE ACTIVOS SL,94534798,0,0,0,0.000195339075681273
FINANCIAL PARTNERS GROUP,FINANCIAL PARTNERS GROUP,1252746545,0,0,0,0.000998216918946629
LOCKHART FINANCE,LOCKHART FINANCE,170048063,0,0,0,0.000223558404925185
MILLENAIRE FINANCEMENT 22 SAS,MILLENAIRE FINANCEMENT 22 SAS,213800000,0,0,0,0.000417743582539432
PIKE FUELS FINANCE,PIKE FUELS FINANCE,720030000,0,0,0,0.000199689758659925
COBBS ALLEN CAPITAL HOLDINGS,COBBS ALLEN CAPITAL HOLDINGS,115900000,0,0,0,0.000371754208745325
DONGTAI HUANGHAI FOREST INVESTMENT DEVELOPMENT,DONGTAI HUANGHAI FOREST INVESTMENT DEVELOPMENT,55206680,0,0,0,0.000359500406906853
HILTON WORLDWIDE FINANCE,HILTON WORLDWIDE FINANCE,7738000003,0,0,0.396790416463535,0.000441954912860719
JIAXING SHENGHONG DEVELOPMENT INVESTMENT GROUP,JIAXING SHENGHONG DEVELOPMENT INVESTMENT GROUP,179421710,0,0,0,0.00019754087225274
LUXLAS FUND LP,LUXLAS FUND LP,1.6e+08,0,0,0,0.000370748148994203
ADICON INTERNATIONAL,ADICON INTERNATIONAL,1.5e+08,0,0,0,0.000211564547305001
EXCEL INVESTMENTS,EXCEL INVESTMENTS,159999999,0,0,0,0.000203639000289545
SAFEHOLD GL HOLDINGS,SAFEHOLD GL HOLDINGS,5e+08,0,0,0.0136835775714392,0.00021345135496665
WUHAN FINANCIAL LEASING,WUHAN FINANCIAL LEASING,27603340,0,0,0,0.000194610645494412
BRAC BANK,BRAC BANK,1e+08,0,0,0.0036980344864106,0.000208780689783193
CEL ELITE,CEL ELITE,2e+08,0,0,0,0.000203878028553524
JIANGSU YANGKOU PORT LINGANG INDUSTRIAL INVESTMENT,JIANGSU YANGKOU PORT LINGANG INDUSTRIAL INVESTMENT,179421710,0,0,0,0.000211755928612906
BISON ACQUISITION HOLDING,BISON ACQUISITION HOLDING,929899856,0,0,0,0.000273405295427417
RUDONG TIANGONG INVESTMENT MANAGEMENT,RUDONG TIANGONG INVESTMENT MANAGEMENT,27603340,0,0,0,0.000249357935146815
DUKE CAPITAL,DUKE CAPITAL,125310143,0,0,0.0406690547988222,0.000649296997594895
AS WATSON FINANCE BV,AS WATSON FINANCE BV,833359376,0,0,0.0192611982001351,0.000218727750341353
WESTPAC BANKING,WESTPAC BANKING,1041699220,0,0,0.12074305454576,0.000208751908725168
SAGICOR FINANCIAL COMPANY,SAGICOR FINANCIAL COMPANY,494800002,0,0,0.00775684588908437,0.000202539910817646
FINANCIERE RAMSES II,FINANCIERE RAMSES II,161463379,0,0,0,0.000426996246805059
OVERSEAS CAMBODIAN INVESTMENT,OVERSEAS CAMBODIAN INVESTMENT,8.5e+07,0,0,0,0.000364086374342539
CATHYLAIN FINANCIERE SASU,CATHYLAIN FINANCIERE SASU,116670312,0,0,0,0.000265261943933082
TWE GROUP GMBH,TWE GROUP GMBH,156359051,0,0,0,0.000693780268745753
COHEN STEERS,COHEN STEERS,99999999,0,0,0,0.000195332210950771
INDUSTRIAL BANK OF KUWAIT KSC,INDUSTRIAL BANK OF KUWAIT KSC,7.5e+07,0,0,0,0.000210129787807917
SAFERAY ASAMA PTE,SAFERAY ASAMA PTE,3770971,0,0,0,0.000195195304180753
ENCINA LENDER FINANCE,ENCINA LENDER FINANCE,184999998,0,0,0,0.000425344056778447
UNITED UTILITIES WATER FINANCE,UNITED UTILITIES WATER FINANCE,407257963,0,0,0,0.000234666644777974
SFV AIRCRAFT FINANCE IRE 4,SFV AIRCRAFT FINANCE IRE 4,4.6e+08,0,0,0,0.000204193725371369
ORICA FINANCE,ORICA FINANCE,501379437,0,0,0.0135625329734315,0.000204527534555761
DRA GROWTH INCOME MASTER FUND XI,DRA GROWTH INCOME MASTER FUND XI,4e+08,0,0,0,0.000199558491927037
SCM ESH OPPORTUNITY FUND II,SCM ESH OPPORTUNITY FUND II,69500000,0,0,0,0.00054309944025966
GUANGZHOU YUEXIU FINANCIAL LEASING,GUANGZHOU YUEXIU FINANCIAL LEASING,147677868,0,0,0,0.000207236551883152
JIASHAN COUNTY ZHONGXIN INDUSTRIAL DEVELOPMENT INVESTMENT,JIASHAN COUNTY ZHONGXIN INDUSTRIAL DEVELOPMENT INVESTMENT,447174108,0,0,0,0.000224875526741551
GOLD ROYALTY,GOLD ROYALTY,2e+07,0,0,0,0.00019491455028514
UG FAMILY,UG FAMILY,5.8e+07,0,0,0,0.000200065576280786
FIRST HUNTINGDON FINANCE,FIRST HUNTINGDON FINANCE,2554999998,0,0,0.101763297426543,0.000375063940948126
ANCALA PARTNERS LLP,ANCALA PARTNERS LLP,177088868,0,0,0,0.000282874142076958
INVESTMENT GLOBAL,INVESTMENT GLOBAL,2187568362,0,0,0,0.000249866808539769
HARTFORD FINANCIAL SERVICES GROUP,HARTFORD FINANCIAL SERVICES GROUP,7.5e+08,0,0,0.0462254310801325,0.000199741577416373
AEQUUM CAPITAL FINANCIAL,AEQUUM CAPITAL FINANCIAL,6e+07,0,0,0,0.000222735041838618
MOONLIGHT FINANCE GK,MOONLIGHT FINANCE GK,3231226575,0,0,0,0.000211176348435993
NORTHRIVER MIDSTREAM FINANCE LP,NORTHRIVER MIDSTREAM FINANCE LP,1096123032,0,0,0.0163778584616463,0.000244542833874821
WSO FINANCE PTY,WSO FINANCE PTY,405691056,0,0,0,0.000199339656882647
NANTONG GANGCHENG INVESTMENT DEVELOPMENT,NANTONG GANGCHENG INVESTMENT DEVELOPMENT,131115865,0,0,0,0.000196425813618751
AVOLON AEROSPACE,AVOLON AEROSPACE,2002500000,0,0,0,0.000299824595376091
JACKSON FINANCIAL,JACKSON FINANCIAL,1000000001,0,0,0.0759949026589983,0.000206784255988229
SALIENT ZARVONA ENERGY FUND IIA LP,SALIENT ZARVONA ENERGY FUND IIA LP,1e+08,0,0,0,0.000365602328569769
LUOYANG GUOHONG NEW INDUSTRY DEVELOPMENT,LUOYANG GUOHONG NEW INDUSTRY DEVELOPMENT,303636740,0,0,0,0.000245220143948248
RWE RENEWABLES UK,RWE RENEWABLES UK,274852339,0,0,0,0.000230129276171057
ACCESSONE MEDCARD,ACCESSONE MEDCARD,3e+08,0,0,0,0.000197845684340062
O2 INVESTMENT PARTNERS FUND IV LP,O2 INVESTMENT PARTNERS FUND IV LP,1e+08,0,0,0,0.000197766949268386
GLENROWAN SOLAR FINANCE PTY,GLENROWAN SOLAR FINANCE PTY,92373863,0,0,0,0.000360149019881504
SHANGHAI AJ FINANCE LEASING,SHANGHAI AJ FINANCE LEASING,303636740,0,0,0,0.000195974962997174
UNION BANK OF INDIA,UNION BANK OF INDIA,599999999,0,0,0,0.000779163240577384
VULCAN FIRE INVESTMENTS SL,VULCAN FIRE INVESTMENTS SL,31250976,0,0,0,0.000446422018433671
RATCHAUSTRALIA GAS PTY,RATCHAUSTRALIA GAS PTY,120463265,0,0,0,0.000196088852442623
ALTC FUNDING,ALTC FUNDING,1.5e+08,0,0,0,0.000203281776920661
JC INTERNATIONAL FINANCE LEASING,JC INTERNATIONAL FINANCE LEASING,226611691,0,0,0,0.000215035162351341
TOSEVENTS GROUPE,TOSEVENTS GROUPE,8333593,0,0,0,0.000363016315389451
GOLDFISH FUNDING BV,GOLDFISH FUNDING BV,7.9e+08,0,0,0,0.00106632495045052
CHINA WATER ENVIRONMENT GROUP INVESTMENT,CHINA WATER ENVIRONMENT GROUP INVESTMENT,1.45e+08,0,0,0,0.000208653036808132
STONE RIDGE ASSET MANAGEMENT,STONE RIDGE ASSET MANAGEMENT,99999999,0,0,0,0.000269270949371871
SCB X PCL,SCB X PCL,1829948356,0,0,0,0.000936688699698779
SHANDONG LIANGZOU RAILWAY DEVELOPMENT,SHANDONG LIANGZOU RAILWAY DEVELOPMENT,618728868,0,0,0,0.000224967482367068
RUSSELL INVESTMENTS GROUP,RUSSELL INVESTMENTS GROUP,1.16e+09,0,0,0,0.000199679348099806
WELLFUL,WELLFUL,569000002,0,0,0,0.000315301208795861
BANCO DE CREDITO E INVERSIONES,BANCO DE CREDITO E INVERSIONES,1.25e+08,0,0,0,0.000201805046170798
PLAQUEMINES LNG HOLDINGS,PLAQUEMINES LNG HOLDINGS,1664999994,0,0,0.0260378932278225,0.000223889902246916
IH GROUPE SAS,IH GROUPE SAS,5625176,0,0,0,0.000195007091871397
DATAVENTURE GROUP SAS,DATAVENTURE GROUP SAS,10416994,0,0,0,0.000202176420429353
BELL VALUEADD SM FUND VIII,BELL VALUEADD SM FUND VIII,1.8e+08,0,0,0,0.000247257384650666
ARTEMIS REAL ESTATE PARTNERS HEALTHCARE FUND II LP,ARTEMIS REAL ESTATE PARTNERS HEALTHCARE FUND II LP,1.5e+08,0,0,0,0.00019696805778617
HONGKONG BRUNP AND CATL,HONGKONG BRUNP AND CATL,600000004,0,0,0,0.000592635175186747
CHENGDU XINJIN TRANSPORTATION CONSTRUCTION INVESTMENT,CHENGDU XINJIN TRANSPORTATION CONSTRUCTION INVESTMENT,41405010,0,0,0,0.000194939928207442
FMR,FMR,2.46e+09,0,0,0.123617386214486,0.000243507734122752
AGI FINANCE PTY,AGI FINANCE PTY,134810637,0,0,0,0.000228016329591083
MINISO ZHAOQING INDUSTRIAL INVESTMENT,MINISO ZHAOQING INDUSTRIAL INVESTMENT,98895866,0,0,0,0.000224917486987748
EAGLE EXPORT FUNDING,EAGLE EXPORT FUNDING,539999999,0,0,0.0135387951567146,0.00112154942978077
LOCA FUND V ULC,LOCA FUND V ULC,52828621,0,0,0,0.000206519189758086
TAU INVESTMENT HOLDINGS PTE,TAU INVESTMENT HOLDINGS PTE,193000002,0,0,0.00325037599834451,0.000511072763695529
FREELAND DEVELOPPEMENT SAS,FREELAND DEVELOPPEMENT SAS,104169920,0,0,0,0.000669981264282482
DEUTSCHE BOERSE,DEUTSCHE BOERSE,781274416,0,0,0.0237795225883545,0.000237835927674854
AIRTRUNK FINANCING PTY,AIRTRUNK FINANCING PTY,4916219909,0,0,0.232472502087653,0.00165476145995313
FINANCIERE FAZZIO SAS,FINANCIERE FAZZIO SAS,63543652,0,0,0,0.0003054945052457
SUZHOU WUZHONG ZHOUSHAN ASSET MANAGEMENT,SUZHOU WUZHONG ZHOUSHAN ASSET MANAGEMENT,69008350,0,0,0,0.00019491349869244
UMANITE EXPANSION SAS,UMANITE EXPANSION SAS,104169923,0,0,0,0.000568221856802525
CRCC FINANCIAL LEASING,CRCC FINANCIAL LEASING,75909185,0,0,0,0.000202328040563059
MILITARY COMMERCIAL JOINT STOCK BANK,MILITARY COMMERCIAL JOINT STOCK BANK,250000001,0,0,0,0.000365778779818993
TONGLING HIGHTECH DEVELOPMENT INVESTMENT,TONGLING HIGHTECH DEVELOPMENT INVESTMENT,27603340,0,0,0,0.000194349255819393
NSG ENTERPRISES,NSG ENTERPRISES,439076217,0,0,0.0141679496631087,0.000225053744841505
SB WATERFRONT INVESTMENT PTE,SB WATERFRONT INVESTMENT PTE,256276928,0,0,0,0.000228939076987337
BLERIOT AVIATION FUNDING DAC,BLERIOT AVIATION FUNDING DAC,450000001,0,0,0,0.000197542311547881
ZVRS HOLDING,ZVRS HOLDING,2.75e+08,0,0,0,0.000363291335572034
WILTON RE FINANCE,WILTON RE FINANCE,250000002,0,0,0,0.00019744248259386
ENVALIOR FINANCE GMBH,ENVALIOR FINANCE GMBH,3488591308,0,0,0.0449787134900589,0.000261318993333034
XINYU JU YU INVESTMENT,XINYU JU YU INVESTMENT,6900836,0,0,0,0.000194320071336935
YINGTAN JINTAI INDUSTRIAL,YINGTAN JINTAI INDUSTRIAL,33124008,0,0,0,0.00035944830400969
THALASSIUS A01621 PARTICIPACOES,THALASSIUS A01621 PARTICIPACOES,248020003,0,0,0.00653774666304597,0.000196468146389122
THALASSIUS A02221 PARTICIPACOES,THALASSIUS A02221 PARTICIPACOES,97539999,0,0,0.00257113058834945,0.000195124849697129
PHOENIX PROPERTY INVESTORS,PHOENIX PROPERTY INVESTORS,305751468,0,0,0,0.000200579018356579
CHINA PING AN INSURANCE OVERSEAS HOLDINGS,CHINA PING AN INSURANCE OVERSEAS HOLDINGS,300000008,0,0,0,0.000438744913040793
NETFLOW OSARS FINANCE PTY,NETFLOW OSARS FINANCE PTY,10903576,0,0,0,0.000194434852504186
WWF FINANCE PTY,WWF FINANCE PTY,321800520,0,0,0,0.00020169880483128
GS REIT OPERATING PARTNERSHIP LP,GS REIT OPERATING PARTNERSHIP LP,1.75e+08,0,0,0,0.000196009604233262
GOSCOR FINANCE,GOSCOR FINANCE,110485028,0,0,0.0103330394352077,0.000342476566386117
GEMINO HEALTHCARE FUNDING,GEMINO HEALTHCARE FUNDING,2.6e+08,0,0,0,0.000234508124349978
ZHENGZHOU XINTOU KANGYUAN INVESTMENT DEVELOPMENT,ZHENGZHOU XINTOU KANGYUAN INVESTMENT DEVELOPMENT,345041751,0,0,0,0.000315245353301255
HANGZHOU XIAOSHAN QIANJIANG CENTURY CITY URBAN OPERATION,HANGZHOU XIAOSHAN QIANJIANG CENTURY CITY URBAN OPERATION,276033400,0,0,0,0.000196847790628058
PLATINUM EQUITY,PLATINUM EQUITY,1000000002,0,0,0.0616339082301112,0.000210034370338969
SHENZHEN FORTUNE CITY INVESTMENT,SHENZHEN FORTUNE CITY INVESTMENT,234628390,0,0,0,0.000195932799175864
NANJING LISHUI QINGYUAN ASSET MANAGEMENT,NANJING LISHUI QINGYUAN ASSET MANAGEMENT,117314194,0,0,0,0.000198331962947024
TECO FINANCE,TECO FINANCE,399999996,0,0,0,0.000197788613024326
PACIFIC EQUITY PARTNERS SECURE ASSETS FUND II LP,PACIFIC EQUITY PARTNERS SECURE ASSETS FUND II LP,143022456,0,0,0,0.000196186029919703
SHENZHEN TAIXIN XIANGHUI INDUSTRIAL,SHENZHEN TAIXIN XIANGHUI INDUSTRIAL,157920088,0,0,0,0.000206140574795644
WELLINGTON MANAGEMENT GROUP LLP,WELLINGTON MANAGEMENT GROUP LLP,3.5e+08,0,0,0.0258862414048742,0.000195895156987477
RAYMOND JAMES FINANCIAL,RAYMOND JAMES FINANCIAL,7.5e+08,0,0,0.0720934211658766,0.000205639678171319
OMAHA SAS,OMAHA SAS,77710758,0,0,0,0.000256084602992422
MACQUARIE AVIATION FINANCE UK,MACQUARIE AVIATION FINANCE UK,3907000002,0,0,0.194434435523234,0.000234976252866849
BCSP V CE LUX I SCA,BCSP V CE LUX I SCA,426159152,0,0,0,0.000196958966806411
DATABANK HOLDINGS,DATABANK HOLDINGS,900000003,0,0,0.00646723577019136,0.00031052269097429
IIFL FINANCE,IIFL FINANCE,1e+08,0,0,0,0.000199621169533471
SUMMIT OTO FINANCE PT,SUMMIT OTO FINANCE PT,64624531,0,0,0,0.000194593703708884
APOLLO INVESTMENT FUND IX LP,APOLLO INVESTMENT FUND IX LP,4000000003,0,0,0,0.000231986003421498
AXA LOGISTICS EUROPE MASTER SCA,AXA LOGISTICS EUROPE MASTER SCA,156254884,0,0,0,0.000207931731939257
AZURE FINANCE NO3,AZURE FINANCE NO3,329690986,0,0,0,0.000197087341853353
NOBLE FINANCE II,NOBLE FINANCE II,1.15e+09,0,0,0,0.000461475508241734
DELL FINANCIAL SERVICES PTY,DELL FINANCIAL SERVICES PTY,292545931,0,0,0.0132392204747467,0.000198622736821305
PERDAMAN CHEMICALS FERTILISERS,PERDAMAN CHEMICALS FERTILISERS,2468022452,0,0,0,0.00051487845347191
HARBOURVEST PARTNERS LP,HARBOURVEST PARTNERS LP,550830001,0,0,0,0.000197833553095801
SR FUNDING,SR FUNDING,50000001,0,0,0,0.00036177272042574
MOUNTAIN VIEW OWNER,MOUNTAIN VIEW OWNER,290000001,0,0,0,0.000319385661533091
MANHATTAN ASSET FUNDING COMPANY,MANHATTAN ASSET FUNDING COMPANY,4e+08,0,0,0,0.00020892470567982
STOCKMEIER FINANCE GMBH,STOCKMEIER FINANCE GMBH,312509765,0,0,0,0.00035338238403433
WHITE OAK COMMERCIAL FINANCE,WHITE OAK COMMERCIAL FINANCE,624999996,0,0,0.0207913042312563,0.000311993258619753
HPS SPECIALTY LOAN FUND,HPS SPECIALTY LOAN FUND,1.69e+09,0,0,0.0379233391605209,0.000261522723481752
SHANGHE JIANFA INDUSTRIAL INVESTMENT DEVELOPMENT QINGDAO,SHANGHE JIANFA INDUSTRIAL INVESTMENT DEVELOPMENT QINGDAO,717686841,0,0,0,0.000201806539517658
ATLAS FUNDING 20231,ATLAS FUNDING 20231,390496479,0,0,0,0.000205837872736357
CENTRAL AMERICAN BANK FOR ECONOMIC INTEGRATION,CENTRAL AMERICAN BANK FOR ECONOMIC INTEGRATION,3.5e+08,0,0,0,0.000249068466711454
HESTIAFLOOR 2 SAS,HESTIAFLOOR 2 SAS,88544434,0,0,0,0.000419767780862207
VOYA FINANCIAL,VOYA FINANCIAL,499999995,0,0,0.0196246894632227,0.000202894400134397
RHB BANK BHD,RHB BANK BHD,185707918,0,0,0,0.000198325260888016
FRANKLIN SQUARE HOLDINGS LP,FRANKLIN SQUARE HOLDINGS LP,849999998,0,0,0.00189570156916317,0.000210074984862135
RUNWAY GROWTH FINANCE,RUNWAY GROWTH FINANCE,5e+08,0,0,0,0.000202623028678686
RF CAPITAL GROUP,RF CAPITAL GROUP,89413448,0,0,0,0.000205940045117412
VITERRA FINANCE BV,VITERRA FINANCE BV,4959999990,0,0,0.10579149473384,0.0010078128986499
PASADENA PRIVATE FINANCE,PASADENA PRIVATE FINANCE,7.5e+07,0,0,0,0.000313453966891853
AMTEL PARTNERS,AMTEL PARTNERS,1.6e+08,0,0,0,0.000293730528611941
SOLCERA GROUP SAS,SOLCERA GROUP SAS,25209121,0,0,0,0.000223808835427853
ROYAL BANK OF SCOTLAND,ROYAL BANK OF SCOTLAND,1500000005,0,0,0.0217192816132511,0.000627799253816311
QIC GLOBAL INFRASTRUCTURE FUND II A SCSP,QIC GLOBAL INFRASTRUCTURE FUND II A SCSP,3e+08,0,0,0,0.000198234594752162
TENEDORA CPLS DE CV,TENEDORA CPLS DE CV,200000002,0,0,0,0.000376019517471686
TAICHUNG BANK LEASING,TAICHUNG BANK LEASING,205767642,0,0,0,0.000484187910177569
TITAN INVESTMENT,TITAN INVESTMENT,1.5e+08,0,0,0,0.00022764085991091
SIDDHARTHA BANK,SIDDHARTHA BANK,5.5e+07,0,0,0,0.000526666612448681
WYNN RESORTS FINANCE,WYNN RESORTS FINANCE,1571221374,0,0,0.0375853169955968,0.000213675967059089
FIRST AMERICAN FINANCIAL,FIRST AMERICAN FINANCIAL,899999992,0,0,0.0311686244762207,0.000564524613619604
FUELCELL ENERGY OPCO FINANCE 1,FUELCELL ENERGY OPCO FINANCE 1,8.7e+07,0,0,0.00362569352818779,0.000422308349662859
SHANGHAI RENYUAN INVESTMENT PARTNERSHIP LP,SHANGHAI RENYUAN INVESTMENT PARTNERSHIP LP,228969705,0,0,0,0.000198906267777214
CALDERYS FINANCING,CALDERYS FINANCING,199999998,0,0,0.00677770979610736,0.000195571319412586
LINKING PLUS INVESTMENTS,LINKING PLUS INVESTMENTS,118626430,0,0,0,0.000206720546203718
STAFFMATCH,STAFFMATCH,10416994,0,0,0,0.000205504654546433
FINANCIER COGEP,FINANCIER COGEP,117399498,0,0,0,0.000386163635651625
VEDANTA RESOURCES,VEDANTA RESOURCES,8.5e+08,0,0,0,0.000260133242619416
FINANCIERE SNOPDUNOIS,FINANCIERE SNOPDUNOIS,288550679,0,0,0,0.000875613058543744
FEDERAL INTERNATIONAL FINANCE PT,FEDERAL INTERNATIONAL FINANCE PT,590000003,0,0,0.0349552309166924,0.000665235903254853
CHANGZHOU WUNAN NEW ENERGY INVESTMENT,CHANGZHOU WUNAN NEW ENERGY INVESTMENT,303636741,0,0,0,0.000401016559674243
NOMURA TRUST AND BANKING,NOMURA TRUST AND BANKING,116324158,0,0,0,0.00037338489276722
ZHANGJIAGANG SHAZHOUHU TECHNOLOGY INNOVATION DEVELOPMENT,ZHANGJIAGANG SHAZHOUHU TECHNOLOGY INNOVATION DEVELOPMENT,147168587,0,0,0,0.000195328217344023
RIZAL COMMERCIAL BANKING,RIZAL COMMERCIAL BANKING,258750002,0,0,0,0.000451329571018028
EOLIAN LP,EOLIAN LP,2.95e+08,0,0,0,0.000197320546031727
FALCON BIDCO AS,FALCON BIDCO AS,546506032,0,0,0,0.000490905050857157
GKII FUND II LP,GKII FUND II LP,1.31e+08,0,0,0,0.000196536383895116
MC OUTLET VENTURE,MC OUTLET VENTURE,6093940,0,0,0,0.000194292376288688
BERRYBANK 2 ASSET PTY,BERRYBANK 2 ASSET PTY,94264800,0,0,0,0.000194874393169157
VERITAS CAPITAL FUND MANAGEMENT,VERITAS CAPITAL FUND MANAGEMENT,200000003,0,0,0.00956705589177514,0.000212203159761091
IU OVERSEAS FINANCE,IU OVERSEAS FINANCE,72918945,0,0,0,0.000194479828746045
LAZARD GROUP,LAZARD GROUP,200000001,0,0,0.0512664330854,0.000200603240986747
AVILEASE FINANCE 2 IRELAND,AVILEASE FINANCE 2 IRELAND,3599999998,0,0,0.144613105028536,0.00167199284174099
BREAD FINANCIAL HOLDINGS,BREAD FINANCIAL HOLDINGS,1275000001,0,0,0,0.000319545777322374
LUJIANG COUNTY URBAN RENEWAL CONSTRUCTION INVESTMENT,LUJIANG COUNTY URBAN RENEWAL CONSTRUCTION INVESTMENT,717686839,0,0,0,0.000231686020844476
GLENGARRY FUNDING LP,GLENGARRY FUNDING LP,35765380,0,0,0,0.000279827282621279
ASSEMBLIN HOLDING AB,ASSEMBLIN HOLDING AB,500015624,0,0,0,0.000217236212174733
IBERIAN SMART FINANCIAL AGRO SOCIEDAD LTDA,IBERIAN SMART FINANCIAL AGRO SOCIEDAD LTDA,7430441,0,0,0,0.000194384149182744
TSG SOLUTIONS HOLDING,TSG SOLUTIONS HOLDING,52084960,0,0,0,0.00019596854335685
VICTORIA POWER NETWORKS PTY,VICTORIA POWER NETWORKS PTY,227535721,0,0,0,0.000196811494636984
NANJING FINANCIAL CITY CONSTRUCTION DEVELOPMENT,NANJING FINANCIAL CITY CONSTRUCTION DEVELOPMENT,248430059,0,0,0,0.000413344559154751
RED ARTS CAPITAL OPPORTUNITY FUND I LP,RED ARTS CAPITAL OPPORTUNITY FUND I LP,8.5e+07,0,0,0,0.000197240027121151
TAIBANG BIOLOGICAL,TAIBANG BIOLOGICAL,4e+08,0,0,0,0.000219991446917432
JAMES HARDIE INTERNATIONAL FINANCE DAC,JAMES HARDIE INTERNATIONAL FINANCE DAC,9.25e+08,0,0,0,0.000271290667960071
HHP FINANCE,HHP FINANCE,1233283230,0,0,0,0.000317312153916779
EY GLOBAL FINANCE,EY GLOBAL FINANCE,700000002,0,0,0.0393975596593978,0.000201669878105779
SWVP SCOTTSDALE,SWVP SCOTTSDALE,110382000,0,0,0,0.000232298602558923
HDFC BANK,HDFC BANK,3300000007,0,0,0,0.000605610269311058
VIRTUS INVESTMENT PARTNERS,VIRTUS INVESTMENT PARTNERS,4.5e+08,0,0,0.018813901888011,0.000197504193651058
KELEBEK ENGINE FINANCE SAS,KELEBEK ENGINE FINANCE SAS,27258627,0,0,0,0.000194364056857275
ROLUX SAS,ROLUX SAS,63751992,0,0,0,0.000223311436872382
QIC PRIVATE CAPITAL PTY,QIC PRIVATE CAPITAL PTY,680712560,0,0,0,0.000238558195605214
NATIONAL STORAGE FINANCE PTY,NATIONAL STORAGE FINANCE PTY,260040828,0,0,0,0.000262875077372644
ENCINA LENDER FINANCE COMMERCIAL SPV,ENCINA LENDER FINANCE COMMERCIAL SPV,1.5e+08,0,0,0,0.000529822646976813
GREYSTONE BRIDGE FUNDING IX,GREYSTONE BRIDGE FUNDING IX,340000003,0,0,0,0.000482830663207094
RRD FINANCIAL,RRD FINANCIAL,1.3e+08,0,0,0,0.000280850038190746
EXPRESS FUNERAL FUNDING,EXPRESS FUNERAL FUNDING,7e+07,0,0,0,0.000228658826488825
POWCHAN FINANCIAL GROUP,POWCHAN FINANCIAL GROUP,146987788,0,0,0,0.0002319884313469
AMERICAN FINANCIAL GROUP,AMERICAN FINANCIAL GROUP,449999998,0,0,0.0256624098441921,0.000199749902315043
DONGGUAN BAY DISTRICT ZHIGU TECHNOLOGY INDUSTRY DEVELOPMENT,DONGGUAN BAY DISTRICT ZHIGU TECHNOLOGY INDUSTRY DEVELOPMENT,69008349,0,0,0,0.000207012222718771
NASDAQ,NASDAQ,1850000001,0,0,0.080581995000286,0.00025572939160904
OAKTREE STRATEGIC CREDIT FUND,OAKTREE STRATEGIC CREDIT FUND,1310000002,0,0,0.0376809666639721,0.00022195078584668
INAPA DEUTSCHLAND HOLDING GMBH,INAPA DEUTSCHLAND HOLDING GMBH,18438077,0,0,0,0.00022693473029863
YANTAI CULTURAL TOURISM INDUSTRY DEVELOPMENT GROUP,YANTAI CULTURAL TOURISM INDUSTRY DEVELOPMENT GROUP,1380166999,0,0,0,0.000353573812609206
GUANGXI FINANCIAL INVESTMENT GROUP,GUANGXI FINANCIAL INVESTMENT GROUP,823959701,0,0,0,0.000276957725598604
CC FINANCIERE SAS,CC FINANCIERE SAS,28230049,0,0,0,0.000423731496459953
CIG HOLDCO,CIG HOLDCO,3.2e+08,0,0,0,0.000205111901970054
ENTERGY ASSETS MANAGEMENT OPERATIONS,ENTERGY ASSETS MANAGEMENT OPERATIONS,1.39e+08,0,0,0.0123223035481413,0.000195920208618506
THIRD COAST FINANCING,THIRD COAST FINANCING,1.8e+08,0,0,0.0216196996093762,0.000257364324467996
OLD GREENLIGHT CAPITAL LP,OLD GREENLIGHT CAPITAL LP,7.5e+07,0,0,0,0.000198661685046995
DEERPATH FUND,DEERPATH FUND,645000003,0,0,0.0124113091150852,0.000811062492909081
BANKERS HEALTHCARE GROUP,BANKERS HEALTHCARE GROUP,674999998,0,0,0,0.000455335116137322
MAREX FINANCIAL,MAREX FINANCIAL,1.5e+08,0,0,0,0.000195461651575573
THAI CREDIT BANK PCL,THAI CREDIT BANK PCL,1.05e+08,0,0,0,0.000198925858773827
RUGAO GAOYUAN CONSTRUCTION INVESTMENT,RUGAO GAOYUAN CONSTRUCTION INVESTMENT,191843213,0,0,0,0.000197431643760609
TATD FINANCING DISTRIBUTION,TATD FINANCING DISTRIBUTION,45617448,0,0,0,0.000196319837100733
BANK OF BAHRAIN AND KUWAIT BSC,BANK OF BAHRAIN AND KUWAIT BSC,2.5e+08,0,0,0.0219029308959902,0.000253513227051297
COMPAGNIE LEBON,COMPAGNIE LEBON,93752930,0,0,0,0.00022092713437901
HELIX GEN FUNDING,HELIX GEN FUNDING,674999997,0,0,0.0211118053021045,0.00021682241127104
HOME CREDIT VIETNAM FINANCE,HOME CREDIT VIETNAM FINANCE,196199994,0,0,0,0.000418662722815046
PAG ENHANCED CREDIT FUND IV LP,PAG ENHANCED CREDIT FUND IV LP,950000002,0,0,0,0.00021267093510783
NEW SEASON GLOBAL,NEW SEASON GLOBAL,72370602,0,0,0,0.000196032364932221
LONGPOINT FUND III LP,LONGPOINT FUND III LP,3e+08,0,0,0,0.000279816066075813
HD HYUNDAI OILBANK,HD HYUNDAI OILBANK,1e+08,0,0,0,0.000359942873492784
COLUMBUS REALTY INVESTMENTS,COLUMBUS REALTY INVESTMENTS,1e+08,0,0,0,0.000360624806957815
OPERATIVE BANK OF KENYA,OPERATIVE BANK OF KENYA,99999999,0,0,0,0.000476665191124479
TPG FINANCE PTY,TPG FINANCE PTY,1625255160,0,0,0.0185103879672864,0.000350736955084604
EXCELSIOR FUND I,EXCELSIOR FUND I,1.25e+08,0,0,0.0180164163411469,0.000251856216035416
ESSEX LEASE FINANCIAL,ESSEX LEASE FINANCIAL,89413449,0,0,0,0.000201797889008053
HOLDING STOCKHOLM SAS,HOLDING STOCKHOLM SAS,201568800,0,0,0,0.000210836254474116
COWLES,COWLES,1.5e+08,0,0,0,0.000359748722088001
MONY GROUP FINANCIAL,MONY GROUP FINANCIAL,156637678,0,0,0,0.000203394794469481
SOW HOLDINGS,SOW HOLDINGS,3877472,0,0,0,0.000194307596355705
CROSSWAY CAPITAL II,CROSSWAY CAPITAL II,8854444,0,0,0,0.00019451131828707
FRANKLIN RESOURCES,FRANKLIN RESOURCES,800000001,0,0,0.0523325058240011,0.000235517238617159
BLUE STAMPING SAS,BLUE STAMPING SAS,4270967,0,0,0,0.000201783402166055
VERNIER HO SAS,VERNIER HO SAS,81252539,0,0,0,0.000200970845415702
DMB DR DIETER MURMANN BETEILIGUNGSGESELLSCHAFT MBH,DMB DR DIETER MURMANN BETEILIGUNGSGESELLSCHAFT MBH,239590820,0,0,0,0.000284465666442941
HUAIAN HIGHTECH INDUSTRIAL INVESTMENT DEVELOPMENT,HUAIAN HIGHTECH INDUSTRIAL INVESTMENT DEVELOPMENT,248430060,0,0,0,0.000198805001943311
YANGZHOU ZIZAIDAO INDUSTRIAL,YANGZHOU ZIZAIDAO INDUSTRIAL,207025050,0,0,0,0.000198046524119535
CLIFTON BLAKE MORTGAGE FUND LP,CLIFTON BLAKE MORTGAGE FUND LP,46494992,0,0,0,0.000240634404898089
HAZELVIEW CANADIAN MORTGAGE LP,HAZELVIEW CANADIAN MORTGAGE LP,89413448,0,0,0,0.000195360104040367
PRIORITY HOLDINGS,PRIORITY HOLDINGS,1.64e+09,0,0,0,0.000345382483396714
REMOBIS REFUND SERVICE CV,REMOBIS REFUND SERVICE CV,208339842,0,0,0,0.000203955363805574
ZHEJIANG WISDOM PUHUA FINANCE LEASING,ZHEJIANG WISDOM PUHUA FINANCE LEASING,278793737,0,0,0,0.000229290118741807
PRIME CAPITAL INVESTMENT ADVISORS,PRIME CAPITAL INVESTMENT ADVISORS,204999999,0,0,0,0.000390893589763483
CPIF FINANCE PTY,CPIF FINANCE PTY,812627586,0,0,0,0.000260131809506334
ENCINA LENDER FINANCE INTERMEDIATE SPV,ENCINA LENDER FINANCE INTERMEDIATE SPV,1.15e+08,0,0,0,0.000316698569104467
WUXI HUICHI ASSET MANAGEMENT,WUXI HUICHI ASSET MANAGEMENT,193223380,0,0,0,0.000359826050015845
AMERICAN LANDSCAPING PARTNERS,AMERICAN LANDSCAPING PARTNERS,97500000,0,0,0,0.000367901629321743
CORONADO FINANCE PTY,CORONADO FINANCE PTY,1.5e+08,0,0,0,0.000196451634836237
WUXI ZHENHU ECONOMIC INVESTMENT DEVELOPMENT,WUXI ZHENHU ECONOMIC INVESTMENT DEVELOPMENT,179421710,0,0,0,0.000200484348647436
FS NSW PROJECT NO 1 FINCO PTY,FS NSW PROJECT NO 1 FINCO PTY,66675564,0,0,0,0.000359957599880863
CHUN WO GROUP FINANCE HK,CHUN WO GROUP FINANCE HK,145167714,0,0,0,0.000221853651619406
QINGDAO LINKONG INDUSTRIAL PARK INVESTMENT,QINGDAO LINKONG INDUSTRIAL PARK INVESTMENT,42785178,0,0,0,0.000194704374466244
ZHEJIANG ZHESHANG FINANCIAL LEASING,ZHEJIANG ZHESHANG FINANCIAL LEASING,164239874,0,0,0,0.000265919378160888
MARKETAXESS HOLDINGS,MARKETAXESS HOLDINGS,7.5e+08,0,0,0.0346690733100993,0.00021251041546428
BCI QUADREAL REALTY,BCI QUADREAL REALTY,2364091555,0,0,0,0.000274195577807094
SLUDGE FINANCE 2 LIMITED,SLUDGE FINANCE 2 LIMITED,148787547,0,0,0,0.000196041443329416
OSAIC HOLDINGS,OSAIC HOLDINGS,3028645256,0,0,0.0470433302796727,0.000228786367922851
MIRAE ASSET FINANCE COMPANY VIET NAM,MIRAE ASSET FINANCE COMPANY VIET NAM,36500002,0,0,0,0.000210934953624424
SEKERBANK TAS,SEKERBANK TAS,256245140,0,0,0,0.000544567912907619
FEIXI CHANCHENG INVESTMENT HOLDING GROUP,FEIXI CHANCHENG INVESTMENT HOLDING GROUP,368504589,0,0,0,0.000374242576001608
FUELCELL ENERGY FINANCE HOLDCO,FUELCELL ENERGY FINANCE HOLDCO,2e+07,0,0,0,0.000309893675705828
MERCHANT OPPORTUNITIES FUND LP,MERCHANT OPPORTUNITIES FUND LP,50071530,0,0,0,0.000274854996439521
TAISHIN LEASING FINANCING,TAISHIN LEASING FINANCING,36853903,0,0,0,0.000251795886392083
HSH FINANCE,HSH FINANCE,102773603,0,0,0,0.00019590465468541
BIG AGGREGATION FUND III LINE OF CREDIT,BIG AGGREGATION FUND III LINE OF CREDIT,7.5e+07,0,0,0,0.000200554265520761
IIFL HOME FINANCE,IIFL HOME FINANCE,98417549,0,0,0,0.000198632988363037
PROLOGIS MARUNOUCHI FINANCE INVESTMENT LP,PROLOGIS MARUNOUCHI FINANCE INVESTMENT LP,378053509,0,0,0,0.000198883269533133
TAIWAN ORSTED FINANCIAL SERVICES,TAIWAN ORSTED FINANCIAL SERVICES,767789691,0,0,0,0.000244935456216463
BENGBU HENGBO CONSTRUCTION DEVELOPMENT,BENGBU HENGBO CONSTRUCTION DEVELOPMENT,110413360,0,0,0,0.000195059966194684
SMITH FINANCIAL,SMITH FINANCIAL,4.55e+08,0,0,0,0.000207134949599716
PROVIDENT INVESTASI BERSAMA TBK PT,PROVIDENT INVESTASI BERSAMA TBK PT,7.5e+07,0,0,0,0.000196216503775624
BRAZILIAN DEVELOPMENT BANK,BRAZILIAN DEVELOPMENT BANK,5e+08,0,0,0,0.000248656586748946
GOLUB CAPITAL PRIVATE CREDIT FUND,GOLUB CAPITAL PRIVATE CREDIT FUND,489999999,0,0,0,0.0002217463479038
STEPSTONE PRIVATE INFRASTRUCTURE FUND,STEPSTONE PRIVATE INFRASTRUCTURE FUND,50000001,0,0,0,0.000204884457559081
VENTANA EXPLORATION AND PRODUCTION II,VENTANA EXPLORATION AND PRODUCTION II,5e+07,0,0,0,0.000246554394143982
STEPSTONE PRIVATE VENTURE AND GROWTH FUND,STEPSTONE PRIVATE VENTURE AND GROWTH FUND,75000001,0,0,0,0.000227746016625924
T2 STRATEGIC REAL ESTATE INCOME FUND,T2 STRATEGIC REAL ESTATE INCOME FUND,11000001,0,0,0,0.000386423340599213
CLFM FINANCE AUSTRALIA PTY,CLFM FINANCE AUSTRALIA PTY,84513268,0,0,0,0.000195489975615777
SUHYUP BANK,SUHYUP BANK,2e+08,0,0,0,0.000409349340149777
SUZUKI FINANCE KK,SUZUKI FINANCE KK,161561329,0,0,0,0.000230661068127329
HELIOS TOWERS GROUP LLP,HELIOS TOWERS GROUP LLP,7.2e+08,0,0,0.0959213564929008,0.000660910656232132
AVANSE FINANCIAL SERVICES,AVANSE FINANCIAL SERVICES,244999998,0,0,0,0.000476735108473969
PATRIA INVESTIMENTOS LTDA,PATRIA INVESTIMENTOS LTDA,1.25e+08,0,0,0,0.000195688713477401
CHAILEASE FINANCE INTERNATIONAL,CHAILEASE FINANCE INTERNATIONAL,875025880,0,0,0,0.000537901841030878
RMAC NO 3,RMAC NO 3,438416328,0,0,0,0.000223241521533551
CORE INDUSTRIAL PARTNERS FUND III LP,CORE INDUSTRIAL PARTNERS FUND III LP,1.89e+08,0,0,0,0.000200893354008649
SYNLAIT MILK FINANCE,SYNLAIT MILK FINANCE,48997306,0,0,0,0.000195019994660608
CRDB BANK,CRDB BANK,2.8e+07,0,0,0.00173378537005919,0.000225542702250722
POLY 2025 SAS,POLY 2025 SAS,52084960,0,0,0,0.000211930736371503
VARAGON CAPITAL PARTNERS LP,VARAGON CAPITAL PARTNERS LP,7.5e+07,0,0,0,0.000195182053566703
PROLOGIS TARGETED US LOGISTICS FUND LP,PROLOGIS TARGETED US LOGISTICS FUND LP,1.7e+09,0,0,0.0072580552691459,0.00025921522178683
BPPA AU FINANCE PTY,BPPA AU FINANCE PTY,942647994,0,0,0,0.000289666796541159
XUYI COUNTY SHANSHUI TRADING INVESTMENT,XUYI COUNTY SHANSHUI TRADING INVESTMENT,35884343,0,0,0,0.000359822024647648
TPG OPERATING GROUP II LP,TPG OPERATING GROUP II LP,3e+08,0,0,0,0.000195768424649705
REUNERT FINANCE COMPANY,REUNERT FINANCE COMPANY,88388023,0,0,0.00773979872995459,0.000219218323336019
BANK GOSPODARSTWA KRAJOWEGO,BANK GOSPODARSTWA KRAJOWEGO,416690103,0,0,0,0.000200050529848957
CARSON GROUP HOLDINGS,CARSON GROUP HOLDINGS,350000001,0,0,0,0.000368572661778005
JM FINANCIAL SERVICES,JM FINANCIAL SERVICES,11844692,0,0,0,0.00039689158208172
RIVER VENTURE PARTNERS II,RIVER VENTURE PARTNERS II,41500000,0,0,0,0.000368763347332163
TCP SUNBELT ACQUISITION,TCP SUNBELT ACQUISITION,870000001,0,0,0,0.000218119196769769
ISLAND RECOVERY FUND IV LP,ISLAND RECOVERY FUND IV LP,1e+08,0,0,0,0.00027696689893099
BALBOA RETAIL FUND II LP,BALBOA RETAIL FUND II LP,6e+07,0,0,0,0.00019468013777207
OPERATEUR NATIONAL DE VENTE,OPERATEUR NATIONAL DE VENTE,416679686,0,0,0,0.000232456203508617
SHARP SERVICES,SHARP SERVICES,1016554278,0,0,0.103039428403656,0.000202242944950475
NGAI TAHU HOLDINGS CORPORATION,NGAI TAHU HOLDINGS CORPORATION,349980752,0,0,0,0.000249244923467026
CIMIC FINANCE,CIMIC FINANCE,1982429643,0,0,0,0.000439841750193334
LENDLEASE FINANCE PTY,LENDLEASE FINANCE PTY,604594920,0,0,0,0.000205461828384227
SUPERSTITION CLASS B MEMBER,SUPERSTITION CLASS B MEMBER,135999997,0,0,0,0.000202848251349435
TIGER FINANCE,TIGER FINANCE,1.5e+08,0,0,0,0.0002010311323561
TIGER CAPITAL GROUP,TIGER CAPITAL GROUP,2.5e+07,0,0,0,0.000195383634520587
SHANDONG HISPEED HOLDINGS GROUP,SHANDONG HISPEED HOLDINGS GROUP,483690000,0,0,0,0.00028542779086582
QATAR ISLAMIC BANK QPSC,QATAR ISLAMIC BANK QPSC,208339844,0,0,0.0138543701477141,0.000251117322550808
BRILLIANT LIGHTS INVESTMENT PTE,BRILLIANT LIGHTS INVESTMENT PTE,400248430,0,0,0,0.00038589045758297
CONTINENTAL 646 FUND,CONTINENTAL 646 FUND,61151000,0,0,0,0.000271690310142471
STUDENT ACCOMMODATION FINANCE COMPANY PTY,STUDENT ACCOMMODATION FINANCE COMPANY PTY,255925930,0,0,0,0.000198658093541615
BANK OF THE LAO PDR,BANK OF THE LAO PDR,5e+07,0,0,0,0.000227685900102026
BANCO INTERNACIONAL,BANCO INTERNACIONAL,140000003,0,0,0.00470658944719624,0.000399543832956269
INTACT FINANCIAL,INTACT FINANCIAL,1287553644,0,0,0.0196536872169622,0.000244475950060408
UNACEM NORTH AMERICA,UNACEM NORTH AMERICA,3.45e+08,0,0,0.0108561350638057,0.000527582969439819
HBM HOLDINGS,HBM HOLDINGS,400000001,0,0,0,0.00028248043292086
YU RICH FINANCIAL SERVICES,YU RICH FINANCIAL SERVICES,141273305,0,0,0,0.000213700485067212
ASTRUM CRO SL,ASTRUM CRO SL,25104952,0,0,0,0.000194887767950584
GC ADVISORS,GC ADVISORS,5.5e+08,0,0,0,0.00021755891041004
YI KAO INVESTMENT,YI KAO INVESTMENT,98277082,0,0,0,0.000252719940191066
PATRIZIA FRANKFURT KAPITALVERWALTUNGSGESELLSCHAFT MBH,PATRIZIA FRANKFURT KAPITALVERWALTUNGSGESELLSCHAFT MBH,218756835,0,0,0,0.000216850420699152
JSF TRUST AND BANKING,JSF TRUST AND BANKING,16156133,0,0,0,0.000204008897959561
HPS CORPORATE LENDING FUND,HPS CORPORATE LENDING FUND,2474999999,0,0,0.0767853298919006,0.000221900763441574
ARI FINANCIAL SERVICES,ARI FINANCIAL SERVICES,321888413,0,0,0,0.000207257188730211
SSC VI LP,SSC VI LP,3e+08,0,0,0,0.0002041735690613
DRI HEALTHCARE ACQUISITIONS LP 1,DRI HEALTHCARE ACQUISITIONS LP 1,500000002,0,0,0,0.000200996056960072
STRATEGIC IDC,STRATEGIC IDC,719415221,0,0,0,0.000243686064876125
ELANTIS PREMIUM FUNDING,ELANTIS PREMIUM FUNDING,315877980,0,0,0,0.000198873230407311
ENGAGED FINANCIAL,ENGAGED FINANCIAL,5.5e+07,0,0,0,0.000194733181667151
QUINCE CAPITAL,QUINCE CAPITAL,30383383,0,0,0.00266055588090287,0.000202835574682783
LONGREACH EDITH INVESTMENT COOPERATIEF UA,LONGREACH EDITH INVESTMENT COOPERATIEF UA,330180275,0,0,0,0.000244311828460719
GENIUS AUTO FINANCE,GENIUS AUTO FINANCE,531364291,0,0,0,0.000833521367946616
GLOBAL DIVERSIFIED INFRASTRUCTURE FUND,GLOBAL DIVERSIFIED INFRASTRUCTURE FUND,487576552,0,0,0,0.000201463547290803
TPB SPECIALTY FINANCE,TPB SPECIALTY FINANCE,7.5e+07,0,0,0,0.000216001878799202
FINANCIERE TOP MENDEL,FINANCIERE TOP MENDEL,2541746095,0,0,0,0.000251855564960887
STRATA FUND 36 HOLDCO,STRATA FUND 36 HOLDCO,53193730,0,0,0,0.000263928588130119
GLY EXPANSION SAS,GLY EXPANSION SAS,54168359,0,0,0,0.000427761324050246
RCD 8ELM,RCD 8ELM,499999999,0,0,0,0.000210847819899179
AZORRA EXPLORER FUNDING LIMITED,AZORRA EXPLORER FUNDING LIMITED,300000001,0,0,0,0.000199473121065936
EUROPEAN BEAUTY SERVICES SL,EUROPEAN BEAUTY SERVICES SL,18865173,0,0,0,0.00019469915982765
DEDALUS FINANCE GMBH,DEDALUS FINANCE GMBH,52084961,0,0,0,0.000194496079305963
MERCURIA ASIA GROUP HOLDINGS,MERCURIA ASIA GROUP HOLDINGS,3194329708,0,0,0.0231750745712447,0.00189719808354956
TPG TWIN BROOK CAPITAL INCOME FUND,TPG TWIN BROOK CAPITAL INCOME FUND,299999998,0,0,0.0339600432391969,0.000197172277425517
BEARGRASS WIND FUNDING,BEARGRASS WIND FUNDING,278669169,0,0,0,0.000212773493362838
ALLIANCE INTERNATIONAL DEVELOPMENT,ALLIANCE INTERNATIONAL DEVELOPMENT,122900004,0,0,0,0.000254114530625891
HANHUI INTERNATIONAL,HANHUI INTERNATIONAL,244394512,0,0,0,0.000228467748739708
SYMETRA FINANCIAL,SYMETRA FINANCIAL,3e+08,0,0,0.0119420314345911,0.000196723844173695
NATIONAL RURAL UTILITIES COOPERATIVE FINANCE,NATIONAL RURAL UTILITIES COOPERATIVE FINANCE,2800000002,0,0,0,0.000233292564538734
CRESCENT CAPITAL PARTNERS VII LP,CRESCENT CAPITAL PARTNERS VII LP,195030621,0,0,0,0.000281568947810984
BANKERS HALL GP,BANKERS HALL GP,191578346,0,0,0,0.000199067817371214
MERIDIAM FIBER FINANCE HOLDCO,MERIDIAM FIBER FINANCE HOLDCO,3.35e+08,0,0,0,0.000200187020539463
FIERA DIVERSIFIED LENDING FUND,FIERA DIVERSIFIED LENDING FUND,143061516,0,0,0,0.000198698716645183
VAKIF,VAKIF,1634986199,0,0,0.0674297947199606,0.0015525716260222
DIRECT LENDING FUND III LP,DIRECT LENDING FUND III LP,1e+08,0,0,0,0.000238748432170642
FAR EAST HORIZON TIANJIN FINANCIAL LEASING,FAR EAST HORIZON TIANJIN FINANCIAL LEASING,145607620,0,0,0,0.000255649866598749
KINDERHOOK CAPITAL FUND 7 LP,KINDERHOOK CAPITAL FUND 7 LP,5.5e+08,0,0,0,0.00022704475119872
DLI INVESTMENTS III LP,DLI INVESTMENTS III LP,7.5e+07,0,0,0,0.000227624857866352
PSD INVESTMENT,PSD INVESTMENT,6.91e+08,0,0,0,0.000236932207000982
LONDON STOCK EXCHANGE GROUP,LONDON STOCK EXCHANGE GROUP,2412220242,0,0,0.0769302890713112,0.000237181143428177
GLOBAL BLUE,GLOBAL BLUE,737002200,0,0,0.0170851422611117,0.000199428403787298
FUNDING NO 1 PTY,FUNDING NO 1 PTY,265241642,0,0,0,0.000197788383372605
TMX GROUP,TMX GROUP,1286123033,0,0,0,0.000215280466502234
ENFRAGEN ENERGIA SUR,ENFRAGEN ENERGIA SUR,1.05e+09,0,0,0,0.000208662171952035
LHS ACQUISITION,LHS ACQUISITION,133500000,0,0,0,0.000247948314958083
FOUNDERS GROUP,FOUNDERS GROUP,85836910,0,0,0,0.000195236009942082
SUZHOU WUJIANG HUAGANGWAN CITY INVESTMENT,SUZHOU WUJIANG HUAGANGWAN CITY INVESTMENT,1656200400,0,0,0,0.000211064209246208
QNB BANK AS,QNB BANK AS,849372935,0,0,0.0334514917328492,0.000906363218480826
WESTERN UNION,WESTERN UNION,2049999997,0,0,0.0580884097722725,0.000326961534536994
CLEAR STREET,CLEAR STREET,3.15e+08,0,0,0,0.000351410622421902
ANQING YIJIANG INDUSTRIAL INVESTMENT,ANQING YIJIANG INDUSTRIAL INVESTMENT,34504175,0,0,0,0.000197382678568989
AXIOM EDUCATION VICTORIA FINANCE PTY,AXIOM EDUCATION VICTORIA FINANCE PTY,57222053,0,0,0,0.000195202542087463
JTC,JTC,416679688,0,0,0.0192611982001351,0.000372797909255863
MWOF I FINANCE PTY,MWOF I FINANCE PTY,357556135,0,0,0,0.000213655056936768
MADISON CAPITAL FUNDING,MADISON CAPITAL FUNDING,4e+08,0,0,0,0.000199085416850942
COPENHAGEN INFRASTRUCTURE IV KS,COPENHAGEN INFRASTRUCTURE IV KS,520849610,0,0,0,0.000220462686564384
CNA FINANCIAL,CNA FINANCIAL,2.5e+08,0,0,0.0168092474974103,0.000199532859974383
PARIS REALTY FUND,PARIS REALTY FUND,93752931,0,0,0,0.000292220354415649
CI FINANCIAL,CI FINANCIAL,572246065,0,0,0,0.000236323276429734
CPCI FUNDING SPV,CPCI FUNDING SPV,1.5e+08,0,0,0,0.000213531983340549
LHIL FINANCE,LHIL FINANCE,1605529220,0,0,0,0.000237670320548621
NORTH BLOCK SPRING STREET DEVELOPMENT,NORTH BLOCK SPRING STREET DEVELOPMENT,1.78e+08,0,0,0,0.000195803954308639
JP FUNDING II,JP FUNDING II,65223888,0,0,0,0.000251038566509962
MERT AVIATION FINANCE 1 SAS,MERT AVIATION FINANCE 1 SAS,510432618,0,0,0.0452496810134724,0.000197268849774035
TAIPING FINANCIAL HOLDINGS,TAIPING FINANCIAL HOLDINGS,51386801,0,0,0,0.000196043247240821
NORTHLEAF ESSENTIAL INFRASTRACTURE FUND,NORTHLEAF ESSENTIAL INFRASTRACTURE FUND,3e+08,0,0,0,0.000209824582467433
MUNNA CREEK SF FINANCE PTY,MUNNA CREEK SF FINANCE PTY,112376625,0,0,0,0.000196050518986968
OLD MUTUAL FINANCE,OLD MUTUAL FINANCE,185062425,0,0,0.02272142766932,0.000237038870974192
KAYNE ANDERSON CAPITAL ADVISORS LP,KAYNE ANDERSON CAPITAL ADVISORS LP,274999999,0,0,0,0.000324214120313755
WUYI COUNTY TONGCHUAN CONSTRUCTION INVESTMENT,WUYI COUNTY TONGCHUAN CONSTRUCTION INVESTMENT,120074528,0,0,0,0.000195374057078328
VALMY FINANCEMENT,VALMY FINANCEMENT,637244823,0,0,0,0.000442726181326708
MMR FINANCE,MMR FINANCE,5e+08,0,0,0,0.000200141268495697
STEVEDORING TOWBOAT INVESTMENTS,STEVEDORING TOWBOAT INVESTMENTS,3.15e+08,0,0,0,0.000230818943802582
BEAUMONT CANYON FINANCE,BEAUMONT CANYON FINANCE,266952593,0,0,0,0.000207976583477817
STAR ENTERTAINMENT FINANCE,STAR ENTERTAINMENT FINANCE,292545936,0,0,0,0.00145865661853706
CQRC FINANCIAL LEASING,CQRC FINANCIAL LEASING,138016701,0,0,0,0.000363647748662816
TBC BANKI SS,TBC BANKI SS,260424803,0,0,0,0.00068999302726205
PIQUE BIDCO SLU,PIQUE BIDCO SLU,477879516,0,0,0.012054956855263,0.000378531250800525
FINLEY SOLAR FINANCE PTY,FINLEY SOLAR FINANCE PTY,79884540,0,0,0,0.000195444483568125
ENERGOS DYNO FINANCE,ENERGOS DYNO FINANCE,772000002,0,0,0,0.000485312374262072
OFTO SUPERHOLDCO,OFTO SUPERHOLDCO,292800000,0,0,0,0.000206706060047563
GOOD FINANCE SECURITIES,GOOD FINANCE SECURITIES,46067380,0,0,0,0.000205069942905632
GLOBAL IME BANK,GLOBAL IME BANK,5.6e+07,0,0,0,0.00020895854336222
MILLENAIRE FINANCEMENT 29 SAS,MILLENAIRE FINANCEMENT 29 SAS,132167578,0,0,0,0.000194868077989324
HAUSSMANN FINANCEMENT 11 SAS,HAUSSMANN FINANCEMENT 11 SAS,132167578,0,0,0,0.000194868077989324
STERLING VALUE ADD INVESTMENTS III,STERLING VALUE ADD INVESTMENTS III,1.04e+08,0,0,0,0.000194797333600153
FNZ UK FINCO,FNZ UK FINCO,2153850159,0,0,0,0.000216125781172795
GOLDEN HORIZON PORTFOLIO HOLDINGS,GOLDEN HORIZON PORTFOLIO HOLDINGS,3.79e+08,0,0,0,0.000200286065530022
INVENERGY RENEWABLES FINANCE NORTH AMERICA,INVENERGY RENEWABLES FINANCE NORTH AMERICA,6.5e+08,0,0,0,0.000301274290240175
HEICO COMPANIES,HEICO COMPANIES,3.8e+08,0,0,0,0.000200288327402379
FENGATE INFRASTRUCTURE YIELD SUBFUND LP,FENGATE INFRASTRUCTURE YIELD SUBFUND LP,278969958,0,0,0,0.000213293641249139
KAYNE ANDERSON BDC FINANCING,KAYNE ANDERSON BDC FINANCING,7.5e+08,0,0,0,0.000318297229081946
ASTRO SOLAR HOLDINGS 1,ASTRO SOLAR HOLDINGS 1,347699999,0,0,0,0.00022014771658157
ASHER PORTFOLIO,ASHER PORTFOLIO,5.85e+08,0,0,0,0.000246631773254704
INVESTCORP SAUDI PREIPO GROWTH FUND,INVESTCORP SAUDI PREIPO GROWTH FUND,3e+07,0,0,0,0.000196160864664153
SEATRIUM FINANCIAL SERVICES PTE,SEATRIUM FINANCIAL SERVICES PTE,1039964342,0,0,0,0.000233276826782532
GUO JYU INVESTMENT,GUO JYU INVESTMENT,491385400,0,0,0,0.000221335624669388
SUZHOU LUDUAN INTELLIGENT INDUSTRY INVESTMENT,SUZHOU LUDUAN INTELLIGENT INDUSTRY INVESTMENT,910910220,0,0,0,0.000271014380786817
KIMCO REALTY OP,KIMCO REALTY OP,5.5e+08,0,0,0,0.000200268796534527
SCULPTOR REAL ESTATE,SCULPTOR REAL ESTATE,5.5e+08,0,0,0,0.000232135516539842
MILEWAY UK HOLDCO IV,MILEWAY UK HOLDCO IV,5208496096,0,0,0.142541720720308,0.00024011522499986
YTL UTILITIES FINANCE 4,YTL UTILITIES FINANCE 4,149999999,0,0,0,0.00025989399108019
PROLOGIS MANAGEMENT II RL,PROLOGIS MANAGEMENT II RL,1041699218,0,0,0,0.000213069834606584
RICH GOLD CAPITAL,RICH GOLD CAPITAL,244999999,0,0,0,0.000243845595598746
HDFC CREDILA FINANCIAL SERVICES,HDFC CREDILA FINANCIAL SERVICES,712000004,0,0,0.0180895521526263,0.00034956177784046
DELPHI FINANCIAL GROUP,DELPHI FINANCIAL GROUP,7.5e+08,0,0,0,0.000236177431296309
PING AN DIAN CHUANG INTERNATIONAL FINANCIAL LEASING,PING AN DIAN CHUANG INTERNATIONAL FINANCIAL LEASING,138016697,0,0,0,0.000217906387971105
STAR INVESTMENT,STAR INVESTMENT,63090129,0,0,0,0.000361724085576151
FORTUNE AUTO FINANCE,FORTUNE AUTO FINANCE,62107516,0,0,0,0.000206287446397451
CAIXABANK EQUIPMENT FINANCE,CAIXABANK EQUIPMENT FINANCE,52084961,0,0,0,0.000195568726191988
CIVC PARTNERS FUND VII LP,CIVC PARTNERS FUND VII LP,1e+08,0,0,0,0.000216451647077715
LVNV FUNDING,LVNV FUNDING,519999998,0,0,0,0.00026139135769988
PROTIUM FINANCE,PROTIUM FINANCE,3.3e+07,0,0,0,0.000209896815423818
QIDONG URBAN INVESTMENT ASSET MANAGEMENT,QIDONG URBAN INVESTMENT ASSET MANAGEMENT,187702712,0,0,0,0.000196362414256131
WEX,WEX,3902345004,0,0,0.107142539301049,0.000821532866417827
ION CORPORATES INVESTMENT GROUP,ION CORPORATES INVESTMENT GROUP,678647461,0,0,0.0228990460481774,0.000199378917378353
CHERY HUIYIN MOTOR FINANCE SERVICE,CHERY HUIYIN MOTOR FINANCE SERVICE,393347599,0,0,0,0.000439563652470155
LOVELL MINNICK EQUITY PARTNERS VI LP,LOVELL MINNICK EQUITY PARTNERS VI LP,3e+08,0,0,0,0.000222489995089127
ZENITH BANK,ZENITH BANK,119999997,0,0,0,0.000729768452742861
YUNFENG FINANCIAL GROUP,YUNFENG FINANCIAL GROUP,179853804,0,0,0,0.000314547420057168
SBA SENIOR FINANCE II,SBA SENIOR FINANCE II,6044000001,0,0,0.432955370110394,0.000235090078803098
AGROBANK AKB,AGROBANK AKB,87999996,0,0,0.000372147991026078,0.00061407211708726
OAK HILL ADVISORS LP,OAK HILL ADVISORS LP,500000001,0,0,0,0.000212732657202123
LONE STAR FUND X LP,LONE STAR FUND X LP,199999998,0,0,0,0.000196289261182547
BEIJING KAIYUANHEAN INVESTMENT MANAGEMENT,BEIJING KAIYUANHEAN INVESTMENT MANAGEMENT,193223380,0,0,0,0.000197793698162553
OPI WF BORROWER,OPI WF BORROWER,424999999,0,0,0.0108646364187609,0.000345221970447052
BRIGHT EVENT BUYER,BRIGHT EVENT BUYER,190000002,0,0,0,0.000235837188424049
RAM ESSENTIAL SERVICES PROPERTY FUND,RAM ESSENTIAL SERVICES PROPERTY FUND,221034704,0,0,0,0.000197558470118383
CAMELOT FINANCE LP,CAMELOT FINANCE LP,2850000001,0,0,0.285280142387074,0.000219562606222855
WINDAR CORPORATE SL,WINDAR CORPORATE SL,296884276,0,0,0,0.000207054112354236
LOCKMASTERS SECURITY INTERMEDIATE,LOCKMASTERS SECURITY INTERMEDIATE,120500000,0,0,0,0.0002895449170493
TACALA INVESTMENT,TACALA INVESTMENT,778187500,0,0,0,0.00022208014984505
GAOYOU YUFENG ASSET MANAGEMENT,GAOYOU YUFENG ASSET MANAGEMENT,99372024,0,0,0,0.000359648494731535
BCG CHINASTAR INTERNATIONAL INVESTMENT,BCG CHINASTAR INTERNATIONAL INVESTMENT,3e+08,0,0,0,0.000217255912981387
FRANKLIN TEMPLETON FUNDS,FRANKLIN TEMPLETON FUNDS,2.675e+09,0,0,0.257133202158293,0.000249736886005302
WUXI DONGJINHONG INVESTMENT MANAGEMENT,WUXI DONGJINHONG INVESTMENT MANAGEMENT,236008557,0,0,0,0.000195607089793953
ADIRA DINAMIKA MULTI FINANCE TBK PT,ADIRA DINAMIKA MULTI FINANCE TBK PT,3e+08,0,0,0,0.000260942066741791
MF1 REIT III,MF1 REIT III,5e+08,0,0,0,0.000222498301047265
LT FINANCE,LT FINANCE,1.25e+08,0,0,0,0.000214265343380469
YANGZHOU ANKANG INDUSTRIAL INVESTMENT,YANGZHOU ANKANG INDUSTRIAL INVESTMENT,107653026,0,0,0,0.000202627901988064
QUANJIAO QUANXIN URBAN INVESTMENT DEVELOPMENT GROUP,QUANJIAO QUANXIN URBAN INVESTMENT DEVELOPMENT GROUP,165620041,0,0,0,0.000202712020571406
CMC INVESTMENTS I,CMC INVESTMENTS I,4e+07,0,0,0.00457604676516676,0.000204579608164525
FINANCIERE OUI CARE,FINANCIERE OUI CARE,44793064,0,0,0,0.000222310120515951
TIMBERCREEK FINANCIAL,TIMBERCREEK FINANCIAL,364806870,0,0,0,0.000263755304786177
TARANIS INVESTMENT,TARANIS INVESTMENT,31250975,0,0,0,0.000367290903803052
SUZANO INTERNATIONAL FINANCE BV,SUZANO INTERNATIONAL FINANCE BV,780000002,0,0,0,0.000245160840708487
STRATA FUND 37 HOLDCO,STRATA FUND 37 HOLDCO,559268737,0,0,0,0.000468914121303615
YANCHENG YANNAN HIGH TECH ZONE URBAN INDUSTRY DEVELOPMENT,YANCHENG YANNAN HIGH TECH ZONE URBAN INDUSTRY DEVELOPMENT,27603340,0,0,0,0.000359447467736553
TPG GROWTH VI LP,TPG GROWTH VI LP,1000000001,0,0,0.00579548550231993,0.000210378340972298
DIAMOND ACQUISITIONCO,DIAMOND ACQUISITIONCO,7.5e+07,0,0,0,0.000202259511171955
ANDALUSIAN CREDIT COMPANY,ANDALUSIAN CREDIT COMPANY,7.5e+07,0,0,0,0.000195182053566703
NORSAD CAPITAL,NORSAD CAPITAL,15467904,0,0,0,0.000246590188172926
TG PORTFOLIO FINANCE,TG PORTFOLIO FINANCE,650000001,0,0,0.017345907001685,0.000200268812089724
URBAN GRID PARTNERSHIP 2 DEVELOPMENT FUNDCO,URBAN GRID PARTNERSHIP 2 DEVELOPMENT FUNDCO,92349999,0,0,0,0.000195015621591271
LYNX BUYER,LYNX BUYER,1.2e+08,0,0,0,0.000281555862323517
ROLAND HOLDING SAS,ROLAND HOLDING SAS,61772765,0,0,0,0.000248760865040254
NETWORK MERCHANTS,NETWORK MERCHANTS,518104999,0,0,0.0768873563118097,0.000577930482705299
TILLMAN NETWORK FINANCING III,TILLMAN NETWORK FINANCING III,4e+07,0,0,0,0.000194805642762915
REALTY VALUE FUND X LP,REALTY VALUE FUND X LP,3e+08,0,0,0,0.00019973226155766
FIDELITY NATIONAL FINANCIAL,FIDELITY NATIONAL FINANCIAL,799999998,0,0,0.0211316255838029,0.000317881644281371
NORTHLEAF PRIVATE EQUITY INVESTORS VIII LP,NORTHLEAF PRIVATE EQUITY INVESTORS VIII LP,71530758,0,0,0,0.000197113329901814
LIAOXI INVESTMENT DEVELOPMENT,LIAOXI INVESTMENT DEVELOPMENT,345041749,0,0,0,0.000857030418544916
TRIDENT ROYALTIES,TRIDENT ROYALTIES,4e+07,0,0,0,0.000194689818740014
BCJ80,BCJ80,142173968,0,0,0,0.000289914780073169
KAYNE DL 2021,KAYNE DL 2021,2.5e+07,0,0,0,0.000196386943279671
KAYNE ANDERSON ENERGY INFRASTRUCTURE FUND,KAYNE ANDERSON ENERGY INFRASTRUCTURE FUND,1.35e+08,0,0,0,0.000196902120407446
ONSLOW PROPCO HOLDINGS,ONSLOW PROPCO HOLDINGS,13800000,0,0,0,0.000196053193310209
AMERICAN HONDA FINANCE,AMERICAN HONDA FINANCE,6999999996,0,0,0.484551720049868,0.000261339275418811
FPG HOLDINGS PTY,FPG HOLDINGS PTY,292785326,0,0,0.0101771092942201,0.000428602791117774
BAIN CAPITAL JAPAN MIDDLE MARKET FUND LP,BAIN CAPITAL JAPAN MIDDLE MARKET FUND LP,100168024,0,0,0,0.000196226375342646
THOMA BRAVO FUND XV LP,THOMA BRAVO FUND XV LP,4000000004,0,0,0.143652414877765,0.000236976696872187
FLYWIRE,FLYWIRE,1.25e+08,0,0,0.00924508621602651,0.000210612989508285
CANADIAN DERIVATIVES CLEARING,CANADIAN DERIVATIVES CLEARING,71530760,0,0,0,0.000197267231233891
COSTA GROUP CONSOLIDATED FINANCE PTY,COSTA GROUP CONSOLIDATED FINANCE PTY,487576548,0,0,0,0.0002595544820695
BERKSHIRE FUND X LP,BERKSHIRE FUND X LP,1.2e+09,0,0,0,0.000387679018746289
EDGECONNEX LATIN AMERICA FINANCE BV,EDGECONNEX LATIN AMERICA FINANCE BV,2e+08,0,0,0,0.000196084120521864
DIPULA INCOME FUND,DIPULA INCOME FUND,205943543,0,0,0.0263753919785475,0.000241759842729845
JOHN LAING GROUP,JOHN LAING GROUP,819286015,0,0,0,0.000338185027844622
PPL CAPITAL FUNDING,PPL CAPITAL FUNDING,1249999998,0,0,0,0.00020039342533453
TURBO ACQUISITION,TURBO ACQUISITION,138000002,0,0,0,0.000482268266705821
SOLAR PEPPER FINANCE,SOLAR PEPPER FINANCE,648690308,0,0,0,0.000208985231510429
YONKERS REALTY INTERMEDIARY HOLDINGS I,YONKERS REALTY INTERMEDIARY HOLDINGS I,95361000,0,0,0,0.000360754802000033
EMPEROR FINANCIAL MANAGEMENT,EMPEROR FINANCIAL MANAGEMENT,310890151,0,0,0,0.000379219167943177
HARTFORD FUNDS,HARTFORD FUNDS,3.5e+08,0,0,0.0647156035121855,0.000200701722021163
EMC PARENT GROUP,EMC PARENT GROUP,175000001,0,0,0,0.00019677949458332
KINGSETT URBAN INFILL PROPERTY FUND NO 1 LP,KINGSETT URBAN INFILL PROPERTY FUND NO 1 LP,185979971,0,0,0,0.000201116165290394
METRO SUPPLY CHAIN GROUP,METRO SUPPLY CHAIN GROUP,354077250,0,0,0,0.000321854467980474
MEGAWATT ACQUISITIONCO,MEGAWATT ACQUISITIONCO,1.6e+08,0,0,0,0.000368918592167589
YANGZHOU NEW GREEN ASSET MANAGEMENT INVESTMENT DEVELOPMENT,YANGZHOU NEW GREEN ASSET MANAGEMENT INVESTMENT DEVELOPMENT,176661376,0,0,0,0.00019749030705191
BUNGE FINANCE EUROPE BV,BUNGE FINANCE EUROPE BV,3500000010,0,0,0.0424938268088628,0.000608059458253523
JIANGSU YANCHENG PORT BINHAI INVESTMENT DEVELOPMENT,JIANGSU YANCHENG PORT BINHAI INVESTMENT DEVELOPMENT,75909186,0,0,0,0.000389586381424323
EATON VANCE MANAGEMENT,EATON VANCE MANAGEMENT,500000002,0,0,0.0632666635295008,0.000200702252306516
CABAZON FINANCE AUTHORITY,CABAZON FINANCE AUTHORITY,56633624,0,0,0,0.000585414883837368
GLOBAL BANK,GLOBAL BANK,212999998,0,0,0.00696463149280548,0.000301788390867692
PACT GROUP FINANCE PTY,PACT GROUP FINANCE PTY,477453542,0,0,0.00790241790723157,0.000253893825165609
CLIME FINANCE PRIVATE LIMITED,CLIME FINANCE PRIVATE LIMITED,1e+07,0,0,0,0.000196426714094411
RAM TAX LIEN FUND II LP,RAM TAX LIEN FUND II LP,7.5e+07,0,0,0,0.000198994121041393
CHARLESBANK EQUITY FUND X LP,CHARLESBANK EQUITY FUND X LP,700000001,0,0,0.0431437357980582,0.000213095200295549
SP RESIDENTIAL I,SP RESIDENTIAL I,111000001,0,0,0,0.000755238197129629
FREEPORT FIRST LIEN LOAN FUND VI LP,FREEPORT FIRST LIEN LOAN FUND VI LP,6.5e+07,0,0,0,0.000241760725263204
SBI ESTATE FINANCE,SBI ESTATE FINANCE,21972338,0,0,0,0.000243982125771864
TILLMAN NETWORKS FINANCING IV,TILLMAN NETWORKS FINANCING IV,4e+07,0,0,0,0.000194805642762915
RACKSPACE FINANCE,RACKSPACE FINANCE,1962000003,0,0,0.546607970030204,0.000222261166911654
EMPOWER PAYMENTS INVESTOR,EMPOWER PAYMENTS INVESTOR,6.45e+08,0,0,0.0530293170513896,0.000257844539164279
BLACKHAWK NETWORK HOLDINGS,BLACKHAWK NETWORK HOLDINGS,2299999998,0,0,0.0684369475006487,0.000210828404947402
ICBC FINANCIAL LEASING,ICBC FINANCIAL LEASING,4.8e+08,0,0,0,0.000379510927861164
ARK INVESTMENT MANAGEMENT,ARK INVESTMENT MANAGEMENT,119999999,0,0,0,0.000356523918664146
DAN S MOUNTAIN CLASS B HOLDCO,DAN S MOUNTAIN CLASS B HOLDCO,174077487,0,0,0,0.000196135419042432
KA FINANZ IA,KA FINANZ IA,104169922,0,0,0,0.000318672198905286
TBEA TECHNOLOGY INVESTMENT,TBEA TECHNOLOGY INVESTMENT,1104133600,0,0,0,0.00021254195533636
MFS FUNDS,MFS FUNDS,1450000002,0,0,0.0893691668781907,0.000209557579273673
LWR INVESTMENT PROPERTY,LWR INVESTMENT PROPERTY,5.8e+07,0,0,0,0.00035986147901881
ICE USA INFRASTRUCTURE,ICE USA INFRASTRUCTURE,8e+07,0,0,0,0.000289930252995099
DIOTSIACI BIDCO,DIOTSIACI BIDCO,312509768,0,0,0.0144458987425522,0.000208215973280608
AXIUM METROPISTAS HOLDCO,AXIUM METROPISTAS HOLDCO,103471118,0,0,0,0.000195496674168263
PENFUND CAPITAL FUND VII LP,PENFUND CAPITAL FUND VII LP,242846925,0,0,0,0.000202880497845986
CINDA FINANCIAL LEASING,CINDA FINANCIAL LEASING,253950730,0,0,0,0.000268279459650754
TRAFIGURA FUNDING,TRAFIGURA FUNDING,797789840,0,0,0,0.000253540319190154
JICC02,JICC02,2843479387,0,0,0,0.000253333493053776
WICKES FINANCE,WICKES FINANCE,100248112,0,0,0,0.000198283190436659
VOLKSWAGEN FINANCIAL SERVICES OVERSEAS,VOLKSWAGEN FINANCIAL SERVICES OVERSEAS,6250195333,0,0,0.0797015099594364,0.000335406521894625
AEW SARL,AEW SARL,151367230,0,0,0,0.000195479752034829
NEDDLEBAY SL,NEDDLEBAY SL,113545215,0,0,0,0.000199102752441336
SANDFIRE UK FINANCE,SANDFIRE UK FINANCE,2e+08,0,0,0.018490172432053,0.000196495827908316
BASEBALL FINANCE,BASEBALL FINANCE,400000005,0,0,0.00986142542036275,0.000248497225177493
BWP MANAGEMENT,BWP MANAGEMENT,48757654,0,0,0,0.000195199184330751
ACTIS CAPITAL,ACTIS CAPITAL,2.25e+08,0,0,0,0.000199296561566482
CAPITAL SOUTHWEST,CAPITAL SOUTHWEST,6.35e+08,0,0,0,0.000235503094577627
QINGDAO WEST COAST KANGYING CAPITAL MANAGEMENT,QINGDAO WEST COAST KANGYING CAPITAL MANAGEMENT,35746325,0,0,0,0.000194537324690224
CSC LEASING,CSC LEASING,149999998,0,0,0,0.000788809538263913
QINGDAO SHANGHE ZHONGCHUANG INDUSTRIAL INVESTMENT DEVELOPMENT,QINGDAO SHANGHE ZHONGCHUANG INDUSTRIAL INVESTMENT DEVELOPMENT,309157410,0,0,0,0.000650098039337046
LINEBACKER POWER FUNDING,LINEBACKER POWER FUNDING,480000003,0,0,0.0164721521862852,0.000263885796858072
FOUNTAINVEST CHINA CAPITAL PARTNERS FUND III LP,FOUNTAINVEST CHINA CAPITAL PARTNERS FUND III LP,2.6e+08,0,0,0,0.000195620301562942
AMUR CAPITAL CONSERVATIVE INCOME FUND,AMUR CAPITAL CONSERVATIVE INCOME FUND,221745349,0,0,0,0.000273546866697826
FIDELITY PURITAN TRUST,FIDELITY PURITAN TRUST,4249999998,0,0,0.261944109330816,0.000374577631891849
JAPAN SECURITIES FINANCE,JAPAN SECURITIES FINANCE,119555383,0,0,0,0.000255710284165377
JINING HONGXIN INVESTMENT MANAGEMENT,JINING HONGXIN INVESTMENT MANAGEMENT,138016700,0,0,0,0.00019524158448845
ACORN VELINDRE,ACORN VELINDRE,474447427,0,0,0,0.000377539542137966
I40 FUNDING,I40 FUNDING,1.2e+08,0,0,0,0.000232842809180405
ENCINITAS PROPERTY OWNER,ENCINITAS PROPERTY OWNER,77458113,0,0,0,0.000236201688323628
HAIER FINANCIAL LEASING,HAIER FINANCIAL LEASING,330549995,0,0,0,0.000568241174285653
ARGO MARINA INVESTORS,ARGO MARINA INVESTORS,3e+08,0,0,0,0.000204872484749139
SHORE CAPITAL INDUSTRIAL PARTNERS FUND I LP,SHORE CAPITAL INDUSTRIAL PARTNERS FUND I LP,1e+08,0,0,0,0.000195491359771109
DELIGHT OHIO RIVER,DELIGHT OHIO RIVER,71000001,0,0,0,0.000199370254045551
CLEARSTEAD ADVISORS,CLEARSTEAD ADVISORS,57152187,0,0,0,0.00021011472830106
ATLAS CAPITAL INVESTORS VI LP,ATLAS CAPITAL INVESTORS VI LP,1.5e+08,0,0,0,0.000226033048441721
MANAPPURAM FINANCE,MANAPPURAM FINANCE,5e+07,0,0,0,0.000195057123115691
ROCKEFELLER CAPITAL MANAGEMENT LP,ROCKEFELLER CAPITAL MANAGEMENT LP,849999999,0,0,0,0.000235286825211534
KVERVA AS,KVERVA AS,361320627,0,0,0,0.000221206445208621
COMPAGNIE FINANCIERE RICHEMONT,COMPAGNIE FINANCIERE RICHEMONT,2083398444,0,0,0.0815593081428228,0.000216420347155829
SIGNZONE HOLDINGS LP,SIGNZONE HOLDINGS LP,92500000,0,0,0,0.000249423292134177
CLIFFWATER CORPORATE LENDING FUND,CLIFFWATER CORPORATE LENDING FUND,3685000004,0,0,0,0.000612035913168912
HPS CORPORATE CAPITAL SOLUTIONS FUND,HPS CORPORATE CAPITAL SOLUTIONS FUND,500000001,0,0,0.0133963671599553,0.00020161285195354
AMUR CAPITAL INCOME FUND,AMUR CAPITAL INCOME FUND,221745352,0,0,0,0.000318586813094598
VESTEDA RESIDENTIAL FUNDING II BV,VESTEDA RESIDENTIAL FUNDING II BV,677104495,0,0,0,0.000213346045224984
VULCAIN ENGINEERING GROUP SAS,VULCAIN ENGINEERING GROUP SAS,260424802,0,0,0,0.000393425719905593
LPF EQUITIES FUND LP,LPF EQUITIES FUND LP,71530758,0,0,0,0.000196160599870935
CMI BALANCED MORTGAGE FUND,CMI BALANCED MORTGAGE FUND,64377682,0,0,0,0.000258472971028731
CRESCENT ENERGY FINANCE,CRESCENT ENERGY FINANCE,1299999998,0,0,0,0.000213759233649346
CPC FINANCE SAS,CPC FINANCE SAS,5416837,0,0,0,0.000194346900230134
QTS IRVING DC4,QTS IRVING DC4,948743330,0,0,0,0.000223289724422027
CRESCENT CRPTF INVESTMENT SPV,CRESCENT CRPTF INVESTMENT SPV,2.5e+08,0,0,0,0.000199222740283143
HUBEI FINANCIAL LEASING,HUBEI FINANCIAL LEASING,143537369,0,0,0,0.000242786208557812
TPG BD FINANCE LP,TPG BD FINANCE LP,1.5e+08,0,0,0,0.000195010957590862
ARES STRATEGIC INCOME FUND,ARES STRATEGIC INCOME FUND,1749999992,0,0,0.0225376570734587,0.00021387065602118
PRIVATE EXPORT FUNDING,PRIVATE EXPORT FUNDING,1000000001,0,0,0,0.000209945666248011
MONTEFIORE INVESTMENT V SLP,MONTEFIORE INVESTMENT V SLP,234382325,0,0,0,0.000537914685605736
THOMAS H LEE EQUITY FUND IX LP,THOMAS H LEE EQUITY FUND IX LP,1300000002,0,0,0.0858504591452603,0.000214455491182352
AECE INTERMEDIATECO 2,AECE INTERMEDIATECO 2,94500000,0,0,0,0.000197146400439987
FLOCK FINANCIAL,FLOCK FINANCIAL,9e+07,0,0,0,0.000214283112497323
LANDMARK EQUITY PARTNERS XV LP,LANDMARK EQUITY PARTNERS XV LP,3e+08,0,0,0,0.000195447640307043
AMLAK FINANCE PJSC,AMLAK FINANCE PJSC,230275425,0,0,0,0.000282096600429857
EXOLUM FINANCE,EXOLUM FINANCE,626550708,0,0,0,0.000361990163679424
HINUERA INVESTMENTS SL,HINUERA INVESTMENTS SL,234382327,0,0,0,0.000226957902910383
FIRST NATIONAL FINANCIAL,FIRST NATIONAL FINANCIAL,1072961372,0,0,0,0.00030438387391601
BANCO PROMERICA S A,BANCO PROMERICA S A,99999996,0,0,0.00405683971369142,0.00128645810132428
PAYLINK PAYMENT PLANS,PAYLINK PAYMENT PLANS,270000008,0,0,0,0.000626429497233134
CORTLAND ENHANCED VALUE FUND VI REIT,CORTLAND ENHANCED VALUE FUND VI REIT,2e+08,0,0,0,0.000443734010604143
CREONS QUALITE FINANCE ET DEVELOPPEMENT CQFD SAS,CREONS QUALITE FINANCE ET DEVELOPPEMENT CQFD SAS,9400000,0,0,0,0.000194341067135785
LONE STAR FUND XI LP,LONE STAR FUND XI LP,3.97e+08,0,0,0,0.000200957491557697
QINGDAO NORTH SHORE ENERGY STORAGE INDUSTRIAL PARK INVESTMENT DEVELOPMENT,QINGDAO NORTH SHORE ENERGY STORAGE INDUSTRIAL PARK INVESTMENT DEVELOPMENT,111669312,0,0,0,0.000279908937330695
SF HOLDING 3,SF HOLDING 3,889999996,0,0,0,0.000485078862296738
CHENGTAY FINANCIAL LEASING SHANGHAI,CHENGTAY FINANCIAL LEASING SHANGHAI,95231523,0,0,0,0.000254249445351103
ASSOCIATED SPRING US,ASSOCIATED SPRING US,148500002,0,0,0.0135096671026009,0.000919883008429406
DOWNTOWN MUSIC CAPITAL,DOWNTOWN MUSIC CAPITAL,1.2e+08,0,0,0,0.000268794568121264
LONE STAR REAL ESTATE FUND VII LP,LONE STAR REAL ESTATE FUND VII LP,1e+09,0,0,0,0.000214340003269756
WILLIS LEASE FINANCE,WILLIS LEASE FINANCE,1500000004,0,0,0,0.000354180912616774
STONEBRIAR COMMERCIAL FINANCE,STONEBRIAR COMMERCIAL FINANCE,2e+09,0,0,0,0.000199658565748702
NAVIGATOR FINANCIAL LEASING,NAVIGATOR FINANCIAL LEASING,46787660,0,0,0,0.000211598710334993
CMLS FINANCIAL,CMLS FINANCIAL,125178828,0,0,0,0.000220866380458881
HENGQIN HUATONG FINANCIAL LEASING,HENGQIN HUATONG FINANCIAL LEASING,46925680,0,0,0,0.000209648740935942
BANCO COOPERATIVO SICREDI SA,BANCO COOPERATIVO SICREDI SA,2.97e+08,0,0,0,0.000660537925904573
EVN FINANCE JSC,EVN FINANCE JSC,65000002,0,0,0,0.000198237085860681
KAPLAN ENGINE FINANCE SAS,KAPLAN ENGINE FINANCE SAS,28001808,0,0,0,0.000196812643915624
ROMSPEN MORTGAGE INVESTMENT FUND,ROMSPEN MORTGAGE INVESTMENT FUND,107296138,0,0,0,0.000389711856836705
PANCO FUND VI HOLDINGS LP,PANCO FUND VI HOLDINGS LP,249999999,0,0,0,0.000209731806940349
BAIN CAPITAL SPECIALTY FINANCE,BAIN CAPITAL SPECIALTY FINANCE,855000006,0,0,0.0243792896314176,0.000258106179906117
GALAXY INVESTMENTS II PTE,GALAXY INVESTMENTS II PTE,1e+08,0,0,0,0.00019739370265379
GROSVENOR CAPITAL MANAGEMENT LP,GROSVENOR CAPITAL MANAGEMENT LP,4.88e+08,0,0,0.0130565150647323,0.000198363583667767
RX HOLDCO,RX HOLDCO,79999999,0,0,0,0.000238721294271962
KEPPEL INFRASTRUCTURE FUND MANAGEMENT PTE,KEPPEL INFRASTRUCTURE FUND MANAGEMENT PTE,297132672,0,0,0,0.000200002695023014
FLORIDA RESIDENTIAL FUNDING,FLORIDA RESIDENTIAL FUNDING,600000002,0,0,0,0.000222770715414018
NICOLA PRIMARY MORTGAGE FUND,NICOLA PRIMARY MORTGAGE FUND,114999999,0,0,0,0.000198846010527615
ASG OPERATIONS,ASG OPERATIONS,5.7e+07,0,0,0,0.000194419359367013
MORRISON INFRASTRUCTURE PARTNERS MASTER FUND SCSP,MORRISON INFRASTRUCTURE PARTNERS MASTER FUND SCSP,3e+08,0,0,0,0.000200483393325284
FINANCIERE JAEGERTHAL,FINANCIERE JAEGERTHAL,111250000,0,0,0,0.00019495226269046
PCM FUND I LP,PCM FUND I LP,75107295,0,0,0,0.000197283836333857
MARINER,MARINER,786600001,0,0,0.0201667441239094,0.000226888047402786
ZHENJIANG DANTU DISTRICT ZHISHENG FUSION INDUSTRY INVESTMENT,ZHENJIANG DANTU DISTRICT ZHISHENG FUSION INDUSTRY INVESTMENT,138016701,0,0,0,0.000203036071232348
LIVEIN LEARNING FINANCE PTY,LIVEIN LEARNING FINANCE PTY,135457527,0,0,0,0.000195730263738837
SEA GAS INVESTMENTS PTY,SEA GAS INVESTMENTS PTY,197147020,0,0,0,0.000198414878468422
BAIN CAPITAL REAL ESTATE FUND III,BAIN CAPITAL REAL ESTATE FUND III,500000001,0,0,0,0.000208436296014221
CDP FINANCIAL,CDP FINANCIAL,4000000005,0,0,0.118526746539474,0.000399989682058793
NOVARTIS FINANCE,NOVARTIS FINANCE,6000000003,0,0,0.289743689886151,0.00023699835575681
MOORING CAPITAL FUND,MOORING CAPITAL FUND,1.5e+07,0,0,0,0.000207616472977333
PEOPLES TRUST,PEOPLES TRUST,5e+08,0,0,0,0.000199426807818677
EXCHANGERIGHT INCOME FUND OPERATING PARTNERSHIP LP,EXCHANGERIGHT INCOME FUND OPERATING PARTNERSHIP LP,1e+08,0,0,0,0.00019502261405587
EDELMAN FINANCIAL LP,EDELMAN FINANCIAL LP,2.736e+09,0,0,0.0710970530956117,0.000214052583148773
CRESTVIEW PARTNERS III LP,CRESTVIEW PARTNERS III LP,7.75e+08,0,0,0.0179660050571918,0.000209073444897296
PACIFIC ALLIANCE GROUP,PACIFIC ALLIANCE GROUP,751531968,0,0,0,0.000237170667576896
FUSION FUND,FUSION FUND,34542748,0,0,0,0.000205435950375056
CP FINANCE,CP FINANCE,648758368,0,0,0,0.000204898648395017
HOSPER MORTGAGE INVESTMENT,HOSPER MORTGAGE INVESTMENT,35765379,0,0,0,0.000194663098194971
RATCHET DEBT FINANCING,RATCHET DEBT FINANCING,220197500,0,0,0,0.000216755492657569
INTERCONTINENTAL EXCHANGE,INTERCONTINENTAL EXCHANGE,3900000002,0,0,0.144638766355168,0.00027194724270153
CENTURIA CAPITAL,CENTURIA CAPITAL,65010207,0,0,0,0.000359983868298816
TEX MIX PARTNERS,TEX MIX PARTNERS,2.88e+08,0,0,0,0.000196633301822591
WC FINANCING,WC FINANCING,439999998,0,0,0,0.000472002929619347
ACCED SAS,ACCED SAS,94169612,0,0,0,0.000265543613162556
PUMA INTERNATIONAL FINANCING,PUMA INTERNATIONAL FINANCING,775000001,0,0,0.0311385473879208,0.00183670127044127
WHEELOCK STREET REAL ESTATE FUND VII LP,WHEELOCK STREET REAL ESTATE FUND VII LP,1.35e+08,0,0,0,0.000219789205208639
KANATLIAT AIRCRAFT FINANCE,KANATLIAT AIRCRAFT FINANCE,105211620,0,0,0,0.000202186652938347
FENGATE INFRASTRUCTURE FUND IV LP,FENGATE INFRASTRUCTURE FUND IV LP,3e+08,0,0,0,0.000223049638168892
NOURYON FINANCE BV,NOURYON FINANCE BV,5675930059,0,0,0.299804182924569,0.00121692248917171
HOTELIER FINANCE,HOTELIER FINANCE,1221721204,0,0,0,0.000474744342907689
GGAM FINANCE,GGAM FINANCE,1199999998,0,0,0.0746776847685008,0.000207956213349193
PLATINUM EQUITY SMALL CAP FUND,PLATINUM EQUITY SMALL CAP FUND,421800000,0,0,0.0182142434507797,0.000196230606380326
HARBOURVEST GLOBAL PRIVATE EQUITY,HARBOURVEST GLOBAL PRIVATE EQUITY,1.2e+09,0,0,0.0739386168979966,0.00036349072672013
CALPINE CONSTRUCTION FINANCE COMPANY LP,CALPINE CONSTRUCTION FINANCE COMPANY LP,1875000002,0,0,0.0594291368242431,0.000211922384198912
QINGDAO HAITOU ASSET MANAGEMENT,QINGDAO HAITOU ASSET MANAGEMENT,62107516,0,0,0,0.000275333956192923
TEACHERS INSURANCE AND ANNUITY ASSOCIATION COLLEGE RETIREMENT EQUITIES FUND,TEACHERS INSURANCE AND ANNUITY ASSOCIATION COLLEGE RETIREMENT EQUITIES FUND,499999999,0,0,0.0406714264226064,0.000199415698273199
CARAT CAPITAL,CARAT CAPITAL,29167579,0,0,0,0.000198149537590445
ALLWORTH FINANCIAL GROUP LP,ALLWORTH FINANCIAL GROUP LP,769910116,0,0,0,0.000344628948173669
METRICS CREDIT PARTNERS DIVERSIFIED AUSTRALIAN SENIOR LOAN FUND,METRICS CREDIT PARTNERS DIVERSIFIED AUSTRALIAN SENIOR LOAN FUND,260040829,0,0,0,0.00021644650459622
HAIYINGKANG QINGDAO MEDICAL TECHNOLOGY,HAIYINGKANG QINGDAO MEDICAL TECHNOLOGY,1035125250,0,0,0,0.000202486531879661
DETERRA ROYALTIES,DETERRA ROYALTIES,187965214,0,0,0,0.00019483591218596
PAYPOINT,PAYPOINT,169168690,0,0,0,0.000209553667057444
FORESIGHT ENVIRONMENTAL INFRASTRUCTURE,FORESIGHT ENVIRONMENTAL INFRASTRUCTURE,250620287,0,0,0,0.000363138465740783
WESTERN WASTE ACQUISITION,WESTERN WASTE ACQUISITION,105837500,0,0,0,0.000200403636559742
COMVEST CREDIT PARTNERS EVERGREEN FUND LL SPV,COMVEST CREDIT PARTNERS EVERGREEN FUND LL SPV,1.25e+08,0,0,0,0.000213691300045167
WESTBROOK REAL ESTATE FUND XII LP,WESTBROOK REAL ESTATE FUND XII LP,2.3e+08,0,0,0,0.000239060802048623
LORD ABBETT,LORD ABBETT,99999999,0,0,0.00729790796512182,0.000194688385428529
NUVEEN INVESTMENTS,NUVEEN INVESTMENTS,2900000002,0,0,0.373161362250837,0.000239272488001137
CONTINENTAL 741 FUND,CONTINENTAL 741 FUND,4.9e+07,0,0,0,0.000249477306309668
WADSWORTH JUNCTION INVESTORS,WADSWORTH JUNCTION INVESTORS,4.6e+07,0,0,0,0.00021078479809753
INVESTA COMMERCIAL PROPERTY FUND,INVESTA COMMERCIAL PROPERTY FUND,390061242,0,0,0,0.000225307207958276
LONE STAR REAL ESTATE FUND VI LP,LONE STAR REAL ESTATE FUND VI LP,481999997,0,0,0,0.00022442770378153
HOMEEQUITY BANK,HOMEEQUITY BANK,107296140,0,0,0,0.000218421559210271
PLUS ULTRA TEXTILES SL,PLUS ULTRA TEXTILES SL,19792285,0,0,0,0.000524746206314011
BANCO BTG PACTUAL CHILE,BANCO BTG PACTUAL CHILE,180000003,0,0,0,0.000261308730546325
WARBURG PINCUS ASSET MANAGEMENT,WARBURG PINCUS ASSET MANAGEMENT,1.5e+08,0,0,0,0.000214603868025595
HAUSSMANN FINANCEMENT 12 SAS,HAUSSMANN FINANCEMENT 12 SAS,132167578,0,0,0,0.000196989278181076
HAUSSMANN FINANCEMENT 13 SAS,HAUSSMANN FINANCEMENT 13 SAS,132167578,0,0,0,0.000197589960433955
EASYINVEST 1,EASYINVEST 1,278133695,0,0,0,0.000233868932742582
CONTINENTAL 752 FUND,CONTINENTAL 752 FUND,40500000,0,0,0,0.000362847836455198
ING BANK AS,ING BANK AS,185233263,0,0,0.0102656766250489,0.000716923887049046
FINANCIERE BAYVET SAS,FINANCIERE BAYVET SAS,5416836,0,0,0,0.00019436264753933
ICE GROUP SAS,ICE GROUP SAS,26042480,0,0,0,0.000265900233576753
RAPFUND INVESTMENTS,RAPFUND INVESTMENTS,31432991,0,0,0,0.000196626793378558
LR STATESVILLE INVESTORS,LR STATESVILLE INVESTORS,5e+07,0,0,0,0.000695260731897048
LIONBRIDGE FINANCING LEASING CHINA,LIONBRIDGE FINANCING LEASING CHINA,62659580,0,0,0,0.000215784268797959
CANADA GUARANTY FINANCIAL,CANADA GUARANTY FINANCIAL,411301860,0,0,0,0.000207477764018632
KIDSTON SOLAR FINANCE PTY,KIDSTON SOLAR FINANCE PTY,105240606,0,0,0,0.000205324018248009
PRIVATE CREDIT FUND O FINANCE,PRIVATE CREDIT FUND O FINANCE,4.5e+08,0,0,0.0104318739041759,0.000240632223994671
PLATINUM EQUITY CAPITAL PARTNERS V LP,PLATINUM EQUITY CAPITAL PARTNERS V LP,5e+08,0,0,0,0.000208476544601982
CUB FINANCING INTERMEDIATE,CUB FINANCING INTERMEDIATE,3e+08,0,0,0,0.000210025766310288
RUSHMORE INVESTMENT III,RUSHMORE INVESTMENT III,1315000002,0,0,0.00930130427411669,0.000451505410125544
LEADER BRIGHT,LEADER BRIGHT,1008465972,0,0,0,0.000262446401967863
JANUS HENDERSON INVESTORS UK,JANUS HENDERSON INVESTORS UK,200000002,0,0,0.0135446540861001,0.000202475955967247
CARLYLE SKYLINE CREDIT FUND LP,CARLYLE SKYLINE CREDIT FUND LP,3e+08,0,0,0,0.000196313056136416
STRIPE,STRIPE,2499999999,0,0,0.178028969217475,0.000222722201272258
KKR GROUP,KKR GROUP,2.75e+09,0,0,0.121111787470865,0.000260626244028497
CYRUSONE US FUNDING,CYRUSONE US FUNDING,8.908e+09,0,0,0.114921225413962,0.000575346675523606
NATIONWIDE MUTUAL FUNDS,NATIONWIDE MUTUAL FUNDS,99999999,0,0,0.0133064346601009,0.000195375696290243
OILTANKING FINANCE BV,OILTANKING FINANCE BV,550000003,0,0,0,0.000209779470615912
CIP 2018 EQUITY INVESTOR,CIP 2018 EQUITY INVESTOR,24400000,0,0,0,0.000194433158323056
TA ASSOCIATES FUND XIV,TA ASSOCIATES FUND XIV,4e+08,0,0,0,0.000197389749760056
EUROPE REALTY FUND IV LP,EUROPE REALTY FUND IV LP,4e+08,0,0,0,0.000195845475424896
XIAMEN MUNICIPAL BAOYU INVESTMENT DEVELOPMENT,XIAMEN MUNICIPAL BAOYU INVESTMENT DEVELOPMENT,386446761,0,0,0,0.000202166784013035
STENA METALL FINANS PUBL AB,STENA METALL FINANS PUBL AB,90725989,0,0,0,0.000210076779981608
PIF FINANCING II SPV,PIF FINANCING II SPV,375000001,0,0,0,0.000269029640737803
QUESTRADE FINANCIAL GROUP,QUESTRADE FINANCIAL GROUP,572246067,0,0,0,0.000209910165116958
CARMEL PARTNERS INVESTMENT FUND IX LP,CARMEL PARTNERS INVESTMENT FUND IX LP,349999999,0,0,0,0.000198417848705202
ARES DENALI MEMBER,ARES DENALI MEMBER,588140000,0,0,0,0.00019868158259742
UES FINANCE II,UES FINANCE II,1.5e+08,0,0,0.022485729976479,0.000195377378604103
IFC DEVELOPMENT CORPORATE FINANCE,IFC DEVELOPMENT CORPORATE FINANCE,1477370533,0,0,0,0.000423072480435528
DB TERRA CHILE HOLDCO SPA,DB TERRA CHILE HOLDCO SPA,1.5e+07,0,0,0,0.000359463844503798
JOHN HANCOCK INVESTMENT MANAGEMENT DISTRIBUTORS,JOHN HANCOCK INVESTMENT MANAGEMENT DISTRIBUTORS,1e+09,0,0,0.18490172432053,0.000202702189227835
34TH STREET FUNDING,34TH STREET FUNDING,6.75e+08,0,0,0,0.000196343349354195
PRUDENTIAL FINANCIAL,PRUDENTIAL FINANCIAL,4000000001,0,0,0.182668471474807,0.000245702406390979
PAYSAFE PAYMENT PROCESSING SOLUTIONS,PAYSAFE PAYMENT PROCESSING SOLUTIONS,7.5e+07,0,0,0,0.000206064848843924
TOWERS INFRASTRUCTURE FINANCING PTY,TOWERS INFRASTRUCTURE FINANCING PTY,991405652,0,0,0,0.00026817363097275
EVOS FINANCE BV,EVOS FINANCE BV,464597856,0,0,0,0.000209296538624193
FINANCIERE VICTORIA FALLS SARL,FINANCIERE VICTORIA FALLS SARL,6.5e+08,0,0,0.0571995318234368,0.000716698914081054
CLIFFWATER ENHANCED LENDING FUND,CLIFFWATER ENHANCED LENDING FUND,1175000001,0,0,0,0.000382009735004039
CHIA TAI ANIMAL HUSBANDRY INVESTMENT BEIJING,CHIA TAI ANIMAL HUSBANDRY INVESTMENT BEIJING,2.8e+08,0,0,0,0.000209047870528405
HELLMAN FRIEDMAN CAPITAL PARTNERS X LP,HELLMAN FRIEDMAN CAPITAL PARTNERS X LP,3909999997,0,0,0.222977828919409,0.000327752358595337
ATLANTIC PARK STRATEGIC CAPITAL MASTER FUND II LP,ATLANTIC PARK STRATEGIC CAPITAL MASTER FUND II LP,7e+08,0,0,0,0.000209893604796407
SDG FINANCE I,SDG FINANCE I,3e+08,0,0,0,0.000226361050980059
YANKUANG GROUP HONG KONG,YANKUANG GROUP HONG KONG,701133080,0,0,0,0.000296148074361573
MANORGA GROUP SAS,MANORGA GROUP SAS,57293460,0,0,0,0.000251007818512255
HOLDING REPLAY SAS,HOLDING REPLAY SAS,45313916,0,0,0,0.000199661678045341
AMERICAN RESTORATION HOLDINGS,AMERICAN RESTORATION HOLDINGS,231500000,0,0,0.377133110056019,0.000372281477270837
CS 102 SAS,CS 102 SAS,17362270,0,0,0,0.00019433478593396
FINANCIERE VENDOME II SAS,FINANCIERE VENDOME II SAS,333343743,0,0,0,0.0012405773776212
NORTH HAVEN PRIVATE INCOME FUND A,NORTH HAVEN PRIVATE INCOME FUND A,289999997,0,0,0,0.000198670233917589
FORWARD FUND I LP,FORWARD FUND I LP,1e+08,0,0,0,0.000212742696420449
ALLIANCE FUNDING GROUP,ALLIANCE FUNDING GROUP,9999999,0,0,0,0.000194666780779411
LONE STAR REAL ESTATE FUND V LP,LONE STAR REAL ESTATE FUND V LP,168300000,0,0,0,0.000196176202333753
DAMEN FINANCE BV,DAMEN FINANCE BV,963988460,0,0,0,0.000545786078875312
CRITERIA CAIXA SAU,CRITERIA CAIXA SAU,1718803708,0,0,0.0163613105172141,0.000789773909477429
NUVEEN FLOATING RATE INCOME FUND,NUVEEN FLOATING RATE INCOME FUND,5.5e+08,0,0,0,0.000204162890054211
CROWN ASSET MANAGEMENT,CROWN ASSET MANAGEMENT,1.5e+08,0,0,0,0.000225331188653369
UGP3 FUNDCO,UGP3 FUNDCO,250774598,0,0,0,0.000203580036014197
EUROCLEAR BANK,EUROCLEAR BANK,3000000010,0,0,0,0.000540889056791443
ANTARES STRATEGIC CREDIT FUND,ANTARES STRATEGIC CREDIT FUND,674999999,0,0,0,0.000217756181004565
ASAKABANK AO,ASAKABANK AO,100000002,0,0,0.00202841997855089,0.000362128756197391
WORLDPAY,WORLDPAY,6720849611,0,0,0.415542577830815,0.00080416790861076
LPF MASTER INFRASTRUCTURE FUND LP,LPF MASTER INFRASTRUCTURE FUND LP,151287552,0,0,0,0.000212985924111282
KEYSTONE PRIVATE INCOME FUND,KEYSTONE PRIVATE INCOME FUND,2.75e+08,0,0,0,0.000220659545465134
PENFUND CAPITAL FUND VI LP,PENFUND CAPITAL FUND VI LP,244635195,0,0,0,0.000215291564225989
SINOPHARM HOLDING CHINA FINANCE LEASING,SINOPHARM HOLDING CHINA FINANCE LEASING,267752400,0,0,0,0.000283847515578906
SCAPE CORE FUND FINANCE,SCAPE CORE FUND FINANCE,260040825,0,0,0,0.00021975033225503
ELDRIDGE IP HOLDINGS,ELDRIDGE IP HOLDINGS,100000001,0,0,0,0.000216818530276939
HAMILTON LANE EQUITY OPPORTUNITIES FUND VIA LP,HAMILTON LANE EQUITY OPPORTUNITIES FUND VIA LP,3.5e+08,0,0,0,0.00019682209312357
PREMIERE REAL ESTATE HOLDINGS I,PREMIERE REAL ESTATE HOLDINGS I,69999999,0,0,0,0.000379429539742444
CLEARSTREAM BANKING SA,CLEARSTREAM BANKING SA,2999999997,0,0,0.0738245062397291,0.000521611063690122
VIRIDIAN HOLDINGS LP,VIRIDIAN HOLDINGS LP,449999998,0,0,0,0.000309061369878246
LONDON COMPANY OF VIRGINIA,LONDON COMPANY OF VIRGINIA,100000001,0,0,0,0.000209692121199326
VOLVO FINANCIAL LEASING CHINA,VOLVO FINANCIAL LEASING CHINA,89710856,0,0,0,0.000196815148368621
WESTBROOK REAL ESTATE FUND X LP,WESTBROOK REAL ESTATE FUND X LP,2.5e+07,0,0,0,0.000194324787572672
DOHERTY WEND HOLDCO,DOHERTY WEND HOLDCO,40500000,0,0,0,0.000197779860354906
GCP FINANCE 9,GCP FINANCE 9,4.95e+08,0,0,0.0206489979980716,0.000526233232210214
BANK MANDIRI TBK PT,BANK MANDIRI TBK PT,5e+08,0,0,0,0.00020534071052189
GE GETEC INFRASTRUCTURE FINANCE BV,GE GETEC INFRASTRUCTURE FINANCE BV,1999148788,0,0,0,0.000251205384632834
COATS GROUP FINANCE COMPANY,COATS GROUP FINANCE COMPANY,419999998,0,0,0.0208186158091973,0.000217295528541564
LOGAN RIDGE FINANCE,LOGAN RIDGE FINANCE,7.5e+07,0,0,0,0.000196136120894288
TALCOTT FINANCIAL GROUP GP,TALCOTT FINANCIAL GROUP GP,1219999997,0,0,0.037205104049159,0.000214562266560554
CONTINENTAL 737 FUND,CONTINENTAL 737 FUND,4.9e+07,0,0,0,0.00020164068968838
MOL GROUP FINANCE ZRT,MOL GROUP FINANCE ZRT,3e+08,0,0,0,0.000197099710028893
HAMKORBANK AKB,HAMKORBANK AKB,1e+08,0,0,0,0.000332277691631193
BBH CAPITAL PARTNERS VII LP,BBH CAPITAL PARTNERS VII LP,1.75e+08,0,0,0,0.000202737644693382
CV BORROWER,CV BORROWER,360000001,0,0,0,0.000360448457592739
ASIA LINK FINANCE,ASIA LINK FINANCE,1e+08,0,0,0,0.000198703395734763
KKR ALBERTA MIDSTREAM FINANCE,KKR ALBERTA MIDSTREAM FINANCE,145395255,0,0,0.345937632348121,0.000316564280178262
ACP VAULT ACQUISITION,ACP VAULT ACQUISITION,2.25e+08,0,0,0,0.000330812648417124
SHIFT4 PAYMENTS,SHIFT4 PAYMENTS,450000002,0,0,0.038784231107031,0.000198847737032352
US INNOVATIVE TECHNOLOGY FUND LP,US INNOVATIVE TECHNOLOGY FUND LP,1.3e+09,0,0,0,0.000203903773432201
CROSS FINANCIAL,CROSS FINANCIAL,9.42e+08,0,0,0,0.00038103112013398
1701 RC SARASOTA INVESTMENTS,1701 RC SARASOTA INVESTMENTS,35284692,0,0,0,0.000395014489058518
ANDANTE FINANCE COMPANY PTY LIMITED,ANDANTE FINANCE COMPANY PTY LIMITED,393700788,0,0,0,0.00019848878955131
CANADA PENSION PLAN INVESTMENT BOARD,CANADA PENSION PLAN INVESTMENT BOARD,3575561364,0,0,0,0.00022521863695698
JANNEY MONTGOMERY SCOTT,JANNEY MONTGOMERY SCOTT,1.55e+09,0,0,0.136526014967157,0.000239340706164473
BANKOMAT AB,BANKOMAT AB,381049155,0,0,0,0.000277683730188852
HALYK BANK AO,HALYK BANK AO,3e+08,0,0,0.036980344864106,0.000249920974314104
TRINCAP FUNDING,TRINCAP FUNDING,5.1e+08,0,0,0,0.000583389373004176
AEW PARTNERS REAL ESTATE FUND IX LP,AEW PARTNERS REAL ESTATE FUND IX LP,99999999,0,0,0,0.000195373206662636
LONGPOINT SPECIALTY GROCER FUND I LP,LONGPOINT SPECIALTY GROCER FUND I LP,1.5e+08,0,0,0,0.000196573141686655
SOLSTICE ENERGY FINANCE PTY,SOLSTICE ENERGY FINANCE PTY,176827761,0,0,0,0.000195880542448776
SCHWAB FUNDS SCHWAB ETFS,SCHWAB FUNDS SCHWAB ETFS,1.2e+09,0,0,0.443764138369272,0.000208472306427045
STELLA MMTS FINANCE PTY,STELLA MMTS FINANCE PTY,1218142366,0,0,0,0.000445944557939002
LONE STAR RESIDENTIAL MORTGAGE FUND III LP,LONE STAR RESIDENTIAL MORTGAGE FUND III LP,2.3e+08,0,0,0,0.000196402243711583
GUGGENHEIM FUNDS TRUST,GUGGENHEIM FUNDS TRUST,1.115e+09,0,0,0.206165422617391,0.000205068318723621
DRAGON BUYER,DRAGON BUYER,1199999996,0,0,0.04431016019424,0.000520395436713446
WALCO FUNDING,WALCO FUNDING,3e+08,0,0,0,0.000887066318072464
NEW MOUNTAIN FINANCE,NEW MOUNTAIN FINANCE,638499999,0,0,0.0130509238210723,0.000203647122497718
NELI US LP,NELI US LP,117500001,0,0,0,0.000195946929741566
MADISON CORE PROPERTY FUND LP,MADISON CORE PROPERTY FUND LP,150000001,0,0,0,0.000195205887049403
FOUNDRY SOUTH FLORIDA GATEWAY,FOUNDRY SOUTH FLORIDA GATEWAY,75310000,0,0,0,0.000468031095313535
THUNDER GENERATION FUNDING,THUNDER GENERATION FUNDING,1749999996,0,0,0.0858580170639324,0.000266774843666549
SSGA FUNDS MANAGEMENT,SSGA FUNDS MANAGEMENT,1.26e+09,0,0,0.14836265382559,0.000203755644900177
NUVEEN CHURCHILL DIRECT LENDING,NUVEEN CHURCHILL DIRECT LENDING,324999998,0,0,0.0107199343891932,0.000201909183272883
OAKTREE CAPITAL MANAGEMENT LP,OAKTREE CAPITAL MANAGEMENT LP,650000001,0,0,0,0.000201348825633012
OMERS FINANCE TRUST,OMERS FINANCE TRUST,3290414881,0,0,0.093600520804128,0.000263289184437248
TATA CAPITAL HOUSING FINANCE,TATA CAPITAL HOUSING FINANCE,5e+07,0,0,0,0.000224078656452938
CONTINENTAL 744 FUND,CONTINENTAL 744 FUND,54810000,0,0,0,0.000201359761260776
APOLLO DEBT SOLUTIONS BDC,APOLLO DEBT SOLUTIONS BDC,2740000005,0,0,0.0701369344761782,0.00023675222457793
ACG AIRCRAFT FINANCING IRELAND DAC,ACG AIRCRAFT FINANCING IRELAND DAC,1000000003,0,0,0,0.000342834778635384
MIDCAP FINANCIAL INVESTMENT,MIDCAP FINANCIAL INVESTMENT,1814999998,0,0,0,0.000414501305073854
PING AN INTERNATIONAL FINANCIAL LEASING,PING AN INTERNATIONAL FINANCIAL LEASING,148636421,0,0,0,0.000236511819283609
PIRAMAL CAPITAL HOUSING FINANCE,PIRAMAL CAPITAL HOUSING FINANCE,120499998,0,0,0,0.00049162140606185
YUHOSHA ADVERTISING,YUHOSHA ADVERTISING,5816208,0,0,0,0.000197255209302834
EATON VANCE FUNDS,EATON VANCE FUNDS,6.5e+08,0,0,0.120186120808345,0.000199745370231812
OPORTUN FINANCIAL,OPORTUN FINANCIAL,2.35e+08,0,0,0,0.000283454740601665
COLUMBIA FUNDS,COLUMBIA FUNDS,9e+08,0,0,0.0738848889106004,0.000199139981106138
ARAX MIDCO,ARAX MIDCO,290100000,0,0,0,0.000373632506235495
PRA GROUP EUROPE HOLDING SARL,PRA GROUP EUROPE HOLDING SARL,7.25e+08,0,0,0,0.000283004357258435
LS PROPERTY FINANCE COMPANY,LS PROPERTY FINANCE COMPANY,2819478210,0,0,0,0.000393671876425766
SECURIAN FINANCIAL GROUP,SECURIAN FINANCIAL GROUP,2e+08,0,0,0,0.000199044022323737
COOPER ENERGY PTY,COOPER ENERGY PTY,273042864,0,0,0,0.000204219876461543
ANNAPURNA FINANCE PVT,ANNAPURNA FINANCE PVT,109500000,0,0,0.00294076227384015,0.000805502972305294
UDON KK,UDON KK,255266899,0,0,0,0.000197773677160675
RUEN CHEN INVESTMENT HOLDING,RUEN CHEN INVESTMENT HOLDING,583520161,0,0,0,0.000234510400397442
GEN II FUND SERVICES,GEN II FUND SERVICES,6.75e+08,0,0,0.0753405640176208,0.000200710905333524
UNIPROP MANUFACTURED HOUSING COMMUNITIES INCOME FUND A MICHIGAN LP,UNIPROP MANUFACTURED HOUSING COMMUNITIES INCOME FUND A MICHIGAN LP,33500000,0,0,0,0.000224336379658934
PREMISTA,PREMISTA,4791817,0,0,0,0.000203378953294354
TPIF LP,TPIF LP,81451592,0,0,0,0.000194705238263196
CHINA HUARONG FINANCIAL LEASING,CHINA HUARONG FINANCIAL LEASING,211165548,0,0,0,0.000746544378095683
BROOKFIELD SUPERCORE INFRASTRUCTURE PARTNERS LP,BROOKFIELD SUPERCORE INFRASTRUCTURE PARTNERS LP,600000001,0,0,0,0.000200827428226847
ARISTOTLE FUNDS SERIES TRUST,ARISTOTLE FUNDS SERIES TRUST,2.25e+08,0,0,0.0149697391423109,0.000200492380151811
